De;Vers;Km;Minutes
1186 ST QUENTIN SCHUMANN SUPER;1186 ST QUENTIN SCHUMANN SUPER;0;0
1186 ST QUENTIN SCHUMANN SUPER;BEAUVAIS;138;150
1186 ST QUENTIN SCHUMANN SUPER;CAMBRAI;53;60
1186 ST QUENTIN SCHUMANN SUPER;CHRONO COMPIEGNE 4345;76;90
1186 ST QUENTIN SCHUMANN SUPER;DOUAI;69;75
1186 ST QUENTIN SCHUMANN SUPER;DRIVE CAMBRAI;53;60
1186 ST QUENTIN SCHUMANN SUPER;DRIVE DOUAI;69;75
1186 ST QUENTIN SCHUMANN SUPER;DRIVE LEERS;120;120
1186 ST QUENTIN SCHUMANN SUPER;DRIVE RONCQ;123;135
1186 ST QUENTIN SCHUMANN SUPER;DRIVE ST QUENTIN;5;15
1186 ST QUENTIN SCHUMANN SUPER;DURY;82;90
1186 ST QUENTIN SCHUMANN SUPER;ENT AMIENS BINAT;85;90
1186 ST QUENTIN SCHUMANN SUPER;ENT AMIENS SAINT SAUVEUR FLEG;91;105
1186 ST QUENTIN SCHUMANN SUPER;ENT AMIENS SAINT SAUVEUR PF;91;105
1186 ST QUENTIN SCHUMANN SUPER;ENT AMIENS SUPER POULAINVILLE PGC;86;90
1186 ST QUENTIN SCHUMANN SUPER;ENT CARVIN FL;92;105
1186 ST QUENTIN SCHUMANN SUPER;ENT CARVIN PF;92;105
1186 ST QUENTIN SCHUMANN SUPER;ENT IENA;103;105
1186 ST QUENTIN SCHUMANN SUPER;ENT SAINGHIN1;107;120
1186 ST QUENTIN SCHUMANN SUPER;ENT SOCOPAL DIEPPE;168;180
1186 ST QUENTIN SCHUMANN SUPER;HIRSON;68;75
1186 ST QUENTIN SCHUMANN SUPER;LEERS;120;120
1186 ST QUENTIN SCHUMANN SUPER;MERU;164;165
1186 ST QUENTIN SCHUMANN SUPER;NOGENT SUR OISE;109;120
1186 ST QUENTIN SCHUMANN SUPER;NOYELLES GODAULT;81;90
1186 ST QUENTIN SCHUMANN SUPER;NOYON;50;60
1186 ST QUENTIN SCHUMANN SUPER;RONCQ;123;135
1186 ST QUENTIN SCHUMANN SUPER;SOCOPAL;168;180
1186 ST QUENTIN SCHUMANN SUPER;VILLENEUVE 2;108;120
1186 ST QUENTIN SCHUMANN SUPER;VIRY NOUREUIL;29;30
1267 CALAIS DELAROCHE SUPER;1267 CALAIS DELAROCHE SUPER;0;0
1267 CALAIS DELAROCHE SUPER;4926 BILLY BERCLAU SUPER;106;120
1267 CALAIS DELAROCHE SUPER;AUCHAN CITY TOURCOING;121;135
1267 CALAIS DELAROCHE SUPER;BOULOGNE;39;45
1267 CALAIS DELAROCHE SUPER;CALAIS;5;15
1267 CALAIS DELAROCHE SUPER;CHRONO COMPIEGNE 4345;215;225
1267 CALAIS DELAROCHE SUPER;CHRONO COUDEKERQUE 4242;44;45
1267 CALAIS DELAROCHE SUPER;CHRONO HALLENNES 4167;101;105
1267 CALAIS DELAROCHE SUPER;DRIVE BOULOGNE;37;45
1267 CALAIS DELAROCHE SUPER;DRIVE CALAIS;5;15
1267 CALAIS DELAROCHE SUPER;DRIVE LEERS;126;135
1267 CALAIS DELAROCHE SUPER;DRIVE RONCQ;122;135
1267 CALAIS DELAROCHE SUPER;DRIVE ST OMER;45;45
1267 CALAIS DELAROCHE SUPER;DUNKERQUE;35;45
1267 CALAIS DELAROCHE SUPER;DURY;158;165
1267 CALAIS DELAROCHE SUPER;ENGLOS;101;105
1267 CALAIS DELAROCHE SUPER;ENT AMIENS BINAT;156;165
1267 CALAIS DELAROCHE SUPER;ENT AMIENS SAINT SAUVEUR FLEG;154;165
1267 CALAIS DELAROCHE SUPER;ENT AMIENS SAINT SAUVEUR PF;154;165
1267 CALAIS DELAROCHE SUPER;ENT AMIENS SUPER POULAINVILLE PGC;156;165
1267 CALAIS DELAROCHE SUPER;ENT CARVIN FL;111;120
1267 CALAIS DELAROCHE SUPER;ENT CARVIN PF;111;120
1267 CALAIS DELAROCHE SUPER;ENT IENA;116;120
1267 CALAIS DELAROCHE SUPER;ENT SAINGHIN1;119;120
1267 CALAIS DELAROCHE SUPER;ENT SOCOPAL DIEPPE;184;195
1267 CALAIS DELAROCHE SUPER;LEERS;126;135
1267 CALAIS DELAROCHE SUPER;RONCQ;122;135
1267 CALAIS DELAROCHE SUPER;SOCOPAL;184;195
1267 CALAIS DELAROCHE SUPER;ST OMER;46;60
1297 HARNES SUPER;1297 HARNES SUPER;0;0
1297 HARNES SUPER;4926 BILLY BERCLAU SUPER;11;15
1297 HARNES SUPER;ARRAS;29;30
1297 HARNES SUPER;AUCHAN CITY TOURCOING;40;45
1297 HARNES SUPER;BETHUNE;30;30
1297 HARNES SUPER;CHRONO AVELIN 4361;18;30
1297 HARNES SUPER;CHRONO BONDUES 4703;40;45
1297 HARNES SUPER;CHRONO ELEU DIT LEAUWETTE 4462;10;15
1297 HARNES SUPER;CHRONO HALLENNES 4167;27;30
1297 HARNES SUPER;CHRONO LAMBERSART 4424;34;45
1297 HARNES SUPER;CHRONO WASQUEHAL 4303;35;45
1297 HARNES SUPER;DOUAI;25;30
1297 HARNES SUPER;DRIVE BETHUNE;30;30
1297 HARNES SUPER;DRIVE DOUAI;25;30
1297 HARNES SUPER;DRIVE ENGLOS;31;45
1297 HARNES SUPER;DRIVE LEERS;40;45
1297 HARNES SUPER;DRIVE RONCQ;43;45
1297 HARNES SUPER;DRIVE VALENCIENNES;57;60
1297 HARNES SUPER;DURY;91;105
1297 HARNES SUPER;ENGLOS;31;45
1297 HARNES SUPER;ENT AMIENS BINAT;101;105
1297 HARNES SUPER;ENT AMIENS SAINT SAUVEUR FLEG;106;120
1297 HARNES SUPER;ENT AMIENS SAINT SAUVEUR PF;106;120
1297 HARNES SUPER;ENT AMIENS SUPER POULAINVILLE PGC;90;90
1297 HARNES SUPER;ENT CARVIN FL;8;15
1297 HARNES SUPER;ENT CARVIN PF;8;15
1297 HARNES SUPER;ENT IENA;23;30
1297 HARNES SUPER;ENT SAINGHIN1;27;30
1297 HARNES SUPER;ENT SOCOPAL DIEPPE;205;210
1297 HARNES SUPER;LEERS;40;45
1297 HARNES SUPER;RONCQ;43;45
1297 HARNES SUPER;SOCOPAL;205;210
1297 HARNES SUPER;VALENCIENNES;57;60
1297 HARNES SUPER;VILLENEUVE 2;28;30
4313 CANTELEU SUPER;4313 CANTELEU SUPER;0;0
4313 CANTELEU SUPER;CERGY CHRONODRIVE 469;119;120
4313 CANTELEU SUPER;CHRONO IFS;128;135
4313 CANTELEU SUPER;CORMEILLES EN PARISIS CHRONODRIVE 413;132;135
4313 CANTELEU SUPER;DIEPPE;58;60
4313 CANTELEU SUPER;ENT AMIENS BINAT;131;135
4313 CANTELEU SUPER;ENT AMIENS SAINT SAUVEUR FLEG;128;135
4313 CANTELEU SUPER;ENT AMIENS SAINT SAUVEUR PF;128;135
4313 CANTELEU SUPER;ENT AMIENS SUPER POULAINVILLE PGC;130;135
4313 CANTELEU SUPER;ENT IENA;256;270
4313 CANTELEU SUPER;ENT IENA1;257;270
4313 CANTELEU SUPER;ENT IENA2;257;270
4313 CANTELEU SUPER;ENT SAINGHIN1;260;270
4313 CANTELEU SUPER;FRANQUEVILLE CHRONODRIVE 4475;14;15
4313 CANTELEU SUPER;LE HAVRE;91;105
4313 CANTELEU SUPER;MONTIVILLIERS;84;90
4313 CANTELEU SUPER;VAL DE REUIL SUPER 1209;39;45
4536 LILLE WAZEMMES MY AUCHAN;1267 CALAIS DELAROCHE SUPER;108;120
4536 LILLE WAZEMMES MY AUCHAN;1297 HARNES SUPER;29;30
4536 LILLE WAZEMMES MY AUCHAN;4536 LILLE WAZEMMES MY AUCHAN;0;0
4536 LILLE WAZEMMES MY AUCHAN;4926 BILLY BERCLAU SUPER;28;30
4536 LILLE WAZEMMES MY AUCHAN;914 MARQUETTE LES PARTISANS DU GOUT;8;15
4536 LILLE WAZEMMES MY AUCHAN;AUCHAN CITY TOURCOING;16;30
4536 LILLE WAZEMMES MY AUCHAN;CHRONO BONDUES 4703;11;15
4536 LILLE WAZEMMES MY AUCHAN;CHRONO CROIX 4154;14;15
4536 LILLE WAZEMMES MY AUCHAN;CHRONO ELEU DIT LEAUWETTE 4462;38;45
4536 LILLE WAZEMMES MY AUCHAN;CHRONO HALLENNES 4167;10;15
4536 LILLE WAZEMMES MY AUCHAN;CHRONO LAMBERSART 4424;4;15
4536 LILLE WAZEMMES MY AUCHAN;CHRONO MARCQ 4128;8;15
4536 LILLE WAZEMMES MY AUCHAN;CHRONO WASQUEHAL 4303;11;15
4536 LILLE WAZEMMES MY AUCHAN;DRIVE ENGLOS;10;15
4536 LILLE WAZEMMES MY AUCHAN;DRIVE FACHES;9;15
4536 LILLE WAZEMMES MY AUCHAN;DRIVE NOGENT SUR OISE;178;180
4536 LILLE WAZEMMES MY AUCHAN;DRIVE RONCQ;18;30
4536 LILLE WAZEMMES MY AUCHAN;DRIVE VILLENEUVE D'ASCQ;6;15
4536 LILLE WAZEMMES MY AUCHAN;DURY;117;120
4536 LILLE WAZEMMES MY AUCHAN;ENT AMIENS BINAT;121;135
4536 LILLE WAZEMMES MY AUCHAN;ENT AMIENS SAINT SAUVEUR FLEG;127;135
4536 LILLE WAZEMMES MY AUCHAN;ENT AMIENS SAINT SAUVEUR PF;127;135
4536 LILLE WAZEMMES MY AUCHAN;ENT AMIENS SUPER POULAINVILLE PGC;119;120
4536 LILLE WAZEMMES MY AUCHAN;ENT CARVIN FL;24;30
4536 LILLE WAZEMMES MY AUCHAN;ENT CARVIN PF;24;30
4536 LILLE WAZEMMES MY AUCHAN;ENT IENA;10;15
4536 LILLE WAZEMMES MY AUCHAN;ENT SAINGHIN1;14;15
4536 LILLE WAZEMMES MY AUCHAN;ENT SOCOPAL DIEPPE;225;225
4536 LILLE WAZEMMES MY AUCHAN;MERU;221;225
4536 LILLE WAZEMMES MY AUCHAN;RONCQ;18;30
4536 LILLE WAZEMMES MY AUCHAN;SOCOPAL;225;225
4926 BILLY BERCLAU SUPER;1297 HARNES SUPER;16;30
4926 BILLY BERCLAU SUPER;4536 LILLE WAZEMMES MY AUCHAN;28;30
4926 BILLY BERCLAU SUPER;4926 BILLY BERCLAU SUPER;0;0
4926 BILLY BERCLAU SUPER;914 MARQUETTE LES PARTISANS DU GOUT;33;45
4926 BILLY BERCLAU SUPER;ARRAS;33;45
4926 BILLY BERCLAU SUPER;AUCHAN CITY TOURCOING;43;45
4926 BILLY BERCLAU SUPER;BETHUNE;20;30
4926 BILLY BERCLAU SUPER;BOULOGNE;110;120
4926 BILLY BERCLAU SUPER;CAMBRAI;71;75
4926 BILLY BERCLAU SUPER;CHRONO AVELIN 4361;38;45
4926 BILLY BERCLAU SUPER;CHRONO BONDUES 4703;36;45
4926 BILLY BERCLAU SUPER;CHRONO ELEU DIT LEAUWETTE 4462;14;15
4926 BILLY BERCLAU SUPER;CHRONO HALLENNES 4167;19;30
4926 BILLY BERCLAU SUPER;CHRONO LAMBERSART 4424;28;30
4926 BILLY BERCLAU SUPER;CHRONO MARCQ 4128;35;45
4926 BILLY BERCLAU SUPER;CHRONO VALENCIENNES 4370;70;75
4926 BILLY BERCLAU SUPER;DOUAI;38;45
4926 BILLY BERCLAU SUPER;DRIVE BETHUNE;20;30
4926 BILLY BERCLAU SUPER;DRIVE CAMBRAI;71;75
4926 BILLY BERCLAU SUPER;DRIVE DOUAI;38;45
4926 BILLY BERCLAU SUPER;DRIVE DUNKERQUE;90;90
4926 BILLY BERCLAU SUPER;DRIVE LEERS;46;60
4926 BILLY BERCLAU SUPER;DRIVE NOYELLES;23;30
4926 BILLY BERCLAU SUPER;DRIVE PETITE FORET;73;75
4926 BILLY BERCLAU SUPER;DRIVE RONCQ;44;45
4926 BILLY BERCLAU SUPER;DRIVE VALENCIENNES;70;75
4926 BILLY BERCLAU SUPER;DUNKERQUE;90;90
4926 BILLY BERCLAU SUPER;DURY;131;135
4926 BILLY BERCLAU SUPER;ENGLOS;23;30
4926 BILLY BERCLAU SUPER;ENT AMIENS BINAT;93;105
4926 BILLY BERCLAU SUPER;ENT AMIENS SAINT SAUVEUR FLEG;100;105
4926 BILLY BERCLAU SUPER;ENT AMIENS SAINT SAUVEUR PF;100;105
4926 BILLY BERCLAU SUPER;ENT AMIENS SUPER POULAINVILLE PGC;94;105
4926 BILLY BERCLAU SUPER;ENT CARVIN FL;18;30
4926 BILLY BERCLAU SUPER;ENT CARVIN PF;18;30
4926 BILLY BERCLAU SUPER;ENT IENA;36;45
4926 BILLY BERCLAU SUPER;ENT SAINGHIN1;39;45
4926 BILLY BERCLAU SUPER;FACHES;35;45
4926 BILLY BERCLAU SUPER;LEERS;46;60
4926 BILLY BERCLAU SUPER;LOUVROIL;103;105
4926 BILLY BERCLAU SUPER;NOYELLES GODAULT;23;30
4926 BILLY BERCLAU SUPER;PETITE FORET;73;75
4926 BILLY BERCLAU SUPER;RONCQ;44;45
4926 BILLY BERCLAU SUPER;ST OMER;74;75
4926 BILLY BERCLAU SUPER;VALENCIENNES;70;75
4926 BILLY BERCLAU SUPER;VILLENEUVE 2;36;45
4977 RUE SUPER;1267 CALAIS DELAROCHE SUPER;101;105
4977 RUE SUPER;4977 RUE SUPER;0;0
4977 RUE SUPER;BETHUNE;113;120
4977 RUE SUPER;DIEPPE;77;90
4977 RUE SUPER;DRIVE BETHUNE;113;120
4977 RUE SUPER;ENT AMIENS BINAT;71;75
4977 RUE SUPER;ENT AMIENS SAINT SAUVEUR FLEG;69;75
4977 RUE SUPER;ENT AMIENS SAINT SAUVEUR PF;69;75
4977 RUE SUPER;ENT AMIENS SUPER POULAINVILLE PGC;71;75
4977 RUE SUPER;ENT IENA;162;165
4977 RUE SUPER;ENT SAINGHIN1;165;165
4977 RUE SUPER;MERS LES BAINS;41;45
914 MARQUETTE LES PARTISANS DU GOUT;4536 LILLE WAZEMMES MY AUCHAN;8;15
914 MARQUETTE LES PARTISANS DU GOUT;914 MARQUETTE LES PARTISANS DU GOUT;0;0
914 MARQUETTE LES PARTISANS DU GOUT;ARRAS;60;60
914 MARQUETTE LES PARTISANS DU GOUT;AUCHAN CITY TOURCOING;12;15
914 MARQUETTE LES PARTISANS DU GOUT;BETHUNE;45;45
914 MARQUETTE LES PARTISANS DU GOUT;CHRONO AVELIN 4361;19;30
914 MARQUETTE LES PARTISANS DU GOUT;CHRONO BONDUES 4703;5;15
914 MARQUETTE LES PARTISANS DU GOUT;CHRONO CROIX 4154;8;15
914 MARQUETTE LES PARTISANS DU GOUT;CHRONO HALLENNES 4167;14;15
914 MARQUETTE LES PARTISANS DU GOUT;CHRONO LAMBERSART 4424;8;15
914 MARQUETTE LES PARTISANS DU GOUT;CHRONO MARCQ 4128;4;15
914 MARQUETTE LES PARTISANS DU GOUT;CHRONO WASQUEHAL 4303;8;15
914 MARQUETTE LES PARTISANS DU GOUT;DRIVE BETHUNE;45;45
914 MARQUETTE LES PARTISANS DU GOUT;DRIVE ENGLOS;12;15
914 MARQUETTE LES PARTISANS DU GOUT;DRIVE LEERS;19;30
914 MARQUETTE LES PARTISANS DU GOUT;DRIVE RONCQ;12;15
914 MARQUETTE LES PARTISANS DU GOUT;DUNKERQUE;80;90
914 MARQUETTE LES PARTISANS DU GOUT;ENGLOS;12;15
914 MARQUETTE LES PARTISANS DU GOUT;ENT AMIENS BINAT;123;135
914 MARQUETTE LES PARTISANS DU GOUT;ENT AMIENS SUPER POULAINVILLE PGC;126;135
914 MARQUETTE LES PARTISANS DU GOUT;ENT CARVIN FL;29;30
914 MARQUETTE LES PARTISANS DU GOUT;ENT CARVIN PF;29;30
914 MARQUETTE LES PARTISANS DU GOUT;ENT IENA;15;15
914 MARQUETTE LES PARTISANS DU GOUT;ENT IENA1;15;15
914 MARQUETTE LES PARTISANS DU GOUT;ENT IENA2;15;15
914 MARQUETTE LES PARTISANS DU GOUT;ENT SAINGHIN1;18;30
914 MARQUETTE LES PARTISANS DU GOUT;ENT SOCOPAL DIEPPE;230;240
914 MARQUETTE LES PARTISANS DU GOUT;FACHES;14;15
914 MARQUETTE LES PARTISANS DU GOUT;LEERS;19;30
914 MARQUETTE LES PARTISANS DU GOUT;RONCQ;12;15
914 MARQUETTE LES PARTISANS DU GOUT;SOCOPAL;230;240
914 MARQUETTE LES PARTISANS DU GOUT;VILLENEUVE 2;14;15
914 MARQUETTE LES PARTISANS DU GOUT;VIRY NOUREUIL;140;150
ARRAS;1267 CALAIS DELAROCHE SUPER;111;120
ARRAS;1297 HARNES SUPER;31;45
ARRAS;4536 LILLE WAZEMMES MY AUCHAN;56;60
ARRAS;4926 BILLY BERCLAU SUPER;33;45
ARRAS;ARRAS;0;0
ARRAS;AUCHAN CITY TOURCOING;67;75
ARRAS;BEAUVAIS;132;135
ARRAS;BETHUNE;36;45
ARRAS;BOULOGNE;113;120
ARRAS;CALAIS;116;120
ARRAS;CAMBRAI;53;60
ARRAS;CHERBOURG;428;435
ARRAS;CHRONO AVELIN 4361;45;45
ARRAS;CHRONO BONDUES 4703;66;75
ARRAS;CHRONO COMPIEGNE 4345;118;120
ARRAS;CHRONO COUDEKERQUE 4242;111;120
ARRAS;CHRONO CROIX 4154;63;75
ARRAS;CHRONO ELEU DIT LEAUWETTE 4462;20;30
ARRAS;CHRONO HALLENNES 4167;49;60
ARRAS;CHRONO LAMBERSART 4424;58;60
ARRAS;CHRONO MARCQ 4128;62;75
ARRAS;CHRONO VALENCIENNES 4370;76;90
ARRAS;CHRONO WASQUEHAL 4303;62;75
ARRAS;DIEPPE;154;165
ARRAS;DOUAI;31;45
ARRAS;DRIVE ARRAS;1;15
ARRAS;DRIVE BETHUNE;36;45
ARRAS;DRIVE BOULOGNE;123;135
ARRAS;DRIVE CAMBRAI;53;60
ARRAS;DRIVE CHERBOURG;428;435
ARRAS;DRIVE DOUAI;31;45
ARRAS;DRIVE DUNKERQUE;118;120
ARRAS;DRIVE DURY;71;75
ARRAS;DRIVE ENGLOS;53;60
ARRAS;DRIVE LEERS;67;75
ARRAS;DRIVE LOUVROIL;109;120
ARRAS;DRIVE NOYELLES;27;30
ARRAS;DRIVE NOYON;103;105
ARRAS;DRIVE PETITE FORET;74;75
ARRAS;DRIVE RONCQ;68;75
ARRAS;DRIVE ST QUENTIN;82;90
ARRAS;DRIVE VALENCIENNES;76;90
ARRAS;DRIVE VILLENEUVE D'ASCQ;55;60
ARRAS;DUNKERQUE;119;120
ARRAS;DURY;71;75
ARRAS;ENGLOS;52;60
ARRAS;ENT AMIENS BINAT;64;75
ARRAS;ENT AMIENS SAINT SAUVEUR FLEG;70;75
ARRAS;ENT AMIENS SAINT SAUVEUR PF;70;75
ARRAS;ENT AMIENS SUPER POULAINVILLE PGC;61;75
ARRAS;ENT CARVIN FL;35;45
ARRAS;ENT CARVIN PF;35;45
ARRAS;ENT SOCOPAL DIEPPE;161;165
ARRAS;FACHES;49;60
ARRAS;HIRSON;113;120
ARRAS;LE HAVRE;256;270
ARRAS;LEERS;67;75
ARRAS;LONGUEIL SAINTE MARIE SUPER 4315;118;120
ARRAS;LOUVROIL;109;120
ARRAS;MERS LES BAINS;111;120
ARRAS;NOYELLES GODAULT;28;30
ARRAS;NOYON;103;105
ARRAS;PETITE FORET;74;75
ARRAS;RONCQ;68;75
ARRAS;SOCOPAL;161;165
ARRAS;ST OMER;75;75
ARRAS;ST QUENTIN;76;90
ARRAS;VALENCIENNES;76;90
ARRAS;VILLENEUVE 2;55;60
ARRAS;VIRY NOUREUIL;103;105
AUCHAN CITY TOURCOING;1267 CALAIS DELAROCHE SUPER;120;120
AUCHAN CITY TOURCOING;1297 HARNES SUPER;40;45
AUCHAN CITY TOURCOING;4536 LILLE WAZEMMES MY AUCHAN;16;30
AUCHAN CITY TOURCOING;914 MARQUETTE LES PARTISANS DU GOUT;12;15
AUCHAN CITY TOURCOING;ARRAS;69;75
AUCHAN CITY TOURCOING;AUCHAN CITY TOURCOING;0;0
AUCHAN CITY TOURCOING;BETHUNE;56;60
AUCHAN CITY TOURCOING;BOULOGNE;126;135
AUCHAN CITY TOURCOING;CHRONO AVELIN 4361;26;30
AUCHAN CITY TOURCOING;CHRONO BONDUES 4703;7;15
AUCHAN CITY TOURCOING;CHRONO COUDEKERQUE 4242;80;90
AUCHAN CITY TOURCOING;CHRONO CROIX 4154;6;15
AUCHAN CITY TOURCOING;CHRONO ELEU DIT LEAUWETTE 4462;51;60
AUCHAN CITY TOURCOING;CHRONO HALLENNES 4167;23;30
AUCHAN CITY TOURCOING;CHRONO LAMBERSART 4424;17;30
AUCHAN CITY TOURCOING;CHRONO MARCQ 4128;8;15
AUCHAN CITY TOURCOING;CHRONO VALENCIENNES 4370;62;75
AUCHAN CITY TOURCOING;CHRONO WASQUEHAL 4303;8;15
AUCHAN CITY TOURCOING;DOUAI;56;60
AUCHAN CITY TOURCOING;DRIVE ARRAS;70;75
AUCHAN CITY TOURCOING;DRIVE BETHUNE;56;60
AUCHAN CITY TOURCOING;DRIVE DOUAI;56;60
AUCHAN CITY TOURCOING;DRIVE DUNKERQUE;89;90
AUCHAN CITY TOURCOING;DRIVE ENGLOS;22;30
AUCHAN CITY TOURCOING;DRIVE FACHES;22;30
AUCHAN CITY TOURCOING;DRIVE LEERS;9;15
AUCHAN CITY TOURCOING;DRIVE LOUVROIL;96;105
AUCHAN CITY TOURCOING;DRIVE MONTIVILLIERS;325;330
AUCHAN CITY TOURCOING;DRIVE NOYELLES;43;45
AUCHAN CITY TOURCOING;DRIVE PETITE FORET;56;60
AUCHAN CITY TOURCOING;DRIVE RONCQ;4;15
AUCHAN CITY TOURCOING;DRIVE VALENCIENNES;63;75
AUCHAN CITY TOURCOING;DRIVE VILLENEUVE D'ASCQ;17;30
AUCHAN CITY TOURCOING;DUNKERQUE;89;90
AUCHAN CITY TOURCOING;DURY;135;135
AUCHAN CITY TOURCOING;ENGLOS;22;30
AUCHAN CITY TOURCOING;ENT AMIENS BINAT;131;135
AUCHAN CITY TOURCOING;ENT AMIENS SAINT SAUVEUR FLEG;138;150
AUCHAN CITY TOURCOING;ENT AMIENS SAINT SAUVEUR PF;138;150
AUCHAN CITY TOURCOING;ENT AMIENS SUPER POULAINVILLE PGC;133;135
AUCHAN CITY TOURCOING;ENT CARVIN FL;35;45
AUCHAN CITY TOURCOING;ENT CARVIN PF;35;45
AUCHAN CITY TOURCOING;ENT IENA;23;30
AUCHAN CITY TOURCOING;ENT IENA1;20;30
AUCHAN CITY TOURCOING;ENT IENA2;20;30
AUCHAN CITY TOURCOING;ENT SAINGHIN1;22;30
AUCHAN CITY TOURCOING;FACHES;22;30
AUCHAN CITY TOURCOING;HIRSON;147;150
AUCHAN CITY TOURCOING;LE HAVRE;331;345
AUCHAN CITY TOURCOING;LEERS;9;15
AUCHAN CITY TOURCOING;LOUVROIL;96;105
AUCHAN CITY TOURCOING;MONTIVILLIERS;324;330
AUCHAN CITY TOURCOING;NOYELLES GODAULT;44;45
AUCHAN CITY TOURCOING;NOYON;152;165
AUCHAN CITY TOURCOING;PETITE FORET;56;60
AUCHAN CITY TOURCOING;RONCQ;4;15
AUCHAN CITY TOURCOING;ST OMER;79;90
AUCHAN CITY TOURCOING;VALENCIENNES;63;75
AUCHAN CITY TOURCOING;VILLENEUVE 2;16;30
AUCHAN CITY TOURCOING;VIRY NOUREUIL;146;150
AUCHAN LUXEMBOURG SUPPLY;AUCHAN LUXEMBOURG SUPPLY;0;0
AUCHAN LUXEMBOURG SUPPLY;DIFFERDANGE;21;30
AUCHAN LUXEMBOURG SUPPLY;ENT IENA;319;330
AUCHAN LUXEMBOURG SUPPLY;KIRCHBERG;18;30
AUCHAN LUXEMBOURG SUPPLY;LA CLOCHE D'OR;26;30
AUCHAN LUXEMBOURG SUPPLY;MONT SAINT MARTIN;29;30
AUCHAN LUXEMBOURG SUPPLY;SEMECOURT;42;45
AUCHAN LUXEMBOURG SUPPLY;TOMBLAINE;107;120
BEAUVAIS;1186 ST QUENTIN SCHUMANN SUPER;138;150
BEAUVAIS;AUCHAN CITY TOURCOING;206;210
BEAUVAIS;BEAUVAIS;0;0
BEAUVAIS;CAMBRAI;155;165
BEAUVAIS;CERGY;53;60
BEAUVAIS;CERGY CHRONODRIVE 469;56;60
BEAUVAIS;CHRONO COMPIEGNE 4345;60;60
BEAUVAIS;CORMEILLES EN PARISIS CHRONODRIVE 413;71;75
BEAUVAIS;DIEPPE;111;120
BEAUVAIS;DOUAI;171;180
BEAUVAIS;DRIVE BEAUVAIS;0;0
BEAUVAIS;DRIVE BOULOGNE;182;195
BEAUVAIS;DRIVE CALAIS;213;225
BEAUVAIS;DRIVE CAMBRAI;155;165
BEAUVAIS;DRIVE CERGY;61;75
BEAUVAIS;DRIVE DOUAI;171;180
BEAUVAIS;DRIVE DURY;57;60
BEAUVAIS;DRIVE LEERS;206;210
BEAUVAIS;DRIVE MONTIVILLIERS;175;180
BEAUVAIS;DRIVE NOGENT SUR OISE;41;45
BEAUVAIS;DRIVE NOYELLES;167;180
BEAUVAIS;DRIVE OSNY;49;60
BEAUVAIS;DRIVE ROISSY;71;75
BEAUVAIS;DRIVE TAVERNY;58;60
BEAUVAIS;DURY;57;60
BEAUVAIS;ENGLOS;203;210
BEAUVAIS;ENT AMIENS SAINT SAUVEUR FLEG;69;75
BEAUVAIS;ENT AMIENS SAINT SAUVEUR PF;69;75
BEAUVAIS;ENT AMIENS SUPER POULAINVILLE PGC;71;75
BEAUVAIS;ENT CARVIN FL;179;180
BEAUVAIS;ENT CARVIN PF;179;180
BEAUVAIS;ENT IENA;190;195
BEAUVAIS;ENT SAINGHIN1;193;195
BEAUVAIS;ENT SERRIS 1;106;120
BEAUVAIS;ENT V DHL;113;120
BEAUVAIS;ENT V GEODIS;113;120
BEAUVAIS;FACHES;188;195
BEAUVAIS;FRANQUEVILLE CHRONODRIVE 4475;90;90
BEAUVAIS;HERBLAY CHRONODRIVE 444;58;60
BEAUVAIS;LE HAVRE;182;195
BEAUVAIS;LEERS;206;210
BEAUVAIS;LONGUEIL SAINTE MARIE SUPER 4315;54;60
BEAUVAIS;MAUREPAS SUPER 4492;106;120
BEAUVAIS;MERU;30;30
BEAUVAIS;NOGENT SUR OISE;43;45
BEAUVAIS;NOYELLES GODAULT;168;180
BEAUVAIS;NOYON;80;90
BEAUVAIS;OSNY;49;60
BEAUVAIS;ROISSY;70;75
BEAUVAIS;SOISY;63;75
BEAUVAIS;ST QUENTIN;134;135
BEAUVAIS;TAVERNY;58;60
BEAUVAIS;VILLENEUVE 2;194;195
BEAUVAIS;VIRY NOUREUIL;103;105
BETHUNE;1267 CALAIS DELAROCHE SUPER;78;90
BETHUNE;1297 HARNES SUPER;32;45
BETHUNE;4536 LILLE WAZEMMES MY AUCHAN;43;45
BETHUNE;4926 BILLY BERCLAU SUPER;20;30
BETHUNE;4977 RUE SUPER;110;120
BETHUNE;914 MARQUETTE LES PARTISANS DU GOUT;45;45
BETHUNE;ARRAS;37;45
BETHUNE;AUCHAN CITY TOURCOING;56;60
BETHUNE;BEAUVAIS;187;195
BETHUNE;BETHUNE;0;0
BETHUNE;BOULOGNE;82;90
BETHUNE;CALAIS;86;90
BETHUNE;CAMBRAI;70;75
BETHUNE;CHRONO AVELIN 4361;41;45
BETHUNE;CHRONO BONDUES 4703;51;60
BETHUNE;CHRONO COUDEKERQUE 4242;67;75
BETHUNE;CHRONO CROIX 4154;54;60
BETHUNE;CHRONO ELEU DIT LEAUWETTE 4462;23;30
BETHUNE;CHRONO HALLENNES 4167;32;45
BETHUNE;CHRONO LAMBERSART 4424;43;45
BETHUNE;CHRONO MARCQ 4128;50;60
BETHUNE;CHRONO VALENCIENNES 4370;82;90
BETHUNE;CHRONO WASQUEHAL 4303;53;60
BETHUNE;DIEPPE;155;165
BETHUNE;DIEPPE;153;165
BETHUNE;DOUAI;49;60
BETHUNE;DRIVE ARRAS;33;45
BETHUNE;DRIVE BETHUNE;0;0
BETHUNE;DRIVE CALAIS;83;90
BETHUNE;DRIVE CAMBRAI;70;75
BETHUNE;DRIVE DOUAI;49;60
BETHUNE;DRIVE DUNKERQUE;75;75
BETHUNE;DRIVE ENGLOS;36;45
BETHUNE;DRIVE FACHES;47;60
BETHUNE;DRIVE LEERS;60;60
BETHUNE;DRIVE LOUVROIL;115;120
BETHUNE;DRIVE NOYELLES;35;45
BETHUNE;DRIVE NOYON;132;135
BETHUNE;DRIVE PETITE FORET;80;90
BETHUNE;DRIVE RONCQ;56;60
BETHUNE;DRIVE ST OMER;44;45
BETHUNE;DRIVE VALENCIENNES;82;90
BETHUNE;DRIVE VILLENEUVE D'ASCQ;45;45
BETHUNE;DUNKERQUE;76;90
BETHUNE;DURY;89;90
BETHUNE;ENGLOS;36;45
BETHUNE;ENT AMIENS BINAT;83;90
BETHUNE;ENT AMIENS SAINT SAUVEUR FLEG;119;120
BETHUNE;ENT AMIENS SAINT SAUVEUR PF;119;120
BETHUNE;ENT AMIENS SUPER POULAINVILLE PGC;96;105
BETHUNE;ENT CARVIN FL;37;45
BETHUNE;ENT CARVIN PF;37;45
BETHUNE;ENT IENA;48;60
BETHUNE;ENT IENA1;59;60
BETHUNE;ENT IENA2;59;60
BETHUNE;ENT SAINGHIN1;52;60
BETHUNE;ENT SOCOPAL DIEPPE;162;165
BETHUNE;FACHES;47;60
BETHUNE;HIRSON;144;150
BETHUNE;LEERS;60;60
BETHUNE;LONGUEIL SAINTE MARIE SUPER 4315;147;150
BETHUNE;LOUVROIL;115;120
BETHUNE;MERS LES BAINS;120;120
BETHUNE;MERU;213;225
BETHUNE;MONTIVILLIERS;251;255
BETHUNE;NOYELLES GODAULT;36;45
BETHUNE;NOYON;132;135
BETHUNE;PETITE FORET;80;90
BETHUNE;RONCQ;56;60
BETHUNE;SOCOPAL;162;165
BETHUNE;ST OMER;42;45
BETHUNE;ST QUENTIN;100;105
BETHUNE;VALENCIENNES;82;90
BETHUNE;VILLENEUVE 2;46;60
BETHUNE;VIRY NOUREUIL;127;135
BOULOGNE;1297 HARNES SUPER;109;120
BOULOGNE;4926 BILLY BERCLAU SUPER;110;120
BOULOGNE;914 MARQUETTE LES PARTISANS DU GOUT;116;120
BOULOGNE;ARRAS;114;120
BOULOGNE;AUCHAN CITY TOURCOING;125;135
BOULOGNE;BETHUNE;82;90
BOULOGNE;BOULOGNE;0;0
BOULOGNE;CALAIS;40;45
BOULOGNE;CAMBRAI;147;150
BOULOGNE;CHRONO AVELIN 4361;131;135
BOULOGNE;CHRONO BONDUES 4703;119;120
BOULOGNE;CHRONO COUDEKERQUE 4242;79;90
BOULOGNE;CHRONO CROIX 4154;122;135
BOULOGNE;CHRONO ELEU DIT LEAUWETTE 4462;102;105
BOULOGNE;CHRONO HALLENNES 4167;106;120
BOULOGNE;CHRONO LAMBERSART 4424;112;120
BOULOGNE;CHRONO MARCQ 4128;118;120
BOULOGNE;CHRONO VALENCIENNES 4370;163;165
BOULOGNE;DIEPPE;145;150
BOULOGNE;DIEPPE;143;150
BOULOGNE;DOUAI;129;135
BOULOGNE;DRIVE BETHUNE;82;90
BOULOGNE;DRIVE CALAIS;37;45
BOULOGNE;DRIVE CAMBRAI;147;150
BOULOGNE;DRIVE DIEPPE;145;150
BOULOGNE;DRIVE DOUAI;129;135
BOULOGNE;DRIVE DUNKERQUE;70;75
BOULOGNE;DRIVE ENGLOS;106;120
BOULOGNE;DRIVE FACHES;119;120
BOULOGNE;DRIVE LEERS;129;135
BOULOGNE;DRIVE LOUVROIL;195;195
BOULOGNE;DRIVE NOYELLES;116;120
BOULOGNE;DRIVE PETITE FORET;157;165
BOULOGNE;DRIVE RONCQ;126;135
BOULOGNE;DRIVE ST OMER;48;60
BOULOGNE;DRIVE VALENCIENNES;163;165
BOULOGNE;DRIVE VILLENEUVE D'ASCQ;117;120
BOULOGNE;DUNKERQUE;71;75
BOULOGNE;DURY;133;135
BOULOGNE;ENGLOS;106;120
BOULOGNE;ENT AMIENS SAINT SAUVEUR FLEG;122;135
BOULOGNE;ENT AMIENS SAINT SAUVEUR PF;122;135
BOULOGNE;ENT AMIENS SUPER POULAINVILLE PGC;124;135
BOULOGNE;ENT CARVIN FL;114;120
BOULOGNE;ENT CARVIN PF;114;120
BOULOGNE;ENT SOCOPAL DIEPPE;152;165
BOULOGNE;FACHES;119;120
BOULOGNE;HIRSON;217;225
BOULOGNE;LAXOU;469;480
BOULOGNE;LEERS;129;135
BOULOGNE;LOUVROIL;196;210
BOULOGNE;MERS LES BAINS;109;120
BOULOGNE;NOYELLES GODAULT;116;120
BOULOGNE;NOYON;196;210
BOULOGNE;PETITE FORET;157;165
BOULOGNE;RONCQ;126;135
BOULOGNE;SOCOPAL;152;165
BOULOGNE;ST OMER;49;60
BOULOGNE;VALENCIENNES;163;165
BOULOGNE;VILLENEUVE 2;118;120
BOULOGNE;VIRY NOUREUIL;204;210
CAEN CHRONO 352;CAEN CHRONO 352;0;0
CAEN CHRONO 352;CHERBOURG;127;135
CAEN CHRONO 352;CHRONO IFS;2;15
CAEN CHRONO 352;CORMEILLES EN PARISIS CHRONODRIVE 413;229;240
CAEN CHRONO 352;DRIVE CHERBOURG;127;135
CAEN CHRONO 352;ENT AMIENS SAINT SAUVEUR FLEG;250;255
CAEN CHRONO 352;ENT AMIENS SAINT SAUVEUR PF;250;255
CAEN CHRONO 352;ENT AMIENS SUPER POULAINVILLE PGC;253;255
CAEN CHRONO 352;ENT SERRIS 1;274;285
CAEN CHRONO 352;ENT V GEODIS;271;285
CAEN CHRONO 352;FRANQUEVILLE CHRONODRIVE 4475;135;135
CAEN CHRONO 352;IFS CHRONODRIVE 4253;2;15
CAEN CHRONO 352;KIRCHBERG;603;615
CAEN CHRONO 352;LE HAVRE;92;105
CALAIS;1267 CALAIS DELAROCHE SUPER;8;15
CALAIS;1297 HARNES SUPER;117;120
CALAIS;4977 RUE SUPER;97;105
CALAIS;914 MARQUETTE LES PARTISANS DU GOUT;118;120
CALAIS;ARRAS;118;120
CALAIS;AUCHAN CITY TOURCOING;129;135
CALAIS;BETHUNE;86;90
CALAIS;BOULOGNE;40;45
CALAIS;CALAIS;0;0
CALAIS;CAMBRAI;148;150
CALAIS;CHRONO AVELIN 4361;125;135
CALAIS;CHRONO BONDUES 4703;118;120
CALAIS;CHRONO COUDEKERQUE 4242;51;60
CALAIS;CHRONO CROIX 4154;122;135
CALAIS;CHRONO ELEU DIT LEAUWETTE 4462;104;105
CALAIS;CHRONO HALLENNES 4167;106;120
CALAIS;CHRONO MARCQ 4128;117;120
CALAIS;CHRONO WASQUEHAL 4303;122;135
CALAIS;DIEPPE;172;180
CALAIS;DOUAI;133;135
CALAIS;DRIVE ARRAS;118;120
CALAIS;DRIVE BETHUNE;86;90
CALAIS;DRIVE BOULOGNE;38;45
CALAIS;DRIVE CALAIS;1;15
CALAIS;DRIVE CAMBRAI;148;150
CALAIS;DRIVE DOUAI;133;135
CALAIS;DRIVE DUNKERQUE;42;45
CALAIS;DRIVE ENGLOS;106;120
CALAIS;DRIVE LEERS;132;135
CALAIS;DRIVE NOYELLES;117;120
CALAIS;DRIVE PETITE FORET;160;165
CALAIS;DRIVE RONCQ;129;135
CALAIS;DRIVE ST OMER;48;60
CALAIS;DRIVE VALENCIENNES;164;165
CALAIS;DUNKERQUE;43;45
CALAIS;DURY;160;165
CALAIS;ENGLOS;109;120
CALAIS;ENT AMIENS SAINT SAUVEUR FLEG;149;150
CALAIS;ENT AMIENS SAINT SAUVEUR PF;149;150
CALAIS;ENT AMIENS SUPER POULAINVILLE PGC;151;165
CALAIS;ENT CARVIN FL;115;120
CALAIS;ENT CARVIN PF;115;120
CALAIS;FACHES;122;135
CALAIS;HIRSON;221;225
CALAIS;LE HAVRE;281;285
CALAIS;LEERS;132;135
CALAIS;LOUVROIL;197;210
CALAIS;MERS LES BAINS;143;150
CALAIS;NOYELLES GODAULT;120;120
CALAIS;PETITE FORET;160;165
CALAIS;RONCQ;129;135
CALAIS;ST OMER;49;60
CALAIS;VALENCIENNES;164;165
CALAIS;VILLENEUVE 2;121;135
CAMBRAI;1186 ST QUENTIN SCHUMANN SUPER;54;60
CAMBRAI;1297 HARNES SUPER;58;60
CAMBRAI;914 MARQUETTE LES PARTISANS DU GOUT;79;90
CAMBRAI;ARRAS;52;60
CAMBRAI;AUCHAN CITY TOURCOING;84;90
CAMBRAI;BEAUVAIS;154;165
CAMBRAI;BETHUNE;68;75
CAMBRAI;BOULOGNE;147;150
CAMBRAI;CAMBRAI;0;0
CAMBRAI;CHRONO AVELIN 4361;68;75
CAMBRAI;CHRONO BONDUES 4703;83;90
CAMBRAI;CHRONO COMPIEGNE 4345;109;120
CAMBRAI;CHRONO CROIX 4154;78;90
CAMBRAI;CHRONO ELEU DIT LEAUWETTE 4462;63;75
CAMBRAI;CHRONO HALLENNES 4167;83;90
CAMBRAI;CHRONO LAMBERSART 4424;79;90
CAMBRAI;CHRONO MARCQ 4128;79;90
CAMBRAI;CHRONO VALENCIENNES 4370;29;30
CAMBRAI;CHRONO WASQUEHAL 4303;79;90
CAMBRAI;DOUAI;25;30
CAMBRAI;DRIVE ARRAS;55;60
CAMBRAI;DRIVE BETHUNE;68;75
CAMBRAI;DRIVE CALAIS;147;150
CAMBRAI;DRIVE CAMBRAI;0;0
CAMBRAI;DRIVE DIEPPE;208;210
CAMBRAI;DRIVE DOUAI;25;30
CAMBRAI;DRIVE ENGLOS;82;90
CAMBRAI;DRIVE FACHES;72;75
CAMBRAI;DRIVE LEERS;82;90
CAMBRAI;DRIVE LOUVROIL;61;75
CAMBRAI;DRIVE NOYELLES;55;60
CAMBRAI;DRIVE PETITE FORET;31;45
CAMBRAI;DRIVE RONCQ;86;90
CAMBRAI;DRIVE ST QUENTIN;49;60
CAMBRAI;DRIVE VALENCIENNES;28;30
CAMBRAI;DUNKERQUE;149;150
CAMBRAI;DURY;98;105
CAMBRAI;ENGLOS;82;90
CAMBRAI;ENT AMIENS BINAT;101;105
CAMBRAI;ENT AMIENS SAINT SAUVEUR FLEG;107;120
CAMBRAI;ENT AMIENS SAINT SAUVEUR PF;107;120
CAMBRAI;ENT AMIENS SUPER POULAINVILLE PGC;102;105
CAMBRAI;ENT CARVIN FL;61;75
CAMBRAI;ENT CARVIN PF;61;75
CAMBRAI;ENT SAINGHIN1;68;75
CAMBRAI;ENT SOCOPAL DIEPPE;185;195
CAMBRAI;FACHES;73;75
CAMBRAI;HIRSON;75;75
CAMBRAI;LEERS;82;90
CAMBRAI;LOUVROIL;62;75
CAMBRAI;MERU;180;180
CAMBRAI;NOGENT SUR OISE;138;150
CAMBRAI;NOYELLES GODAULT;55;60
CAMBRAI;PETITE FORET;31;45
CAMBRAI;RONCQ;86;90
CAMBRAI;SOCOPAL;185;195
CAMBRAI;ST OMER;111;120
CAMBRAI;ST QUENTIN;50;60
CAMBRAI;VALENCIENNES;28;30
CAMBRAI;VILLENEUVE 2;70;75
CAMBRAI;VIRY NOUREUIL;78;90
CERGY;BEAUVAIS;61;75
CERGY;CAEN CHRONO 352;223;225
CERGY;CERGY;0;0
CERGY;CERGY CHRONODRIVE 469;8;15
CERGY;CHRONO COMPIEGNE 4345;92;105
CERGY;CHRONO IFS;221;225
CERGY;CORMEILLES EN PARISIS CHRONODRIVE 413;17;30
CERGY;DRIVE BEAUVAIS;61;75
CERGY;DRIVE CERGY;2;15
CERGY;DRIVE DURY;115;120
CERGY;DRIVE NOGENT SUR OISE;57;60
CERGY;DRIVE OSNY;7;15
CERGY;DRIVE ROISSY;42;45
CERGY;DRIVE TAVERNY;16;30
CERGY;DURY;116;120
CERGY;ENT AMIENS SAINT SAUVEUR FLEG;126;135
CERGY;ENT AMIENS SAINT SAUVEUR PF;126;135
CERGY;ENT AMIENS SUPER POULAINVILLE PGC;128;135
CERGY;ENT SAINGHIN1;230;240
CERGY;ENT SERRIS 1;69;75
CERGY;ENT SERRIS 2;69;75
CERGY;ENT V DHL;68;75
CERGY;ENT V GEODIS;68;75
CERGY;FRANQUEVILLE CHRONODRIVE 4475;84;90
CERGY;HERBLAY CHRONODRIVE 444;10;15
CERGY;HOUILLES SUPER 1073;28;30
CERGY;LE CHESNAY PARLY 2 SUPER 1144;30;30
CERGY;LE HAVRE;188;195
CERGY;LES MUREAUX HALLES AUCHAN;23;30
CERGY;MAUREPAS SUPER 4492;44;45
CERGY;MERU;26;30
CERGY;MONTIVILLIERS;181;195
CERGY;NOGENT SUR OISE;55;60
CERGY;NOYON;116;120
CERGY;OSNY;7;15
CERGY;ROISSY;42;45
CERGY;SOISY;22;30
CERGY;TAVERNY;16;30
CERGY;VAL DE REUIL SUPER 1209;96;105
CERGY CHRONODRIVE 469;CERGY;6;15
CERGY CHRONODRIVE 469;CERGY CHRONODRIVE 469;0;0
CERGY CHRONODRIVE 469;CORMEILLES EN PARISIS CHRONODRIVE 413;21;30
CERGY CHRONODRIVE 469;DRIVE CERGY;7;15
CERGY CHRONODRIVE 469;DRIVE ROISSY;47;60
CERGY CHRONODRIVE 469;DRIVE TAVERNY;21;30
CERGY CHRONODRIVE 469;ENT AMIENS BINAT;133;135
CERGY CHRONODRIVE 469;ENT AMIENS SAINT SAUVEUR FLEG;131;135
CERGY CHRONODRIVE 469;ENT AMIENS SAINT SAUVEUR PF;131;135
CERGY CHRONODRIVE 469;ENT AMIENS SUPER POULAINVILLE PGC;133;135
CERGY CHRONODRIVE 469;ENT SERRIS 1;74;75
CERGY CHRONODRIVE 469;ENT SERRIS 2;74;75
CERGY CHRONODRIVE 469;ENT V DHL;72;75
CERGY CHRONODRIVE 469;ENT V GEODIS;73;75
CERGY CHRONODRIVE 469;FRANQUEVILLE CHRONODRIVE 4475;77;90
CERGY CHRONODRIVE 469;HERBLAY CHRONODRIVE 444;14;15
CERGY CHRONODRIVE 469;HOUILLES SUPER 1073;24;30
CERGY CHRONODRIVE 469;LA QUEUE LES YVELINES SUPER 1096;60;60
CERGY CHRONODRIVE 469;LES MUREAUX HALLES AUCHAN;17;30
CERGY CHRONODRIVE 469;LONGUEIL SAINTE MARIE SUPER 4315;87;90
CERGY CHRONODRIVE 469;NOYON;123;135
CERGY CHRONODRIVE 469;OSNY;9;15
CERGY CHRONODRIVE 469;ROISSY;47;60
CERGY CHRONODRIVE 469;SOISY;26;30
CERGY CHRONODRIVE 469;TAVERNY;21;30
CERGY CHRONODRIVE 469;VERNEUIL 1 VERGER SUPER 4981;15;15
CHERBOURG;CHERBOURG;0;0
CHERBOURG;DIEPPE;288;300
CHERBOURG;DRIVE CHERBOURG;0;0
CHERBOURG;DRIVE RONCQ;490;495
CHERBOURG;DRIVE VILLENEUVE D'ASCQ;476;480
CHERBOURG;ENT AMIENS BINAT;368;375
CHERBOURG;ENT AMIENS SAINT SAUVEUR FLEG;370;375
CHERBOURG;ENT AMIENS SAINT SAUVEUR PF;370;375
CHERBOURG;ENT AMIENS SUPER POULAINVILLE PGC;373;375
CHERBOURG;ENT IENA;471;480
CHERBOURG;ENT SAINGHIN1;475;480
CHERBOURG;ENT SOCOPAL DIEPPE;282;285
CHERBOURG;FACHES;470;480
CHERBOURG;LE HAVRE;212;225
CHERBOURG;MERS LES BAINS;322;330
CHERBOURG;MONTIVILLIERS;205;210
CHERBOURG;RONCQ;490;495
CHERBOURG;SOCOPAL;282;285
CHERBOURG;SOISY;354;360
CHRONO AVELIN 4361;1186 ST QUENTIN SCHUMANN SUPER;100;105
CHRONO AVELIN 4361;4536 LILLE WAZEMMES MY AUCHAN;15;15
CHRONO AVELIN 4361;4926 BILLY BERCLAU SUPER;37;45
CHRONO AVELIN 4361;914 MARQUETTE LES PARTISANS DU GOUT;19;30
CHRONO AVELIN 4361;ARRAS;45;45
CHRONO AVELIN 4361;AUCHAN CITY TOURCOING;25;30
CHRONO AVELIN 4361;BETHUNE;52;60
CHRONO AVELIN 4361;BOULOGNE;127;135
CHRONO AVELIN 4361;CALAIS;125;135
CHRONO AVELIN 4361;CAMBRAI;68;75
CHRONO AVELIN 4361;CHRONO AVELIN 4361;0;0
CHRONO AVELIN 4361;CHRONO BONDUES 4703;25;30
CHRONO AVELIN 4361;CHRONO COUDEKERQUE 4242;80;90
CHRONO AVELIN 4361;CHRONO CROIX 4154;21;30
CHRONO AVELIN 4361;CHRONO ELEU DIT LEAUWETTE 4462;29;30
CHRONO AVELIN 4361;CHRONO HALLENNES 4167;23;30
CHRONO AVELIN 4361;CHRONO LAMBERSART 4424;19;30
CHRONO AVELIN 4361;CHRONO MARCQ 4128;19;30
CHRONO AVELIN 4361;CHRONO VALENCIENNES 4370;42;45
CHRONO AVELIN 4361;CHRONO WASQUEHAL 4303;20;30
CHRONO AVELIN 4361;DOUAI;34;45
CHRONO AVELIN 4361;DRIVE BETHUNE;52;60
CHRONO AVELIN 4361;DRIVE CAMBRAI;68;75
CHRONO AVELIN 4361;DRIVE DOUAI;34;45
CHRONO AVELIN 4361;DRIVE FACHES;7;15
CHRONO AVELIN 4361;DRIVE LEERS;25;30
CHRONO AVELIN 4361;DRIVE LOUVROIL;76;90
CHRONO AVELIN 4361;DRIVE NOYELLES;19;30
CHRONO AVELIN 4361;DRIVE NOYON;129;135
CHRONO AVELIN 4361;DRIVE PETITE FORET;37;45
CHRONO AVELIN 4361;DRIVE RONCQ;27;30
CHRONO AVELIN 4361;DRIVE VALENCIENNES;43;45
CHRONO AVELIN 4361;DRIVE VILLENEUVE D'ASCQ;14;15
CHRONO AVELIN 4361;DUNKERQUE;89;90
CHRONO AVELIN 4361;DURY;106;120
CHRONO AVELIN 4361;ENGLOS;22;30
CHRONO AVELIN 4361;ENT AMIENS BINAT;108;120
CHRONO AVELIN 4361;ENT AMIENS SAINT SAUVEUR FLEG;116;120
CHRONO AVELIN 4361;ENT AMIENS SAINT SAUVEUR PF;116;120
CHRONO AVELIN 4361;ENT AMIENS SUPER POULAINVILLE PGC;111;120
CHRONO AVELIN 4361;ENT CARVIN FL;13;15
CHRONO AVELIN 4361;ENT CARVIN PF;13;15
CHRONO AVELIN 4361;ENT IENA;9;15
CHRONO AVELIN 4361;ENT IENA1;9;15
CHRONO AVELIN 4361;ENT IENA2;9;15
CHRONO AVELIN 4361;ENT SAINGHIN1;12;15
CHRONO AVELIN 4361;ENT SOCOPAL DIEPPE;214;225
CHRONO AVELIN 4361;FACHES;8;15
CHRONO AVELIN 4361;HIRSON;127;135
CHRONO AVELIN 4361;LEERS;25;30
CHRONO AVELIN 4361;LOUVROIL;76;90
CHRONO AVELIN 4361;MERS LES BAINS;152;165
CHRONO AVELIN 4361;MERU;210;210
CHRONO AVELIN 4361;NOGENT SUR OISE;167;180
CHRONO AVELIN 4361;NOYELLES GODAULT;20;30
CHRONO AVELIN 4361;PETITE FORET;37;45
CHRONO AVELIN 4361;RONCQ;27;30
CHRONO AVELIN 4361;SOCOPAL;214;225
CHRONO AVELIN 4361;ST OMER;78;90
CHRONO AVELIN 4361;ST QUENTIN;96;105
CHRONO AVELIN 4361;VALENCIENNES;43;45
CHRONO AVELIN 4361;VILLENEUVE 2;13;15
CHRONO BONDUES 4703;4536 LILLE WAZEMMES MY AUCHAN;11;15
CHRONO BONDUES 4703;4926 BILLY BERCLAU SUPER;35;45
CHRONO BONDUES 4703;914 MARQUETTE LES PARTISANS DU GOUT;5;15
CHRONO BONDUES 4703;AUCHAN CITY TOURCOING;8;15
CHRONO BONDUES 4703;BETHUNE;49;60
CHRONO BONDUES 4703;BOULOGNE;120;120
CHRONO BONDUES 4703;CALAIS;118;120
CHRONO BONDUES 4703;CAMBRAI;83;90
CHRONO BONDUES 4703;CHRONO AVELIN 4361;22;30
CHRONO BONDUES 4703;CHRONO BONDUES 4703;0;0
CHRONO BONDUES 4703;CHRONO COMPIEGNE 4345;160;165
CHRONO BONDUES 4703;CHRONO COUDEKERQUE 4242;73;75
CHRONO BONDUES 4703;CHRONO CROIX 4154;9;15
CHRONO BONDUES 4703;CHRONO ELEU DIT LEAUWETTE 4462;46;60
CHRONO BONDUES 4703;CHRONO HALLENNES 4167;16;30
CHRONO BONDUES 4703;CHRONO LAMBERSART 4424;10;15
CHRONO BONDUES 4703;CHRONO MARCQ 4128;4;15
CHRONO BONDUES 4703;CHRONO VALENCIENNES 4370;61;75
CHRONO BONDUES 4703;CHRONO WASQUEHAL 4303;8;15
CHRONO BONDUES 4703;DOUAI;55;60
CHRONO BONDUES 4703;DRIVE BETHUNE;49;60
CHRONO BONDUES 4703;DRIVE CAMBRAI;83;90
CHRONO BONDUES 4703;DRIVE DOUAI;55;60
CHRONO BONDUES 4703;DRIVE ENGLOS;14;15
CHRONO BONDUES 4703;DRIVE FACHES;19;30
CHRONO BONDUES 4703;DRIVE LEERS;16;30
CHRONO BONDUES 4703;DRIVE NOGENT SUR OISE;188;195
CHRONO BONDUES 4703;DRIVE NOYELLES;40;45
CHRONO BONDUES 4703;DRIVE NOYON;150;150
CHRONO BONDUES 4703;DRIVE PETITE FORET;56;60
CHRONO BONDUES 4703;DRIVE RONCQ;7;15
CHRONO BONDUES 4703;DRIVE VALENCIENNES;63;75
CHRONO BONDUES 4703;DRIVE VILLENEUVE D'ASCQ;16;30
CHRONO BONDUES 4703;DUNKERQUE;82;90
CHRONO BONDUES 4703;DURY;124;135
CHRONO BONDUES 4703;ENGLOS;14;15
CHRONO BONDUES 4703;ENT AMIENS BINAT;131;135
CHRONO BONDUES 4703;ENT AMIENS SAINT SAUVEUR FLEG;137;150
CHRONO BONDUES 4703;ENT AMIENS SAINT SAUVEUR PF;137;150
CHRONO BONDUES 4703;ENT AMIENS SUPER POULAINVILLE PGC;126;135
CHRONO BONDUES 4703;ENT CARVIN FL;34;45
CHRONO BONDUES 4703;ENT CARVIN PF;34;45
CHRONO BONDUES 4703;ENT IENA;17;30
CHRONO BONDUES 4703;ENT IENA1;20;30
CHRONO BONDUES 4703;ENT IENA2;20;30
CHRONO BONDUES 4703;ENT SAINGHIN1;21;30
CHRONO BONDUES 4703;ENT SOCOPAL DIEPPE;235;240
CHRONO BONDUES 4703;FACHES;17;30
CHRONO BONDUES 4703;LE HAVRE;331;345
CHRONO BONDUES 4703;LEERS;16;30
CHRONO BONDUES 4703;NOYELLES GODAULT;41;45
CHRONO BONDUES 4703;PETITE FORET;56;60
CHRONO BONDUES 4703;RONCQ;7;15
CHRONO BONDUES 4703;SOCOPAL;235;240
CHRONO BONDUES 4703;ST OMER;71;75
CHRONO BONDUES 4703;ST QUENTIN;115;120
CHRONO BONDUES 4703;VALENCIENNES;63;75
CHRONO BONDUES 4703;VILLENEUVE 2;15;15
CHRONO COMPIEGNE 4345;1186 ST QUENTIN SCHUMANN SUPER;76;90
CHRONO COMPIEGNE 4345;ARRAS;118;120
CHRONO COMPIEGNE 4345;BEAUVAIS;60;60
CHRONO COMPIEGNE 4345;CALAIS;229;240
CHRONO COMPIEGNE 4345;CAMBRAI;109;120
CHRONO COMPIEGNE 4345;CHRONO AVELIN 4361;139;150
CHRONO COMPIEGNE 4345;CHRONO COMPIEGNE 4345;0;0
CHRONO COMPIEGNE 4345;CORMEILLES EN PARISIS CHRONODRIVE 413;89;90
CHRONO COMPIEGNE 4345;DOUAI;130;135
CHRONO COMPIEGNE 4345;DRIVE BEAUVAIS;61;75
CHRONO COMPIEGNE 4345;DRIVE CAMBRAI;109;120
CHRONO COMPIEGNE 4345;DRIVE DOUAI;130;135
CHRONO COMPIEGNE 4345;DRIVE DURY;86;90
CHRONO COMPIEGNE 4345;DRIVE FACHES;142;150
CHRONO COMPIEGNE 4345;DRIVE NOGENT SUR OISE;36;45
CHRONO COMPIEGNE 4345;DRIVE PETITE FORET;142;150
CHRONO COMPIEGNE 4345;DRIVE ST QUENTIN;76;90
CHRONO COMPIEGNE 4345;DRIVE VALENCIENNES;134;135
CHRONO COMPIEGNE 4345;DURY;86;90
CHRONO COMPIEGNE 4345;ENT AMIENS BINAT;84;90
CHRONO COMPIEGNE 4345;ENT AMIENS SAINT SAUVEUR FLEG;90;90
CHRONO COMPIEGNE 4345;ENT AMIENS SAINT SAUVEUR PF;90;90
CHRONO COMPIEGNE 4345;ENT AMIENS SUPER POULAINVILLE PGC;85;90
CHRONO COMPIEGNE 4345;ENT CARVIN FL;132;135
CHRONO COMPIEGNE 4345;ENT CARVIN PF;132;135
CHRONO COMPIEGNE 4345;ENT IENA;149;150
CHRONO COMPIEGNE 4345;ENT SAINGHIN1;152;165
CHRONO COMPIEGNE 4345;ENT SERRIS 1;90;90
CHRONO COMPIEGNE 4345;ENT V DHL;117;120
CHRONO COMPIEGNE 4345;ENT V GEODIS;117;120
CHRONO COMPIEGNE 4345;FACHES;142;150
CHRONO COMPIEGNE 4345;HIRSON;130;135
CHRONO COMPIEGNE 4345;LONGUEIL SAINTE MARIE SUPER 4315;15;15
CHRONO COMPIEGNE 4345;LOUVROIL;167;180
CHRONO COMPIEGNE 4345;MERU;89;90
CHRONO COMPIEGNE 4345;NOGENT SUR OISE;38;45
CHRONO COMPIEGNE 4345;NOYELLES GODAULT;122;135
CHRONO COMPIEGNE 4345;NOYON;30;30
CHRONO COMPIEGNE 4345;PETITE FORET;142;150
CHRONO COMPIEGNE 4345;SOISY;82;90
CHRONO COMPIEGNE 4345;ST QUENTIN;80;90
CHRONO COMPIEGNE 4345;TAVERNY;91;105
CHRONO COMPIEGNE 4345;VALENCIENNES;134;135
CHRONO COMPIEGNE 4345;VILLENEUVE 2;148;150
CHRONO COMPIEGNE 4345;VIRY NOUREUIL;53;60
CHRONO COUDEKERQUE 4242;914 MARQUETTE LES PARTISANS DU GOUT;71;75
CHRONO COUDEKERQUE 4242;BETHUNE;67;75
CHRONO COUDEKERQUE 4242;BOULOGNE;80;90
CHRONO COUDEKERQUE 4242;CALAIS;49;60
CHRONO COUDEKERQUE 4242;CHRONO AVELIN 4361;80;90
CHRONO COUDEKERQUE 4242;CHRONO COUDEKERQUE 4242;0;0
CHRONO COUDEKERQUE 4242;CHRONO CROIX 4154;77;90
CHRONO COUDEKERQUE 4242;CHRONO HALLENNES 4167;61;75
CHRONO COUDEKERQUE 4242;CHRONO LAMBERSART 4424;66;75
CHRONO COUDEKERQUE 4242;CHRONO MARCQ 4128;73;75
CHRONO COUDEKERQUE 4242;CHRONO WASQUEHAL 4303;77;90
CHRONO COUDEKERQUE 4242;DOUAI;111;120
CHRONO COUDEKERQUE 4242;DRIVE ARRAS;109;120
CHRONO COUDEKERQUE 4242;DRIVE BETHUNE;67;75
CHRONO COUDEKERQUE 4242;DRIVE BOULOGNE;78;90
CHRONO COUDEKERQUE 4242;DRIVE CALAIS;49;60
CHRONO COUDEKERQUE 4242;DRIVE DOUAI;111;120
CHRONO COUDEKERQUE 4242;DRIVE DUNKERQUE;12;15
CHRONO COUDEKERQUE 4242;DRIVE FACHES;74;75
CHRONO COUDEKERQUE 4242;DRIVE LEERS;86;90
CHRONO COUDEKERQUE 4242;DRIVE RONCQ;82;90
CHRONO COUDEKERQUE 4242;DRIVE ST OMER;48;60
CHRONO COUDEKERQUE 4242;DRIVE VALENCIENNES;119;120
CHRONO COUDEKERQUE 4242;DUNKERQUE;13;15
CHRONO COUDEKERQUE 4242;DURY;148;150
CHRONO COUDEKERQUE 4242;ENGLOS;62;75
CHRONO COUDEKERQUE 4242;ENT AMIENS BINAT;142;150
CHRONO COUDEKERQUE 4242;ENT AMIENS SAINT SAUVEUR FLEG;195;195
CHRONO COUDEKERQUE 4242;ENT AMIENS SAINT SAUVEUR PF;195;195
CHRONO COUDEKERQUE 4242;ENT AMIENS SUPER POULAINVILLE PGC;197;210
CHRONO COUDEKERQUE 4242;ENT CARVIN FL;90;90
CHRONO COUDEKERQUE 4242;ENT CARVIN PF;90;90
CHRONO COUDEKERQUE 4242;ENT IENA;76;90
CHRONO COUDEKERQUE 4242;ENT SAINGHIN1;78;90
CHRONO COUDEKERQUE 4242;FACHES;79;90
CHRONO COUDEKERQUE 4242;LEERS;86;90
CHRONO COUDEKERQUE 4242;RONCQ;82;90
CHRONO COUDEKERQUE 4242;ST OMER;38;45
CHRONO COUDEKERQUE 4242;VALENCIENNES;119;120
CHRONO COUDEKERQUE 4242;VILLENEUVE 2;76;90
CHRONO CROIX 4154;4536 LILLE WAZEMMES MY AUCHAN;12;15
CHRONO CROIX 4154;914 MARQUETTE LES PARTISANS DU GOUT;9;15
CHRONO CROIX 4154;AUCHAN CITY TOURCOING;6;15
CHRONO CROIX 4154;BOULOGNE;124;135
CHRONO CROIX 4154;CALAIS;122;135
CHRONO CROIX 4154;CAMBRAI;78;90
CHRONO CROIX 4154;CHRONO AVELIN 4361;22;30
CHRONO CROIX 4154;CHRONO BONDUES 4703;9;15
CHRONO CROIX 4154;CHRONO CROIX 4154;0;0
CHRONO CROIX 4154;CHRONO ELEU DIT LEAUWETTE 4462;47;60
CHRONO CROIX 4154;CHRONO HALLENNES 4167;20;30
CHRONO CROIX 4154;CHRONO LAMBERSART 4424;14;15
CHRONO CROIX 4154;CHRONO MARCQ 4128;7;15
CHRONO CROIX 4154;CHRONO VALENCIENNES 4370;56;60
CHRONO CROIX 4154;CHRONO WASQUEHAL 4303;4;15
CHRONO CROIX 4154;DRIVE CAMBRAI;78;90
CHRONO CROIX 4154;DRIVE ENGLOS;18;30
CHRONO CROIX 4154;DRIVE FACHES;16;30
CHRONO CROIX 4154;DRIVE LEERS;7;15
CHRONO CROIX 4154;DRIVE LOUVROIL;90;90
CHRONO CROIX 4154;DRIVE NOYELLES;37;45
CHRONO CROIX 4154;DRIVE PETITE FORET;52;60
CHRONO CROIX 4154;DRIVE RONCQ;10;15
CHRONO CROIX 4154;DRIVE ST OMER;75;75
CHRONO CROIX 4154;DRIVE VALENCIENNES;58;60
CHRONO CROIX 4154;DUNKERQUE;86;90
CHRONO CROIX 4154;DURY;125;135
CHRONO CROIX 4154;ENGLOS;18;30
CHRONO CROIX 4154;ENT AMIENS BINAT;126;135
CHRONO CROIX 4154;ENT AMIENS SAINT SAUVEUR FLEG;134;135
CHRONO CROIX 4154;ENT AMIENS SAINT SAUVEUR PF;134;135
CHRONO CROIX 4154;ENT AMIENS SUPER POULAINVILLE PGC;127;135
CHRONO CROIX 4154;ENT CARVIN FL;31;45
CHRONO CROIX 4154;ENT CARVIN PF;31;45
CHRONO CROIX 4154;ENT IENA;18;30
CHRONO CROIX 4154;ENT IENA1;15;15
CHRONO CROIX 4154;ENT IENA2;15;15
CHRONO CROIX 4154;ENT SAINGHIN1;17;30
CHRONO CROIX 4154;FACHES;17;30
CHRONO CROIX 4154;HIRSON;141;150
CHRONO CROIX 4154;LEERS;7;15
CHRONO CROIX 4154;NOYELLES GODAULT;39;45
CHRONO CROIX 4154;PETITE FORET;52;60
CHRONO CROIX 4154;RONCQ;10;15
CHRONO CROIX 4154;ST OMER;75;75
CHRONO CROIX 4154;VALENCIENNES;58;60
CHRONO CROIX 4154;VILLENEUVE 2;11;15
CHRONO CROIX 4154;VIRY NOUREUIL;142;150
CHRONO ELEU DIT LEAUWETTE 4462;1267 CALAIS DELAROCHE SUPER;99;105
CHRONO ELEU DIT LEAUWETTE 4462;1297 HARNES SUPER;12;15
CHRONO ELEU DIT LEAUWETTE 4462;4536 LILLE WAZEMMES MY AUCHAN;39;45
CHRONO ELEU DIT LEAUWETTE 4462;4926 BILLY BERCLAU SUPER;14;15
CHRONO ELEU DIT LEAUWETTE 4462;ARRAS;20;30
CHRONO ELEU DIT LEAUWETTE 4462;AUCHAN CITY TOURCOING;54;60
CHRONO ELEU DIT LEAUWETTE 4462;BETHUNE;25;30
CHRONO ELEU DIT LEAUWETTE 4462;BOULOGNE;104;105
CHRONO ELEU DIT LEAUWETTE 4462;CALAIS;104;105
CHRONO ELEU DIT LEAUWETTE 4462;CAMBRAI;63;75
CHRONO ELEU DIT LEAUWETTE 4462;CHRONO AVELIN 4361;30;30
CHRONO ELEU DIT LEAUWETTE 4462;CHRONO BONDUES 4703;47;60
CHRONO ELEU DIT LEAUWETTE 4462;CHRONO COMPIEGNE 4345;126;135
CHRONO ELEU DIT LEAUWETTE 4462;CHRONO COUDEKERQUE 4242;92;105
CHRONO ELEU DIT LEAUWETTE 4462;CHRONO CROIX 4154;49;60
CHRONO ELEU DIT LEAUWETTE 4462;CHRONO ELEU DIT LEAUWETTE 4462;0;0
CHRONO ELEU DIT LEAUWETTE 4462;CHRONO HALLENNES 4167;30;30
CHRONO ELEU DIT LEAUWETTE 4462;CHRONO LAMBERSART 4424;39;45
CHRONO ELEU DIT LEAUWETTE 4462;CHRONO MARCQ 4128;47;60
CHRONO ELEU DIT LEAUWETTE 4462;CHRONO VALENCIENNES 4370;63;75
CHRONO ELEU DIT LEAUWETTE 4462;CHRONO WASQUEHAL 4303;47;60
CHRONO ELEU DIT LEAUWETTE 4462;DOUAI;30;30
CHRONO ELEU DIT LEAUWETTE 4462;DRIVE ARRAS;20;30
CHRONO ELEU DIT LEAUWETTE 4462;DRIVE BETHUNE;25;30
CHRONO ELEU DIT LEAUWETTE 4462;DRIVE CAMBRAI;63;75
CHRONO ELEU DIT LEAUWETTE 4462;DRIVE DOUAI;30;30
CHRONO ELEU DIT LEAUWETTE 4462;DRIVE ENGLOS;34;45
CHRONO ELEU DIT LEAUWETTE 4462;DRIVE FACHES;33;45
CHRONO ELEU DIT LEAUWETTE 4462;DRIVE LEERS;51;60
CHRONO ELEU DIT LEAUWETTE 4462;DRIVE NOYELLES;15;15
CHRONO ELEU DIT LEAUWETTE 4462;DRIVE PETITE FORET;64;75
CHRONO ELEU DIT LEAUWETTE 4462;DRIVE RONCQ;55;60
CHRONO ELEU DIT LEAUWETTE 4462;DRIVE VALENCIENNES;62;75
CHRONO ELEU DIT LEAUWETTE 4462;DURY;84;90
CHRONO ELEU DIT LEAUWETTE 4462;ENGLOS;34;45
CHRONO ELEU DIT LEAUWETTE 4462;ENT AMIENS BINAT;80;90
CHRONO ELEU DIT LEAUWETTE 4462;ENT AMIENS SAINT SAUVEUR FLEG;87;90
CHRONO ELEU DIT LEAUWETTE 4462;ENT AMIENS SAINT SAUVEUR PF;87;90
CHRONO ELEU DIT LEAUWETTE 4462;ENT AMIENS SUPER POULAINVILLE PGC;79;90
CHRONO ELEU DIT LEAUWETTE 4462;ENT CARVIN FL;16;30
CHRONO ELEU DIT LEAUWETTE 4462;ENT CARVIN PF;16;30
CHRONO ELEU DIT LEAUWETTE 4462;ENT IENA;36;45
CHRONO ELEU DIT LEAUWETTE 4462;ENT SAINGHIN1;40;45
CHRONO ELEU DIT LEAUWETTE 4462;FACHES;35;45
CHRONO ELEU DIT LEAUWETTE 4462;HIRSON;145;150
CHRONO ELEU DIT LEAUWETTE 4462;LEERS;51;60
CHRONO ELEU DIT LEAUWETTE 4462;NOYELLES GODAULT;17;30
CHRONO ELEU DIT LEAUWETTE 4462;PETITE FORET;64;75
CHRONO ELEU DIT LEAUWETTE 4462;RONCQ;55;60
CHRONO ELEU DIT LEAUWETTE 4462;ST OMER;68;75
CHRONO ELEU DIT LEAUWETTE 4462;VALENCIENNES;62;75
CHRONO ELEU DIT LEAUWETTE 4462;VILLENEUVE 2;39;45
CHRONO ELEU DIT LEAUWETTE 4462;VIRY NOUREUIL;114;120
CHRONO HALLENNES 4167;1267 CALAIS DELAROCHE SUPER;103;105
CHRONO HALLENNES 4167;4536 LILLE WAZEMMES MY AUCHAN;9;15
CHRONO HALLENNES 4167;914 MARQUETTE LES PARTISANS DU GOUT;14;15
CHRONO HALLENNES 4167;ARRAS;50;60
CHRONO HALLENNES 4167;AUCHAN CITY TOURCOING;24;30
CHRONO HALLENNES 4167;BETHUNE;33;45
CHRONO HALLENNES 4167;BOULOGNE;109;120
CHRONO HALLENNES 4167;CALAIS;107;120
CHRONO HALLENNES 4167;CHRONO AVELIN 4361;21;30
CHRONO HALLENNES 4167;CHRONO BONDUES 4703;17;30
CHRONO HALLENNES 4167;CHRONO COUDEKERQUE 4242;62;75
CHRONO HALLENNES 4167;CHRONO CROIX 4154;21;30
CHRONO HALLENNES 4167;CHRONO ELEU DIT LEAUWETTE 4462;31;45
CHRONO HALLENNES 4167;CHRONO HALLENNES 4167;0;0
CHRONO HALLENNES 4167;CHRONO LAMBERSART 4424;10;15
CHRONO HALLENNES 4167;CHRONO MARCQ 4128;16;30
CHRONO HALLENNES 4167;CHRONO VALENCIENNES 4370;59;60
CHRONO HALLENNES 4167;CHRONO WASQUEHAL 4303;19;30
CHRONO HALLENNES 4167;DOUAI;52;60
CHRONO HALLENNES 4167;DRIVE BETHUNE;33;45
CHRONO HALLENNES 4167;DRIVE DOUAI;52;60
CHRONO HALLENNES 4167;DRIVE FACHES;16;30
CHRONO HALLENNES 4167;DRIVE LEERS;27;30
CHRONO HALLENNES 4167;DRIVE NOYELLES;37;45
CHRONO HALLENNES 4167;DRIVE PETITE FORET;54;60
CHRONO HALLENNES 4167;DRIVE RONCQ;24;30
CHRONO HALLENNES 4167;DRIVE VALENCIENNES;61;75
CHRONO HALLENNES 4167;DRIVE VILLENEUVE D'ASCQ;14;15
CHRONO HALLENNES 4167;DUNKERQUE;71;75
CHRONO HALLENNES 4167;DURY;146;150
CHRONO HALLENNES 4167;ENGLOS;3;15
CHRONO HALLENNES 4167;ENT AMIENS BINAT;110;120
CHRONO HALLENNES 4167;ENT AMIENS SAINT SAUVEUR FLEG;133;135
CHRONO HALLENNES 4167;ENT AMIENS SAINT SAUVEUR PF;133;135
CHRONO HALLENNES 4167;ENT AMIENS SUPER POULAINVILLE PGC;111;120
CHRONO HALLENNES 4167;ENT CARVIN FL;31;45
CHRONO HALLENNES 4167;ENT CARVIN PF;31;45
CHRONO HALLENNES 4167;ENT IENA;17;30
CHRONO HALLENNES 4167;ENT SAINGHIN1;21;30
CHRONO HALLENNES 4167;FACHES;16;30
CHRONO HALLENNES 4167;LEERS;27;30
CHRONO HALLENNES 4167;NOYELLES GODAULT;38;45
CHRONO HALLENNES 4167;PETITE FORET;54;60
CHRONO HALLENNES 4167;RONCQ;24;30
CHRONO HALLENNES 4167;ST OMER;60;60
CHRONO HALLENNES 4167;VALENCIENNES;61;75
CHRONO HALLENNES 4167;VILLENEUVE 2;17;30
CHRONO IFS;AUCHAN LUXEMBOURG SUPPLY;600;600
CHRONO IFS;CAEN CHRONO 352;3;15
CHRONO IFS;CHRONO IFS;0;0
CHRONO IFS;CORMEILLES EN PARISIS CHRONODRIVE 413;227;240
CHRONO IFS;ENT AMIENS BINAT;252;255
CHRONO IFS;ENT AMIENS SAINT SAUVEUR FLEG;249;255
CHRONO IFS;ENT AMIENS SAINT SAUVEUR PF;249;255
CHRONO IFS;ENT AMIENS SUPER POULAINVILLE PGC;251;255
CHRONO IFS;ENT IENA;377;390
CHRONO IFS;ENT SAINGHIN1;381;390
CHRONO IFS;ENT SERRIS 1;274;285
CHRONO IFS;FRANQUEVILLE CHRONODRIVE 4475;129;135
CHRONO IFS;IFS CHRONODRIVE 4253;0;0
CHRONO LAMBERSART 4424;4536 LILLE WAZEMMES MY AUCHAN;4;15
CHRONO LAMBERSART 4424;4926 BILLY BERCLAU SUPER;28;30
CHRONO LAMBERSART 4424;914 MARQUETTE LES PARTISANS DU GOUT;7;15
CHRONO LAMBERSART 4424;AUCHAN CITY TOURCOING;17;30
CHRONO LAMBERSART 4424;BOULOGNE;113;120
CHRONO LAMBERSART 4424;CALAIS;111;120
CHRONO LAMBERSART 4424;CAMBRAI;80;90
CHRONO LAMBERSART 4424;CHRONO AVELIN 4361;20;30
CHRONO LAMBERSART 4424;CHRONO BONDUES 4703;10;15
CHRONO LAMBERSART 4424;CHRONO CROIX 4154;13;15
CHRONO LAMBERSART 4424;CHRONO ELEU DIT LEAUWETTE 4462;39;45
CHRONO LAMBERSART 4424;CHRONO HALLENNES 4167;9;15
CHRONO LAMBERSART 4424;CHRONO LAMBERSART 4424;0;0
CHRONO LAMBERSART 4424;CHRONO MARCQ 4128;9;15
CHRONO LAMBERSART 4424;CHRONO VALENCIENNES 4370;57;60
CHRONO LAMBERSART 4424;CHRONO WASQUEHAL 4303;13;15
CHRONO LAMBERSART 4424;DOUAI;50;60
CHRONO LAMBERSART 4424;DRIVE CAMBRAI;80;90
CHRONO LAMBERSART 4424;DRIVE DOUAI;50;60
CHRONO LAMBERSART 4424;DRIVE ENGLOS;7;15
CHRONO LAMBERSART 4424;DRIVE LEERS;24;30
CHRONO LAMBERSART 4424;DRIVE NOYELLES;34;45
CHRONO LAMBERSART 4424;DRIVE PETITE FORET;52;60
CHRONO LAMBERSART 4424;DRIVE RONCQ;18;30
CHRONO LAMBERSART 4424;DRIVE VALENCIENNES;59;60
CHRONO LAMBERSART 4424;DUNKERQUE;75;75
CHRONO LAMBERSART 4424;DURY;121;135
CHRONO LAMBERSART 4424;ENGLOS;7;15
CHRONO LAMBERSART 4424;ENT AMIENS BINAT;126;135
CHRONO LAMBERSART 4424;ENT AMIENS SAINT SAUVEUR FLEG;132;135
CHRONO LAMBERSART 4424;ENT AMIENS SAINT SAUVEUR PF;132;135
CHRONO LAMBERSART 4424;ENT AMIENS SUPER POULAINVILLE PGC;127;135
CHRONO LAMBERSART 4424;ENT CARVIN FL;29;30
CHRONO LAMBERSART 4424;ENT CARVIN PF;29;30
CHRONO LAMBERSART 4424;ENT IENA;14;15
CHRONO LAMBERSART 4424;ENT SAINGHIN1;17;30
CHRONO LAMBERSART 4424;FACHES;13;15
CHRONO LAMBERSART 4424;HIRSON;143;150
CHRONO LAMBERSART 4424;LEERS;24;30
CHRONO LAMBERSART 4424;NOYELLES GODAULT;36;45
CHRONO LAMBERSART 4424;PETITE FORET;52;60
CHRONO LAMBERSART 4424;RONCQ;18;30
CHRONO LAMBERSART 4424;ST OMER;64;75
CHRONO LAMBERSART 4424;VALENCIENNES;59;60
CHRONO LAMBERSART 4424;VILLENEUVE 2;10;15
CHRONO MARCQ 4128;4536 LILLE WAZEMMES MY AUCHAN;9;15
CHRONO MARCQ 4128;4926 BILLY BERCLAU SUPER;34;45
CHRONO MARCQ 4128;914 MARQUETTE LES PARTISANS DU GOUT;4;15
CHRONO MARCQ 4128;ARRAS;62;75
CHRONO MARCQ 4128;AUCHAN CITY TOURCOING;8;15
CHRONO MARCQ 4128;BETHUNE;49;60
CHRONO MARCQ 4128;BOULOGNE;118;120
CHRONO MARCQ 4128;CAMBRAI;80;90
CHRONO MARCQ 4128;CHRONO AVELIN 4361;22;30
CHRONO MARCQ 4128;CHRONO BONDUES 4703;4;15
CHRONO MARCQ 4128;CHRONO COMPIEGNE 4345;159;165
CHRONO MARCQ 4128;CHRONO COUDEKERQUE 4242;72;75
CHRONO MARCQ 4128;CHRONO CROIX 4154;7;15
CHRONO MARCQ 4128;CHRONO ELEU DIT LEAUWETTE 4462;45;45
CHRONO MARCQ 4128;CHRONO HALLENNES 4167;16;30
CHRONO MARCQ 4128;CHRONO LAMBERSART 4424;10;15
CHRONO MARCQ 4128;CHRONO MARCQ 4128;0;0
CHRONO MARCQ 4128;CHRONO VALENCIENNES 4370;57;60
CHRONO MARCQ 4128;CHRONO WASQUEHAL 4303;3;15
CHRONO MARCQ 4128;DOUAI;52;60
CHRONO MARCQ 4128;DRIVE BETHUNE;49;60
CHRONO MARCQ 4128;DRIVE CAMBRAI;80;90
CHRONO MARCQ 4128;DRIVE DOUAI;52;60
CHRONO MARCQ 4128;DRIVE ENGLOS;13;15
CHRONO MARCQ 4128;DRIVE FACHES;16;30
CHRONO MARCQ 4128;DRIVE LEERS;13;15
CHRONO MARCQ 4128;DRIVE NOYELLES;37;45
CHRONO MARCQ 4128;DRIVE PETITE FORET;52;60
CHRONO MARCQ 4128;DRIVE RONCQ;10;15
CHRONO MARCQ 4128;DRIVE VALENCIENNES;59;60
CHRONO MARCQ 4128;DRIVE VILLENEUVE D'ASCQ;12;15
CHRONO MARCQ 4128;DUNKERQUE;81;90
CHRONO MARCQ 4128;DURY;122;135
CHRONO MARCQ 4128;ENGLOS;14;15
CHRONO MARCQ 4128;ENT AMIENS BINAT;123;135
CHRONO MARCQ 4128;ENT AMIENS SAINT SAUVEUR FLEG;134;135
CHRONO MARCQ 4128;ENT AMIENS SAINT SAUVEUR PF;134;135
CHRONO MARCQ 4128;ENT AMIENS SUPER POULAINVILLE PGC;129;135
CHRONO MARCQ 4128;ENT CARVIN FL;31;45
CHRONO MARCQ 4128;ENT CARVIN PF;31;45
CHRONO MARCQ 4128;ENT IENA;15;15
CHRONO MARCQ 4128;ENT SAINGHIN1;18;30
CHRONO MARCQ 4128;ENT SOCOPAL DIEPPE;232;240
CHRONO MARCQ 4128;FACHES;14;15
CHRONO MARCQ 4128;LEERS;13;15
CHRONO MARCQ 4128;LOUVROIL;92;105
CHRONO MARCQ 4128;NOYELLES GODAULT;38;45
CHRONO MARCQ 4128;PETITE FORET;52;60
CHRONO MARCQ 4128;RONCQ;10;15
CHRONO MARCQ 4128;SOCOPAL;232;240
CHRONO MARCQ 4128;ST OMER;71;75
CHRONO MARCQ 4128;VALENCIENNES;59;60
CHRONO MARCQ 4128;VILLENEUVE 2;11;15
CHRONO MARCQ 4128;VIRY NOUREUIL;140;150
CHRONO VALENCIENNES 4370;1186 ST QUENTIN SCHUMANN SUPER;80;90
CHRONO VALENCIENNES 4370;4536 LILLE WAZEMMES MY AUCHAN;52;60
CHRONO VALENCIENNES 4370;ARRAS;78;90
CHRONO VALENCIENNES 4370;CAMBRAI;29;30
CHRONO VALENCIENNES 4370;CHRONO AVELIN 4361;42;45
CHRONO VALENCIENNES 4370;CHRONO BONDUES 4703;60;60
CHRONO VALENCIENNES 4370;CHRONO COMPIEGNE 4345;140;150
CHRONO VALENCIENNES 4370;CHRONO CROIX 4154;55;60
CHRONO VALENCIENNES 4370;CHRONO ELEU DIT LEAUWETTE 4462;62;75
CHRONO VALENCIENNES 4370;CHRONO HALLENNES 4167;60;60
CHRONO VALENCIENNES 4370;CHRONO LAMBERSART 4424;55;60
CHRONO VALENCIENNES 4370;CHRONO MARCQ 4128;56;60
CHRONO VALENCIENNES 4370;CHRONO VALENCIENNES 4370;0;0
CHRONO VALENCIENNES 4370;CHRONO WASQUEHAL 4303;56;60
CHRONO VALENCIENNES 4370;DOUAI;42;45
CHRONO VALENCIENNES 4370;DRIVE CAMBRAI;29;30
CHRONO VALENCIENNES 4370;DRIVE DOUAI;42;45
CHRONO VALENCIENNES 4370;DRIVE LEERS;59;60
CHRONO VALENCIENNES 4370;DRIVE LOUVROIL;38;45
CHRONO VALENCIENNES 4370;DRIVE NOYELLES;53;60
CHRONO VALENCIENNES 4370;DRIVE PETITE FORET;6;15
CHRONO VALENCIENNES 4370;DRIVE RONCQ;63;75
CHRONO VALENCIENNES 4370;DRIVE VALENCIENNES;2;15
CHRONO VALENCIENNES 4370;DRIVE VILLENEUVE D'ASCQ;46;60
CHRONO VALENCIENNES 4370;DURY;109;120
CHRONO VALENCIENNES 4370;ENGLOS;59;60
CHRONO VALENCIENNES 4370;ENT AMIENS BINAT;110;120
CHRONO VALENCIENNES 4370;ENT AMIENS SAINT SAUVEUR FLEG;133;135
CHRONO VALENCIENNES 4370;ENT AMIENS SAINT SAUVEUR PF;133;135
CHRONO VALENCIENNES 4370;ENT AMIENS SUPER POULAINVILLE PGC;128;135
CHRONO VALENCIENNES 4370;ENT CARVIN FL;64;75
CHRONO VALENCIENNES 4370;ENT CARVIN PF;64;75
CHRONO VALENCIENNES 4370;ENT IENA;47;60
CHRONO VALENCIENNES 4370;ENT SAINGHIN1;45;45
CHRONO VALENCIENNES 4370;ENT SOCOPAL DIEPPE;211;225
CHRONO VALENCIENNES 4370;FACHES;49;60
CHRONO VALENCIENNES 4370;HIRSON;89;90
CHRONO VALENCIENNES 4370;LEERS;59;60
CHRONO VALENCIENNES 4370;LOUVROIL;36;45
CHRONO VALENCIENNES 4370;MONTIVILLIERS;299;300
CHRONO VALENCIENNES 4370;NOYELLES GODAULT;54;60
CHRONO VALENCIENNES 4370;PETITE FORET;6;15
CHRONO VALENCIENNES 4370;RONCQ;63;75
CHRONO VALENCIENNES 4370;SOCOPAL;211;225
CHRONO VALENCIENNES 4370;VALENCIENNES;2;15
CHRONO VALENCIENNES 4370;VILLENEUVE 2;47;60
CHRONO VALENCIENNES 4370;VIRY NOUREUIL;104;105
CHRONO WASQUEHAL 4303;4536 LILLE WAZEMMES MY AUCHAN;11;15
CHRONO WASQUEHAL 4303;4926 BILLY BERCLAU SUPER;39;45
CHRONO WASQUEHAL 4303;914 MARQUETTE LES PARTISANS DU GOUT;7;15
CHRONO WASQUEHAL 4303;ARRAS;61;75
CHRONO WASQUEHAL 4303;AUCHAN CITY TOURCOING;8;15
CHRONO WASQUEHAL 4303;BETHUNE;53;60
CHRONO WASQUEHAL 4303;CHRONO AVELIN 4361;20;30
CHRONO WASQUEHAL 4303;CHRONO BONDUES 4703;9;15
CHRONO WASQUEHAL 4303;CHRONO COMPIEGNE 4345;155;165
CHRONO WASQUEHAL 4303;CHRONO COUDEKERQUE 4242;77;90
CHRONO WASQUEHAL 4303;CHRONO CROIX 4154;4;15
CHRONO WASQUEHAL 4303;CHRONO ELEU DIT LEAUWETTE 4462;45;45
CHRONO WASQUEHAL 4303;CHRONO HALLENNES 4167;18;30
CHRONO WASQUEHAL 4303;CHRONO LAMBERSART 4424;13;15
CHRONO WASQUEHAL 4303;CHRONO MARCQ 4128;4;15
CHRONO WASQUEHAL 4303;CHRONO VALENCIENNES 4370;54;60
CHRONO WASQUEHAL 4303;CHRONO WASQUEHAL 4303;0;0
CHRONO WASQUEHAL 4303;DOUAI;47;60
CHRONO WASQUEHAL 4303;DRIVE BETHUNE;53;60
CHRONO WASQUEHAL 4303;DRIVE DOUAI;47;60
CHRONO WASQUEHAL 4303;DRIVE LEERS;13;15
CHRONO WASQUEHAL 4303;DRIVE RONCQ;12;15
CHRONO WASQUEHAL 4303;DRIVE VALENCIENNES;56;60
CHRONO WASQUEHAL 4303;ENGLOS;18;30
CHRONO WASQUEHAL 4303;ENT AMIENS BINAT;124;135
CHRONO WASQUEHAL 4303;ENT AMIENS SUPER POULAINVILLE PGC;127;135
CHRONO WASQUEHAL 4303;ENT CARVIN FL;29;30
CHRONO WASQUEHAL 4303;ENT CARVIN PF;29;30
CHRONO WASQUEHAL 4303;ENT IENA;16;30
CHRONO WASQUEHAL 4303;ENT SAINGHIN1;14;15
CHRONO WASQUEHAL 4303;FACHES;14;15
CHRONO WASQUEHAL 4303;LEERS;13;15
CHRONO WASQUEHAL 4303;NOYELLES GODAULT;36;45
CHRONO WASQUEHAL 4303;RONCQ;12;15
CHRONO WASQUEHAL 4303;VALENCIENNES;56;60
CHRONO WASQUEHAL 4303;VILLENEUVE 2;8;15
CORMEILLES EN PARISIS CHRONODRIVE 413;BEAUVAIS;69;75
CORMEILLES EN PARISIS CHRONODRIVE 413;CERGY CHRONODRIVE 469;20;30
CORMEILLES EN PARISIS CHRONODRIVE 413;CHRONO IFS;227;240
CORMEILLES EN PARISIS CHRONODRIVE 413;CORMEILLES EN PARISIS CHRONODRIVE 413;0;0
CORMEILLES EN PARISIS CHRONODRIVE 413;DRIVE OSNY;19;30
CORMEILLES EN PARISIS CHRONODRIVE 413;DRIVE ROISSY;33;45
CORMEILLES EN PARISIS CHRONODRIVE 413;DRIVE TAVERNY;11;15
CORMEILLES EN PARISIS CHRONODRIVE 413;ENT AMIENS SAINT SAUVEUR FLEG;134;135
CORMEILLES EN PARISIS CHRONODRIVE 413;ENT AMIENS SAINT SAUVEUR PF;134;135
CORMEILLES EN PARISIS CHRONODRIVE 413;ENT AMIENS SUPER POULAINVILLE PGC;137;150
CORMEILLES EN PARISIS CHRONODRIVE 413;ENT CARVIN FL;212;225
CORMEILLES EN PARISIS CHRONODRIVE 413;ENT CARVIN PF;212;225
CORMEILLES EN PARISIS CHRONODRIVE 413;ENT SERRIS 1;58;60
CORMEILLES EN PARISIS CHRONODRIVE 413;ENT SERRIS 2;60;60
CORMEILLES EN PARISIS CHRONODRIVE 413;ENT V DHL;56;60
CORMEILLES EN PARISIS CHRONODRIVE 413;ENT V GEODIS;56;60
CORMEILLES EN PARISIS CHRONODRIVE 413;FRANQUEVILLE CHRONODRIVE 4475;96;105
CORMEILLES EN PARISIS CHRONODRIVE 413;HERBLAY CHRONODRIVE 444;6;15
CORMEILLES EN PARISIS CHRONODRIVE 413;HOUILLES SUPER 1073;5;15
CORMEILLES EN PARISIS CHRONODRIVE 413;LES MUREAUX HALLES AUCHAN;35;45
CORMEILLES EN PARISIS CHRONODRIVE 413;MAUREPAS SUPER 4492;38;45
CORMEILLES EN PARISIS CHRONODRIVE 413;MERU;43;45
CORMEILLES EN PARISIS CHRONODRIVE 413;NOGENT SUR OISE;63;75
CORMEILLES EN PARISIS CHRONODRIVE 413;NOYON;115;120
CORMEILLES EN PARISIS CHRONODRIVE 413;OSNY;19;30
CORMEILLES EN PARISIS CHRONODRIVE 413;ROISSY;33;45
CORMEILLES EN PARISIS CHRONODRIVE 413;SOISY;12;15
CORMEILLES EN PARISIS CHRONODRIVE 413;TAVERNY;11;15
DIEPPE;4313 CANTELEU SUPER;59;60
DIEPPE;4977 RUE SUPER;77;90
DIEPPE;ARRAS;154;165
DIEPPE;BEAUVAIS;110;120
DIEPPE;BOULOGNE;146;150
DIEPPE;CAEN CHRONO 352;184;195
DIEPPE;CALAIS;173;180
DIEPPE;CHRONO AVELIN 4361;238;240
DIEPPE;CHRONO IFS;182;195
DIEPPE;DIEPPE;0;0
DIEPPE;DOUAI;224;225
DIEPPE;DRIVE DIEPPE;1;15
DIEPPE;DRIVE DOUAI;224;225
DIEPPE;DRIVE MONTIVILLIERS;111;120
DIEPPE;DRIVE PETITE FORET;236;240
DIEPPE;DURY;112;120
DIEPPE;ENT AMIENS SAINT SAUVEUR FLEG;115;120
DIEPPE;ENT AMIENS SAINT SAUVEUR PF;115;120
DIEPPE;ENT AMIENS SUPER POULAINVILLE PGC;117;120
DIEPPE;ENT CARVIN FL;180;180
DIEPPE;ENT CARVIN PF;180;180
DIEPPE;FACHES;242;255
DIEPPE;FRANQUEVILLE CHRONODRIVE 4475;71;75
DIEPPE;LE HAVRE;117;120
DIEPPE;LONGUEIL SAINTE MARIE SUPER 4315;164;165
DIEPPE;MERS LES BAINS;36;45
DIEPPE;MONTIVILLIERS;110;120
DIEPPE;PETITE FORET;236;240
DIEPPE;VAL DE REUIL SUPER 1209;95;105
DIFFERDANGE;AUCHAN LUXEMBOURG SUPPLY;20;30
DIFFERDANGE;DIFFERDANGE;0;0
DIFFERDANGE;ENT SERRIS 2;330;330
DIFFERDANGE;KIRCHBERG;25;30
DIFFERDANGE;LA CLOCHE D'OR;36;45
DIFFERDANGE;LAXOU;122;135
DIFFERDANGE;MONT SAINT MARTIN;13;15
DIFFERDANGE;NANCY CENTRE;124;135
DIFFERDANGE;SEMECOURT;61;75
DIFFERDANGE;STRASBOURG;229;240
DIFFERDANGE;TOMBLAINE;124;135
DOUAI;1297 HARNES SUPER;25;30
DOUAI;4926 BILLY BERCLAU SUPER;36;45
DOUAI;914 MARQUETTE LES PARTISANS DU GOUT;48;60
DOUAI;ARRAS;31;45
DOUAI;AUCHAN CITY TOURCOING;55;60
DOUAI;BETHUNE;51;60
DOUAI;BOULOGNE;129;135
DOUAI;CALAIS;133;135
DOUAI;CAMBRAI;26;30
DOUAI;CHRONO AVELIN 4361;27;30
DOUAI;CHRONO BONDUES 4703;55;60
DOUAI;CHRONO COUDEKERQUE 4242;109;120
DOUAI;CHRONO CROIX 4154;52;60
DOUAI;CHRONO ELEU DIT LEAUWETTE 4462;30;30
DOUAI;CHRONO HALLENNES 4167;43;45
DOUAI;CHRONO LAMBERSART 4424;47;60
DOUAI;CHRONO MARCQ 4128;51;60
DOUAI;CHRONO VALENCIENNES 4370;42;45
DOUAI;CHRONO WASQUEHAL 4303;51;60
DOUAI;DIEPPE;224;225
DOUAI;DIEPPE;172;180
DOUAI;DOUAI;0;0
DOUAI;DRIVE ARRAS;32;45
DOUAI;DRIVE BETHUNE;51;60
DOUAI;DRIVE BOULOGNE;132;135
DOUAI;DRIVE CALAIS;130;135
DOUAI;DRIVE CAMBRAI;26;30
DOUAI;DRIVE CERGY;200;210
DOUAI;DRIVE DOUAI;0;0
DOUAI;DRIVE DURY;115;120
DOUAI;DRIVE ENGLOS;52;60
DOUAI;DRIVE FACHES;36;45
DOUAI;DRIVE LEERS;52;60
DOUAI;DRIVE LOUVROIL;75;75
DOUAI;DRIVE NOYELLES;21;30
DOUAI;DRIVE NOYON;107;120
DOUAI;DRIVE PETITE FORET;44;45
DOUAI;DRIVE RONCQ;56;60
DOUAI;DRIVE ST QUENTIN;66;75
DOUAI;DRIVE VALENCIENNES;42;45
DOUAI;DRIVE VILLENEUVE D'ASCQ;40;45
DOUAI;DUNKERQUE;118;120
DOUAI;DURY;87;90
DOUAI;ENGLOS;52;60
DOUAI;ENT AMIENS BINAT;83;90
DOUAI;ENT AMIENS SAINT SAUVEUR FLEG;123;135
DOUAI;ENT AMIENS SAINT SAUVEUR PF;123;135
DOUAI;ENT AMIENS SUPER POULAINVILLE PGC;119;120
DOUAI;ENT CARVIN FL;27;30
DOUAI;ENT CARVIN PF;27;30
DOUAI;ENT IENA;37;45
DOUAI;ENT IENA1;38;45
DOUAI;ENT IENA2;38;45
DOUAI;ENT SAINGHIN1;41;45
DOUAI;ENT SERRIS 1;215;225
DOUAI;ENT SOCOPAL DIEPPE;201;210
DOUAI;ENT V DHL;231;240
DOUAI;ENT V GEODIS;231;240
DOUAI;FACHES;36;45
DOUAI;HIRSON;96;105
DOUAI;LE HAVRE;270;270
DOUAI;LEERS;52;60
DOUAI;LOUVROIL;75;75
DOUAI;MERS LES BAINS;138;150
DOUAI;MONTIVILLIERS;260;270
DOUAI;NOGENT SUR OISE;154;165
DOUAI;NOYELLES GODAULT;15;15
DOUAI;NOYON;107;120
DOUAI;PETITE FORET;44;45
DOUAI;RONCQ;56;60
DOUAI;SOCOPAL;201;210
DOUAI;ST OMER;90;90
DOUAI;ST QUENTIN;62;75
DOUAI;VALENCIENNES;42;45
DOUAI;VILLENEUVE 2;41;45
DOUAI;VIRY NOUREUIL;95;105
DRIVE ARRAS;ARRAS;1;15
DRIVE ARRAS;AUCHAN CITY TOURCOING;70;75
DRIVE ARRAS;BETHUNE;36;45
DRIVE ARRAS;CALAIS;115;120
DRIVE ARRAS;CAMBRAI;54;60
DRIVE ARRAS;CHERBOURG;428;435
DRIVE ARRAS;CHRONO AVELIN 4361;48;60
DRIVE ARRAS;CHRONO ELEU DIT LEAUWETTE 4462;20;30
DRIVE ARRAS;CHRONO HALLENNES 4167;49;60
DRIVE ARRAS;CHRONO WASQUEHAL 4303;65;75
DRIVE ARRAS;DOUAI;32;45
DRIVE ARRAS;DRIVE ARRAS;0;0
DRIVE ARRAS;DRIVE BEAUVAIS;132;135
DRIVE ARRAS;DRIVE BETHUNE;36;45
DRIVE ARRAS;DRIVE BOULOGNE;123;135
DRIVE ARRAS;DRIVE CALAIS;115;120
DRIVE ARRAS;DRIVE CAMBRAI;54;60
DRIVE ARRAS;DRIVE CHERBOURG;428;435
DRIVE ARRAS;DRIVE DOUAI;32;45
DRIVE ARRAS;DRIVE DUNKERQUE;120;120
DRIVE ARRAS;DRIVE ENGLOS;53;60
DRIVE ARRAS;DRIVE FACHES;52;60
DRIVE ARRAS;DRIVE LEERS;70;75
DRIVE ARRAS;DRIVE NOYELLES;27;30
DRIVE ARRAS;DRIVE PETITE FORET;82;90
DRIVE ARRAS;DRIVE RONCQ;72;75
DRIVE ARRAS;DRIVE VALENCIENNES;76;90
DRIVE ARRAS;DRIVE VILLENEUVE D'ASCQ;58;60
DRIVE ARRAS;DURY;81;90
DRIVE ARRAS;ENGLOS;52;60
DRIVE ARRAS;ENT AMIENS BINAT;64;75
DRIVE ARRAS;ENT AMIENS SAINT SAUVEUR FLEG;69;75
DRIVE ARRAS;ENT AMIENS SAINT SAUVEUR PF;69;75
DRIVE ARRAS;ENT AMIENS SUPER POULAINVILLE PGC;61;75
DRIVE ARRAS;ENT CARVIN FL;34;45
DRIVE ARRAS;ENT CARVIN PF;34;45
DRIVE ARRAS;ENT IENA;50;60
DRIVE ARRAS;ENT SAINGHIN1;54;60
DRIVE ARRAS;ENT SOCOPAL DIEPPE;161;165
DRIVE ARRAS;FACHES;52;60
DRIVE ARRAS;HIRSON;114;120
DRIVE ARRAS;LEERS;70;75
DRIVE ARRAS;LOUVROIL;112;120
DRIVE ARRAS;NOYELLES GODAULT;28;30
DRIVE ARRAS;PETITE FORET;82;90
DRIVE ARRAS;RONCQ;72;75
DRIVE ARRAS;SOCOPAL;161;165
DRIVE ARRAS;ST OMER;76;90
DRIVE ARRAS;ST QUENTIN;82;90
DRIVE ARRAS;VALENCIENNES;76;90
DRIVE ARRAS;VILLENEUVE 2;58;60
DRIVE ARRAS;VIRY NOUREUIL;103;105
DRIVE BEAUVAIS;4313 CANTELEU SUPER;93;105
DRIVE BEAUVAIS;ARRAS;133;135
DRIVE BEAUVAIS;BEAUVAIS;0;0
DRIVE BEAUVAIS;BETHUNE;188;195
DRIVE BEAUVAIS;CAMBRAI;155;165
DRIVE BEAUVAIS;CERGY;53;60
DRIVE BEAUVAIS;CERGY CHRONODRIVE 469;56;60
DRIVE BEAUVAIS;CHRONO COMPIEGNE 4345;60;60
DRIVE BEAUVAIS;CORMEILLES EN PARISIS CHRONODRIVE 413;71;75
DRIVE BEAUVAIS;DRIVE BEAUVAIS;0;0
DRIVE BEAUVAIS;DRIVE BETHUNE;188;195
DRIVE BEAUVAIS;DRIVE CAMBRAI;155;165
DRIVE BEAUVAIS;DRIVE CERGY;61;75
DRIVE BEAUVAIS;DRIVE NOGENT SUR OISE;41;45
DRIVE BEAUVAIS;DRIVE NOYON;82;90
DRIVE BEAUVAIS;DRIVE OSNY;49;60
DRIVE BEAUVAIS;DRIVE PETITE FORET;183;195
DRIVE BEAUVAIS;DRIVE ROISSY;71;75
DRIVE BEAUVAIS;DRIVE RONCQ;209;210
DRIVE BEAUVAIS;DRIVE TAVERNY;58;60
DRIVE BEAUVAIS;DURY;59;60
DRIVE BEAUVAIS;ENT AMIENS BINAT;72;75
DRIVE BEAUVAIS;ENT AMIENS SAINT SAUVEUR FLEG;69;75
DRIVE BEAUVAIS;ENT AMIENS SAINT SAUVEUR PF;69;75
DRIVE BEAUVAIS;ENT AMIENS SUPER POULAINVILLE PGC;72;75
DRIVE BEAUVAIS;ENT CARVIN FL;179;180
DRIVE BEAUVAIS;ENT CARVIN PF;179;180
DRIVE BEAUVAIS;ENT IENA;190;195
DRIVE BEAUVAIS;ENT SAINGHIN1;193;195
DRIVE BEAUVAIS;ENT SERRIS 1;106;120
DRIVE BEAUVAIS;ENT V DHL;113;120
DRIVE BEAUVAIS;ENT V GEODIS;113;120
DRIVE BEAUVAIS;HERBLAY CHRONODRIVE 444;58;60
DRIVE BEAUVAIS;HOUILLES SUPER 1073;75;75
DRIVE BEAUVAIS;LA QUEUE LES YVELINES SUPER 1096;117;120
DRIVE BEAUVAIS;LONGUEIL SAINTE MARIE SUPER 4315;54;60
DRIVE BEAUVAIS;MAUREPAS SUPER 4492;106;120
DRIVE BEAUVAIS;MERU;31;45
DRIVE BEAUVAIS;NOGENT SUR OISE;43;45
DRIVE BEAUVAIS;NOYON;80;90
DRIVE BEAUVAIS;OSNY;49;60
DRIVE BEAUVAIS;PETITE FORET;183;195
DRIVE BEAUVAIS;ROISSY;70;75
DRIVE BEAUVAIS;RONCQ;209;210
DRIVE BEAUVAIS;SOISY;63;75
DRIVE BEAUVAIS;TAVERNY;58;60
DRIVE BEAUVAIS;VIRY NOUREUIL;103;105
DRIVE BETHUNE;1267 CALAIS DELAROCHE SUPER;78;90
DRIVE BETHUNE;1297 HARNES SUPER;32;45
DRIVE BETHUNE;4536 LILLE WAZEMMES MY AUCHAN;43;45
DRIVE BETHUNE;4926 BILLY BERCLAU SUPER;20;30
DRIVE BETHUNE;4977 RUE SUPER;110;120
DRIVE BETHUNE;914 MARQUETTE LES PARTISANS DU GOUT;45;45
DRIVE BETHUNE;ARRAS;37;45
DRIVE BETHUNE;AUCHAN CITY TOURCOING;56;60
DRIVE BETHUNE;BEAUVAIS;187;195
DRIVE BETHUNE;BETHUNE;0;0
DRIVE BETHUNE;BOULOGNE;82;90
DRIVE BETHUNE;CALAIS;86;90
DRIVE BETHUNE;CAMBRAI;70;75
DRIVE BETHUNE;CHRONO AVELIN 4361;41;45
DRIVE BETHUNE;CHRONO BONDUES 4703;51;60
DRIVE BETHUNE;CHRONO COUDEKERQUE 4242;67;75
DRIVE BETHUNE;CHRONO CROIX 4154;54;60
DRIVE BETHUNE;CHRONO ELEU DIT LEAUWETTE 4462;23;30
DRIVE BETHUNE;CHRONO HALLENNES 4167;32;45
DRIVE BETHUNE;CHRONO LAMBERSART 4424;43;45
DRIVE BETHUNE;CHRONO MARCQ 4128;50;60
DRIVE BETHUNE;CHRONO VALENCIENNES 4370;82;90
DRIVE BETHUNE;CHRONO WASQUEHAL 4303;53;60
DRIVE BETHUNE;DIEPPE;155;165
DRIVE BETHUNE;DIEPPE;153;165
DRIVE BETHUNE;DOUAI;49;60
DRIVE BETHUNE;DRIVE ARRAS;33;45
DRIVE BETHUNE;DRIVE BETHUNE;0;0
DRIVE BETHUNE;DRIVE CALAIS;83;90
DRIVE BETHUNE;DRIVE CAMBRAI;70;75
DRIVE BETHUNE;DRIVE DOUAI;49;60
DRIVE BETHUNE;DRIVE DUNKERQUE;75;75
DRIVE BETHUNE;DRIVE ENGLOS;36;45
DRIVE BETHUNE;DRIVE FACHES;47;60
DRIVE BETHUNE;DRIVE LEERS;60;60
DRIVE BETHUNE;DRIVE LOUVROIL;115;120
DRIVE BETHUNE;DRIVE NOYELLES;35;45
DRIVE BETHUNE;DRIVE NOYON;132;135
DRIVE BETHUNE;DRIVE PETITE FORET;80;90
DRIVE BETHUNE;DRIVE RONCQ;56;60
DRIVE BETHUNE;DRIVE ST OMER;44;45
DRIVE BETHUNE;DRIVE VALENCIENNES;82;90
DRIVE BETHUNE;DRIVE VILLENEUVE D'ASCQ;45;45
DRIVE BETHUNE;DUNKERQUE;76;90
DRIVE BETHUNE;DURY;89;90
DRIVE BETHUNE;ENGLOS;36;45
DRIVE BETHUNE;ENT AMIENS BINAT;83;90
DRIVE BETHUNE;ENT AMIENS SAINT SAUVEUR FLEG;119;120
DRIVE BETHUNE;ENT AMIENS SAINT SAUVEUR PF;119;120
DRIVE BETHUNE;ENT AMIENS SUPER POULAINVILLE PGC;96;105
DRIVE BETHUNE;ENT CARVIN FL;37;45
DRIVE BETHUNE;ENT CARVIN PF;37;45
DRIVE BETHUNE;ENT IENA;48;60
DRIVE BETHUNE;ENT IENA1;59;60
DRIVE BETHUNE;ENT IENA2;59;60
DRIVE BETHUNE;ENT SAINGHIN1;52;60
DRIVE BETHUNE;ENT SOCOPAL DIEPPE;162;165
DRIVE BETHUNE;FACHES;47;60
DRIVE BETHUNE;HIRSON;144;150
DRIVE BETHUNE;LEERS;60;60
DRIVE BETHUNE;LONGUEIL SAINTE MARIE SUPER 4315;147;150
DRIVE BETHUNE;LOUVROIL;115;120
DRIVE BETHUNE;MERS LES BAINS;120;120
DRIVE BETHUNE;MERU;213;225
DRIVE BETHUNE;MONTIVILLIERS;251;255
DRIVE BETHUNE;NOYELLES GODAULT;36;45
DRIVE BETHUNE;NOYON;132;135
DRIVE BETHUNE;PETITE FORET;80;90
DRIVE BETHUNE;RONCQ;56;60
DRIVE BETHUNE;SOCOPAL;162;165
DRIVE BETHUNE;ST OMER;42;45
DRIVE BETHUNE;ST QUENTIN;100;105
DRIVE BETHUNE;VALENCIENNES;82;90
DRIVE BETHUNE;VILLENEUVE 2;46;60
DRIVE BETHUNE;VIRY NOUREUIL;127;135
DRIVE BOULOGNE;CALAIS;41;45
DRIVE BOULOGNE;CAMBRAI;147;150
DRIVE BOULOGNE;CHRONO COUDEKERQUE 4242;80;90
DRIVE BOULOGNE;CHRONO LAMBERSART 4424;112;120
DRIVE BOULOGNE;CHRONO WASQUEHAL 4303;122;135
DRIVE BOULOGNE;DOUAI;131;135
DRIVE BOULOGNE;DRIVE BOULOGNE;0;0
DRIVE BOULOGNE;DRIVE CALAIS;34;45
DRIVE BOULOGNE;DRIVE CAMBRAI;147;150
DRIVE BOULOGNE;DRIVE DIEPPE;146;150
DRIVE BOULOGNE;DRIVE DOUAI;131;135
DRIVE BOULOGNE;DRIVE DUNKERQUE;71;75
DRIVE BOULOGNE;DRIVE ENGLOS;106;120
DRIVE BOULOGNE;DRIVE LEERS;129;135
DRIVE BOULOGNE;DRIVE NOYELLES;116;120
DRIVE BOULOGNE;DRIVE PETITE FORET;157;165
DRIVE BOULOGNE;DRIVE ST OMER;48;60
DRIVE BOULOGNE;DRIVE VALENCIENNES;163;165
DRIVE BOULOGNE;DUNKERQUE;72;75
DRIVE BOULOGNE;DURY;126;135
DRIVE BOULOGNE;ENT AMIENS BINAT;125;135
DRIVE BOULOGNE;ENT AMIENS SAINT SAUVEUR FLEG;122;135
DRIVE BOULOGNE;ENT AMIENS SAINT SAUVEUR PF;122;135
DRIVE BOULOGNE;ENT AMIENS SUPER POULAINVILLE PGC;125;135
DRIVE BOULOGNE;ENT CARVIN FL;115;120
DRIVE BOULOGNE;ENT CARVIN PF;115;120
DRIVE BOULOGNE;ENT IENA;120;120
DRIVE BOULOGNE;ENT SAINGHIN1;124;135
DRIVE BOULOGNE;ENT SOCOPAL DIEPPE;152;165
DRIVE BOULOGNE;FACHES;119;120
DRIVE BOULOGNE;LEERS;129;135
DRIVE BOULOGNE;MERS LES BAINS;110;120
DRIVE BOULOGNE;NOYELLES GODAULT;117;120
DRIVE BOULOGNE;PETITE FORET;157;165
DRIVE BOULOGNE;SOCOPAL;152;165
DRIVE BOULOGNE;ST OMER;49;60
DRIVE BOULOGNE;VALENCIENNES;163;165
DRIVE BOULOGNE;VILLENEUVE 2;118;120
DRIVE CALAIS;1267 CALAIS DELAROCHE SUPER;5;15
DRIVE CALAIS;914 MARQUETTE LES PARTISANS DU GOUT;116;120
DRIVE CALAIS;ARRAS;115;120
DRIVE CALAIS;BETHUNE;83;90
DRIVE CALAIS;BOULOGNE;37;45
DRIVE CALAIS;CALAIS;1;15
DRIVE CALAIS;CAMBRAI;148;150
DRIVE CALAIS;CHRONO AVELIN 4361;125;135
DRIVE CALAIS;CHRONO BONDUES 4703;119;120
DRIVE CALAIS;CHRONO COUDEKERQUE 4242;49;60
DRIVE CALAIS;CHRONO HALLENNES 4167;106;120
DRIVE CALAIS;CHRONO WASQUEHAL 4303;122;135
DRIVE CALAIS;DOUAI;132;135
DRIVE CALAIS;DRIVE BETHUNE;83;90
DRIVE CALAIS;DRIVE BOULOGNE;36;45
DRIVE CALAIS;DRIVE CALAIS;0;0
DRIVE CALAIS;DRIVE CAMBRAI;148;150
DRIVE CALAIS;DRIVE DOUAI;132;135
DRIVE CALAIS;DRIVE DUNKERQUE;39;45
DRIVE CALAIS;DRIVE ENGLOS;106;120
DRIVE CALAIS;DRIVE LEERS;131;135
DRIVE CALAIS;DRIVE RONCQ;126;135
DRIVE CALAIS;DRIVE ST OMER;45;45
DRIVE CALAIS;DUNKERQUE;41;45
DRIVE CALAIS;DURY;164;165
DRIVE CALAIS;ENGLOS;107;120
DRIVE CALAIS;ENT AMIENS BINAT;155;165
DRIVE CALAIS;ENT AMIENS SAINT SAUVEUR FLEG;149;150
DRIVE CALAIS;ENT AMIENS SAINT SAUVEUR PF;149;150
DRIVE CALAIS;ENT AMIENS SUPER POULAINVILLE PGC;151;165
DRIVE CALAIS;ENT CARVIN FL;116;120
DRIVE CALAIS;ENT CARVIN PF;116;120
DRIVE CALAIS;ENT IENA;120;120
DRIVE CALAIS;ENT IENA1;121;135
DRIVE CALAIS;ENT IENA2;121;135
DRIVE CALAIS;ENT SAINGHIN1;123;135
DRIVE CALAIS;ENT SOCOPAL DIEPPE;179;180
DRIVE CALAIS;FACHES;120;120
DRIVE CALAIS;LEERS;131;135
DRIVE CALAIS;LOUVROIL;197;210
DRIVE CALAIS;NOYELLES GODAULT;118;120
DRIVE CALAIS;RONCQ;126;135
DRIVE CALAIS;SOCOPAL;179;180
DRIVE CALAIS;ST OMER;46;60
DRIVE CALAIS;VILLENEUVE 2;120;120
DRIVE CAMBRAI;1186 ST QUENTIN SCHUMANN SUPER;54;60
DRIVE CAMBRAI;1297 HARNES SUPER;58;60
DRIVE CAMBRAI;914 MARQUETTE LES PARTISANS DU GOUT;79;90
DRIVE CAMBRAI;ARRAS;52;60
DRIVE CAMBRAI;AUCHAN CITY TOURCOING;84;90
DRIVE CAMBRAI;BEAUVAIS;154;165
DRIVE CAMBRAI;BETHUNE;68;75
DRIVE CAMBRAI;BOULOGNE;147;150
DRIVE CAMBRAI;CAMBRAI;0;0
DRIVE CAMBRAI;CHRONO AVELIN 4361;68;75
DRIVE CAMBRAI;CHRONO BONDUES 4703;83;90
DRIVE CAMBRAI;CHRONO COMPIEGNE 4345;109;120
DRIVE CAMBRAI;CHRONO CROIX 4154;78;90
DRIVE CAMBRAI;CHRONO ELEU DIT LEAUWETTE 4462;63;75
DRIVE CAMBRAI;CHRONO HALLENNES 4167;83;90
DRIVE CAMBRAI;CHRONO LAMBERSART 4424;79;90
DRIVE CAMBRAI;CHRONO MARCQ 4128;79;90
DRIVE CAMBRAI;CHRONO VALENCIENNES 4370;29;30
DRIVE CAMBRAI;CHRONO WASQUEHAL 4303;79;90
DRIVE CAMBRAI;DOUAI;25;30
DRIVE CAMBRAI;DRIVE ARRAS;55;60
DRIVE CAMBRAI;DRIVE BETHUNE;68;75
DRIVE CAMBRAI;DRIVE CALAIS;147;150
DRIVE CAMBRAI;DRIVE CAMBRAI;0;0
DRIVE CAMBRAI;DRIVE DIEPPE;208;210
DRIVE CAMBRAI;DRIVE DOUAI;25;30
DRIVE CAMBRAI;DRIVE ENGLOS;82;90
DRIVE CAMBRAI;DRIVE FACHES;72;75
DRIVE CAMBRAI;DRIVE LEERS;82;90
DRIVE CAMBRAI;DRIVE LOUVROIL;61;75
DRIVE CAMBRAI;DRIVE NOYELLES;55;60
DRIVE CAMBRAI;DRIVE PETITE FORET;31;45
DRIVE CAMBRAI;DRIVE RONCQ;86;90
DRIVE CAMBRAI;DRIVE ST QUENTIN;49;60
DRIVE CAMBRAI;DRIVE VALENCIENNES;28;30
DRIVE CAMBRAI;DUNKERQUE;149;150
DRIVE CAMBRAI;DURY;98;105
DRIVE CAMBRAI;ENGLOS;82;90
DRIVE CAMBRAI;ENT AMIENS BINAT;101;105
DRIVE CAMBRAI;ENT AMIENS SAINT SAUVEUR FLEG;107;120
DRIVE CAMBRAI;ENT AMIENS SAINT SAUVEUR PF;107;120
DRIVE CAMBRAI;ENT AMIENS SUPER POULAINVILLE PGC;102;105
DRIVE CAMBRAI;ENT CARVIN FL;61;75
DRIVE CAMBRAI;ENT CARVIN PF;61;75
DRIVE CAMBRAI;ENT SAINGHIN1;68;75
DRIVE CAMBRAI;ENT SOCOPAL DIEPPE;185;195
DRIVE CAMBRAI;FACHES;73;75
DRIVE CAMBRAI;HIRSON;75;75
DRIVE CAMBRAI;LEERS;82;90
DRIVE CAMBRAI;LOUVROIL;62;75
DRIVE CAMBRAI;MERU;180;180
DRIVE CAMBRAI;NOGENT SUR OISE;138;150
DRIVE CAMBRAI;NOYELLES GODAULT;55;60
DRIVE CAMBRAI;PETITE FORET;31;45
DRIVE CAMBRAI;RONCQ;86;90
DRIVE CAMBRAI;SOCOPAL;185;195
DRIVE CAMBRAI;ST OMER;111;120
DRIVE CAMBRAI;ST QUENTIN;50;60
DRIVE CAMBRAI;VALENCIENNES;28;30
DRIVE CAMBRAI;VILLENEUVE 2;70;75
DRIVE CAMBRAI;VIRY NOUREUIL;78;90
DRIVE CERGY;BEAUVAIS;61;75
DRIVE CERGY;CERGY;1;15
DRIVE CERGY;CERGY CHRONODRIVE 469;6;15
DRIVE CERGY;CHERBOURG;340;345
DRIVE CERGY;CORMEILLES EN PARISIS CHRONODRIVE 413;16;30
DRIVE CERGY;DRIVE CERGY;0;0
DRIVE CERGY;DRIVE CHERBOURG;340;345
DRIVE CERGY;DRIVE NOGENT SUR OISE;57;60
DRIVE CERGY;DRIVE NOYON;118;120
DRIVE CERGY;DRIVE OSNY;6;15
DRIVE CERGY;DRIVE ROISSY;42;45
DRIVE CERGY;DRIVE TAVERNY;16;30
DRIVE CERGY;DURY;115;120
DRIVE CERGY;ENT AMIENS SAINT SAUVEUR FLEG;126;135
DRIVE CERGY;ENT AMIENS SAINT SAUVEUR PF;126;135
DRIVE CERGY;ENT AMIENS SUPER POULAINVILLE PGC;128;135
DRIVE CERGY;ENT SERRIS 1;69;75
DRIVE CERGY;ENT SERRIS 2;69;75
DRIVE CERGY;ENT V DHL;68;75
DRIVE CERGY;ENT V GEODIS;68;75
DRIVE CERGY;FRANQUEVILLE CHRONODRIVE 4475;82;90
DRIVE CERGY;HERBLAY CHRONODRIVE 444;10;15
DRIVE CERGY;HOUILLES SUPER 1073;28;30
DRIVE CERGY;LA QUEUE LES YVELINES SUPER 1096;55;60
DRIVE CERGY;LE CHESNAY PARLY 2 SUPER 1144;30;30
DRIVE CERGY;LES MUREAUX HALLES AUCHAN;22;30
DRIVE CERGY;MERU;25;30
DRIVE CERGY;NOGENT SUR OISE;55;60
DRIVE CERGY;NOYON;118;120
DRIVE CERGY;OSNY;6;15
DRIVE CERGY;ROISSY;42;45
DRIVE CERGY;SOISY;22;30
DRIVE CERGY;TAVERNY;16;30
DRIVE CERGY;VAL DE REUIL SUPER 1209;95;105
DRIVE CERGY;VERNEUIL 1 VERGER SUPER 4981;20;30
DRIVE CHERBOURG;CHERBOURG;0;0
DRIVE CHERBOURG;DIEPPE;288;300
DRIVE CHERBOURG;DRIVE CHERBOURG;0;0
DRIVE CHERBOURG;DRIVE RONCQ;490;495
DRIVE CHERBOURG;DRIVE VILLENEUVE D'ASCQ;476;480
DRIVE CHERBOURG;ENT AMIENS BINAT;368;375
DRIVE CHERBOURG;ENT AMIENS SAINT SAUVEUR FLEG;370;375
DRIVE CHERBOURG;ENT AMIENS SAINT SAUVEUR PF;370;375
DRIVE CHERBOURG;ENT AMIENS SUPER POULAINVILLE PGC;373;375
DRIVE CHERBOURG;ENT IENA;471;480
DRIVE CHERBOURG;ENT SAINGHIN1;475;480
DRIVE CHERBOURG;ENT SOCOPAL DIEPPE;282;285
DRIVE CHERBOURG;FACHES;470;480
DRIVE CHERBOURG;LE HAVRE;212;225
DRIVE CHERBOURG;MERS LES BAINS;322;330
DRIVE CHERBOURG;MONTIVILLIERS;205;210
DRIVE CHERBOURG;RONCQ;490;495
DRIVE CHERBOURG;SOCOPAL;282;285
DRIVE CHERBOURG;SOISY;354;360
DRIVE DIEPPE;4313 CANTELEU SUPER;61;75
DRIVE DIEPPE;4977 RUE SUPER;76;90
DRIVE DIEPPE;DIEPPE;3;15
DRIVE DIEPPE;DRIVE BOULOGNE;143;150
DRIVE DIEPPE;DRIVE DIEPPE;0;0
DRIVE DIEPPE;DRIVE LE HAVRE;117;120
DRIVE DIEPPE;DRIVE MONTIVILLIERS;113;120
DRIVE DIEPPE;DRIVE RONCQ;265;270
DRIVE DIEPPE;DRIVE VALENCIENNES;236;240
DRIVE DIEPPE;DURY;115;120
DRIVE DIEPPE;ENT AMIENS BINAT;120;120
DRIVE DIEPPE;ENT AMIENS SAINT SAUVEUR FLEG;117;120
DRIVE DIEPPE;ENT AMIENS SAINT SAUVEUR PF;117;120
DRIVE DIEPPE;ENT AMIENS SUPER POULAINVILLE PGC;119;120
DRIVE DIEPPE;ENT CARVIN FL;179;180
DRIVE DIEPPE;ENT CARVIN PF;179;180
DRIVE DIEPPE;FRANQUEVILLE CHRONODRIVE 4475;73;75
DRIVE DIEPPE;LE HAVRE;119;120
DRIVE DIEPPE;MERS LES BAINS;35;45
DRIVE DIEPPE;MONTIVILLIERS;113;120
DRIVE DIEPPE;RONCQ;265;270
DRIVE DIEPPE;VAL DE REUIL SUPER 1209;97;105
DRIVE DIEPPE;VALENCIENNES;236;240
DRIVE DOUAI;1297 HARNES SUPER;25;30
DRIVE DOUAI;4926 BILLY BERCLAU SUPER;36;45
DRIVE DOUAI;914 MARQUETTE LES PARTISANS DU GOUT;48;60
DRIVE DOUAI;ARRAS;31;45
DRIVE DOUAI;AUCHAN CITY TOURCOING;55;60
DRIVE DOUAI;BETHUNE;51;60
DRIVE DOUAI;BOULOGNE;129;135
DRIVE DOUAI;CALAIS;133;135
DRIVE DOUAI;CAMBRAI;26;30
DRIVE DOUAI;CHRONO AVELIN 4361;27;30
DRIVE DOUAI;CHRONO BONDUES 4703;55;60
DRIVE DOUAI;CHRONO COUDEKERQUE 4242;109;120
DRIVE DOUAI;CHRONO CROIX 4154;52;60
DRIVE DOUAI;CHRONO ELEU DIT LEAUWETTE 4462;30;30
DRIVE DOUAI;CHRONO HALLENNES 4167;43;45
DRIVE DOUAI;CHRONO LAMBERSART 4424;47;60
DRIVE DOUAI;CHRONO MARCQ 4128;51;60
DRIVE DOUAI;CHRONO VALENCIENNES 4370;42;45
DRIVE DOUAI;CHRONO WASQUEHAL 4303;51;60
DRIVE DOUAI;DIEPPE;224;225
DRIVE DOUAI;DIEPPE;172;180
DRIVE DOUAI;DOUAI;0;0
DRIVE DOUAI;DRIVE ARRAS;32;45
DRIVE DOUAI;DRIVE BETHUNE;51;60
DRIVE DOUAI;DRIVE BOULOGNE;132;135
DRIVE DOUAI;DRIVE CALAIS;130;135
DRIVE DOUAI;DRIVE CAMBRAI;26;30
DRIVE DOUAI;DRIVE CERGY;200;210
DRIVE DOUAI;DRIVE DOUAI;0;0
DRIVE DOUAI;DRIVE DURY;115;120
DRIVE DOUAI;DRIVE ENGLOS;52;60
DRIVE DOUAI;DRIVE FACHES;36;45
DRIVE DOUAI;DRIVE LEERS;52;60
DRIVE DOUAI;DRIVE LOUVROIL;75;75
DRIVE DOUAI;DRIVE NOYELLES;21;30
DRIVE DOUAI;DRIVE NOYON;107;120
DRIVE DOUAI;DRIVE PETITE FORET;44;45
DRIVE DOUAI;DRIVE RONCQ;56;60
DRIVE DOUAI;DRIVE ST QUENTIN;66;75
DRIVE DOUAI;DRIVE VALENCIENNES;42;45
DRIVE DOUAI;DRIVE VILLENEUVE D'ASCQ;40;45
DRIVE DOUAI;DUNKERQUE;118;120
DRIVE DOUAI;DURY;87;90
DRIVE DOUAI;ENGLOS;52;60
DRIVE DOUAI;ENT AMIENS BINAT;83;90
DRIVE DOUAI;ENT AMIENS SAINT SAUVEUR FLEG;123;135
DRIVE DOUAI;ENT AMIENS SAINT SAUVEUR PF;123;135
DRIVE DOUAI;ENT AMIENS SUPER POULAINVILLE PGC;119;120
DRIVE DOUAI;ENT CARVIN FL;27;30
DRIVE DOUAI;ENT CARVIN PF;27;30
DRIVE DOUAI;ENT IENA;37;45
DRIVE DOUAI;ENT IENA1;38;45
DRIVE DOUAI;ENT IENA2;38;45
DRIVE DOUAI;ENT SAINGHIN1;41;45
DRIVE DOUAI;ENT SERRIS 1;215;225
DRIVE DOUAI;ENT SOCOPAL DIEPPE;201;210
DRIVE DOUAI;ENT V DHL;231;240
DRIVE DOUAI;ENT V GEODIS;231;240
DRIVE DOUAI;FACHES;36;45
DRIVE DOUAI;HIRSON;96;105
DRIVE DOUAI;LE HAVRE;270;270
DRIVE DOUAI;LEERS;52;60
DRIVE DOUAI;LOUVROIL;75;75
DRIVE DOUAI;MERS LES BAINS;138;150
DRIVE DOUAI;MONTIVILLIERS;260;270
DRIVE DOUAI;NOGENT SUR OISE;154;165
DRIVE DOUAI;NOYELLES GODAULT;15;15
DRIVE DOUAI;NOYON;107;120
DRIVE DOUAI;PETITE FORET;44;45
DRIVE DOUAI;RONCQ;56;60
DRIVE DOUAI;SOCOPAL;201;210
DRIVE DOUAI;ST OMER;90;90
DRIVE DOUAI;ST QUENTIN;62;75
DRIVE DOUAI;VALENCIENNES;42;45
DRIVE DOUAI;VILLENEUVE 2;41;45
DRIVE DOUAI;VIRY NOUREUIL;95;105
DRIVE DUNKERQUE;1267 CALAIS DELAROCHE SUPER;34;45
DRIVE DUNKERQUE;914 MARQUETTE LES PARTISANS DU GOUT;79;90
DRIVE DUNKERQUE;ARRAS;117;120
DRIVE DUNKERQUE;BETHUNE;83;90
DRIVE DUNKERQUE;BOULOGNE;70;75
DRIVE DUNKERQUE;CALAIS;41;45
DRIVE DUNKERQUE;CAMBRAI;148;150
DRIVE DUNKERQUE;CHRONO COMPIEGNE 4345;223;225
DRIVE DUNKERQUE;CHRONO COUDEKERQUE 4242;12;15
DRIVE DUNKERQUE;CHRONO CROIX 4154;85;90
DRIVE DUNKERQUE;CHRONO MARCQ 4128;81;90
DRIVE DUNKERQUE;CHRONO WASQUEHAL 4303;85;90
DRIVE DUNKERQUE;DOUAI;117;120
DRIVE DUNKERQUE;DRIVE ARRAS;117;120
DRIVE DUNKERQUE;DRIVE BETHUNE;83;90
DRIVE DUNKERQUE;DRIVE BOULOGNE;68;75
DRIVE DUNKERQUE;DRIVE CALAIS;39;45
DRIVE DUNKERQUE;DRIVE CAMBRAI;148;150
DRIVE DUNKERQUE;DRIVE DOUAI;117;120
DRIVE DUNKERQUE;DRIVE DUNKERQUE;0;0
DRIVE DUNKERQUE;DRIVE FACHES;82;90
DRIVE DUNKERQUE;DRIVE LEERS;93;105
DRIVE DUNKERQUE;DRIVE NOGENT SUR OISE;251;255
DRIVE DUNKERQUE;DRIVE NOYELLES;104;105
DRIVE DUNKERQUE;DRIVE RONCQ;90;90
DRIVE DUNKERQUE;DRIVE ST OMER;38;45
DRIVE DUNKERQUE;DRIVE VALENCIENNES;127;135
DRIVE DUNKERQUE;DUNKERQUE;4;15
DRIVE DUNKERQUE;ENGLOS;70;75
DRIVE DUNKERQUE;ENT AMIENS BINAT;145;150
DRIVE DUNKERQUE;ENT AMIENS SAINT SAUVEUR FLEG;185;195
DRIVE DUNKERQUE;ENT AMIENS SAINT SAUVEUR PF;185;195
DRIVE DUNKERQUE;ENT AMIENS SUPER POULAINVILLE PGC;187;195
DRIVE DUNKERQUE;ENT CARVIN FL;97;105
DRIVE DUNKERQUE;ENT CARVIN PF;97;105
DRIVE DUNKERQUE;ENT IENA;84;90
DRIVE DUNKERQUE;ENT SAINGHIN1;86;90
DRIVE DUNKERQUE;FACHES;83;90
DRIVE DUNKERQUE;LEERS;93;105
DRIVE DUNKERQUE;RONCQ;90;90
DRIVE DUNKERQUE;ST OMER;39;45
DRIVE DUNKERQUE;VALENCIENNES;127;135
DRIVE DURY;1186 ST QUENTIN SCHUMANN SUPER;83;90
DRIVE DURY;4977 RUE SUPER;80;90
DRIVE DURY;ARRAS;69;75
DRIVE DURY;BEAUVAIS;59;60
DRIVE DURY;BETHUNE;89;90
DRIVE DURY;CALAIS;166;180
DRIVE DURY;CHRONO COMPIEGNE 4345;83;90
DRIVE DURY;DIEPPE;112;120
DRIVE DURY;DIEPPE;113;120
DRIVE DURY;DRIVE BETHUNE;89;90
DRIVE DURY;DRIVE DURY;0;0
DRIVE DURY;DRIVE LOUVROIL;158;165
DRIVE DURY;DRIVE MONTIVILLIERS;176;180
DRIVE DURY;DRIVE NOYELLES;112;120
DRIVE DURY;DRIVE NOYON;72;75
DRIVE DURY;DRIVE PETITE FORET;128;135
DRIVE DURY;DRIVE RONCQ;134;135
DRIVE DURY;DRIVE ST QUENTIN;78;90
DRIVE DURY;DRIVE VALENCIENNES;125;135
DRIVE DURY;DURY;2;15
DRIVE DURY;ENT AMIENS BINAT;9;15
DRIVE DURY;ENT AMIENS SAINT SAUVEUR FLEG;19;30
DRIVE DURY;ENT AMIENS SAINT SAUVEUR PF;19;30
DRIVE DURY;ENT AMIENS SUPER POULAINVILLE PGC;9;15
DRIVE DURY;ENT CARVIN FL;124;135
DRIVE DURY;ENT CARVIN PF;124;135
DRIVE DURY;ENT IENA;116;120
DRIVE DURY;ENT SAINGHIN1;119;120
DRIVE DURY;FACHES;133;135
DRIVE DURY;HIRSON;150;150
DRIVE DURY;HOUILLES SUPER 1073;131;135
DRIVE DURY;LE HAVRE;185;195
DRIVE DURY;LOUVROIL;158;165
DRIVE DURY;MERS LES BAINS;81;90
DRIVE DURY;MERU;85;90
DRIVE DURY;MONTIVILLIERS;175;180
DRIVE DURY;NOGENT SUR OISE;94;105
DRIVE DURY;NOYELLES GODAULT;113;120
DRIVE DURY;NOYON;72;75
DRIVE DURY;PETITE FORET;128;135
DRIVE DURY;ROISSY;125;135
DRIVE DURY;RONCQ;134;135
DRIVE DURY;ST QUENTIN;80;90
DRIVE DURY;VALENCIENNES;125;135
DRIVE DURY;VIRY NOUREUIL;104;105
DRIVE ENGLOS;1267 CALAIS DELAROCHE SUPER;101;105
DRIVE ENGLOS;1297 HARNES SUPER;34;45
DRIVE ENGLOS;4536 LILLE WAZEMMES MY AUCHAN;10;15
DRIVE ENGLOS;4926 BILLY BERCLAU SUPER;22;30
DRIVE ENGLOS;ARRAS;52;60
DRIVE ENGLOS;AUCHAN CITY TOURCOING;21;30
DRIVE ENGLOS;BETHUNE;36;45
DRIVE ENGLOS;BOULOGNE;105;105
DRIVE ENGLOS;CALAIS;108;120
DRIVE ENGLOS;CAMBRAI;82;90
DRIVE ENGLOS;CHRONO AVELIN 4361;22;30
DRIVE ENGLOS;CHRONO BONDUES 4703;14;15
DRIVE ENGLOS;CHRONO COUDEKERQUE 4242;60;60
DRIVE ENGLOS;CHRONO CROIX 4154;17;30
DRIVE ENGLOS;CHRONO ELEU DIT LEAUWETTE 4462;32;45
DRIVE ENGLOS;CHRONO HALLENNES 4167;3;15
DRIVE ENGLOS;CHRONO LAMBERSART 4424;7;15
DRIVE ENGLOS;CHRONO MARCQ 4128;13;15
DRIVE ENGLOS;CHRONO WASQUEHAL 4303;17;30
DRIVE ENGLOS;DOUAI;52;60
DRIVE ENGLOS;DRIVE ARRAS;51;60
DRIVE ENGLOS;DRIVE BETHUNE;36;45
DRIVE ENGLOS;DRIVE BOULOGNE;108;120
DRIVE ENGLOS;DRIVE CAMBRAI;82;90
DRIVE ENGLOS;DRIVE DOUAI;52;60
DRIVE ENGLOS;DRIVE DUNKERQUE;69;75
DRIVE ENGLOS;DRIVE ENGLOS;0;0
DRIVE ENGLOS;DRIVE LEERS;25;30
DRIVE ENGLOS;DRIVE LOUVROIL;94;105
DRIVE ENGLOS;DRIVE NOYELLES;39;45
DRIVE ENGLOS;DRIVE PETITE FORET;56;60
DRIVE ENGLOS;DRIVE RONCQ;21;30
DRIVE ENGLOS;DRIVE ST OMER;58;60
DRIVE ENGLOS;DRIVE VALENCIENNES;62;75
DRIVE ENGLOS;DRIVE VILLENEUVE D'ASCQ;16;30
DRIVE ENGLOS;DUNKERQUE;70;75
DRIVE ENGLOS;ENGLOS;0;0
DRIVE ENGLOS;ENT AMIENS BINAT;113;120
DRIVE ENGLOS;ENT AMIENS SAINT SAUVEUR FLEG;134;135
DRIVE ENGLOS;ENT AMIENS SAINT SAUVEUR PF;134;135
DRIVE ENGLOS;ENT AMIENS SUPER POULAINVILLE PGC;110;120
DRIVE ENGLOS;ENT CARVIN FL;31;45
DRIVE ENGLOS;ENT CARVIN PF;31;45
DRIVE ENGLOS;ENT IENA;19;30
DRIVE ENGLOS;ENT SAINGHIN1;22;30
DRIVE ENGLOS;ENT SOCOPAL DIEPPE;199;210
DRIVE ENGLOS;FACHES;18;30
DRIVE ENGLOS;HIRSON;138;150
DRIVE ENGLOS;LEERS;25;30
DRIVE ENGLOS;NOYELLES GODAULT;39;45
DRIVE ENGLOS;PETITE FORET;56;60
DRIVE ENGLOS;RONCQ;21;30
DRIVE ENGLOS;SOCOPAL;199;210
DRIVE ENGLOS;ST OMER;58;60
DRIVE ENGLOS;VALENCIENNES;62;75
DRIVE ENGLOS;VILLENEUVE 2;17;30
DRIVE ENGLOS;VIRY NOUREUIL;144;150
DRIVE FACHES;1297 HARNES SUPER;22;30
DRIVE FACHES;ARRAS;48;60
DRIVE FACHES;AUCHAN CITY TOURCOING;21;30
DRIVE FACHES;BETHUNE;55;60
DRIVE FACHES;BOULOGNE;120;120
DRIVE FACHES;CALAIS;123;135
DRIVE FACHES;CAMBRAI;72;75
DRIVE FACHES;CHRONO AVELIN 4361;7;15
DRIVE FACHES;CHRONO BONDUES 4703;20;30
DRIVE FACHES;CHRONO CROIX 4154;16;30
DRIVE FACHES;CHRONO HALLENNES 4167;17;30
DRIVE FACHES;CHRONO LAMBERSART 4424;13;15
DRIVE FACHES;CHRONO MARCQ 4128;16;30
DRIVE FACHES;CHRONO VALENCIENNES 4370;50;60
DRIVE FACHES;CHRONO WASQUEHAL 4303;15;15
DRIVE FACHES;DIEPPE;242;255
DRIVE FACHES;DOUAI;36;45
DRIVE FACHES;DRIVE ARRAS;48;60
DRIVE FACHES;DRIVE BETHUNE;55;60
DRIVE FACHES;DRIVE BOULOGNE;123;135
DRIVE FACHES;DRIVE CAMBRAI;72;75
DRIVE FACHES;DRIVE DOUAI;36;45
DRIVE FACHES;DRIVE DUNKERQUE;83;90
DRIVE FACHES;DRIVE ENGLOS;17;30
DRIVE FACHES;DRIVE FACHES;0;0
DRIVE FACHES;DRIVE LEERS;20;30
DRIVE FACHES;DRIVE NOYON;132;135
DRIVE FACHES;DRIVE PETITE FORET;45;45
DRIVE FACHES;DRIVE RONCQ;22;30
DRIVE FACHES;DRIVE VALENCIENNES;52;60
DRIVE FACHES;DRIVE VILLENEUVE D'ASCQ;8;15
DRIVE FACHES;DUNKERQUE;84;90
DRIVE FACHES;ENGLOS;18;30
DRIVE FACHES;ENT AMIENS BINAT;111;120
DRIVE FACHES;ENT AMIENS SAINT SAUVEUR FLEG;119;120
DRIVE FACHES;ENT AMIENS SAINT SAUVEUR PF;119;120
DRIVE FACHES;ENT AMIENS SUPER POULAINVILLE PGC;114;120
DRIVE FACHES;ENT CARVIN FL;17;30
DRIVE FACHES;ENT CARVIN PF;17;30
DRIVE FACHES;ENT IENA;3;15
DRIVE FACHES;ENT SAINGHIN1;7;15
DRIVE FACHES;ENT SOCOPAL DIEPPE;218;225
DRIVE FACHES;FACHES;0;0
DRIVE FACHES;HIRSON;135;135
DRIVE FACHES;LEERS;20;30
DRIVE FACHES;LOUVROIL;85;90
DRIVE FACHES;NOYELLES GODAULT;23;30
DRIVE FACHES;PETITE FORET;45;45
DRIVE FACHES;RONCQ;22;30
DRIVE FACHES;SOCOPAL;218;225
DRIVE FACHES;ST OMER;73;75
DRIVE FACHES;VALENCIENNES;52;60
DRIVE FACHES;VILLENEUVE 2;8;15
DRIVE FACHES;VIRY NOUREUIL;128;135
DRIVE LE HAVRE;4313 CANTELEU SUPER;88;90
DRIVE LE HAVRE;BETHUNE;257;270
DRIVE LE HAVRE;CAEN CHRONO 352;96;105
DRIVE LE HAVRE;CHRONO IFS;94;105
DRIVE LE HAVRE;DIEPPE;114;120
DRIVE LE HAVRE;DIEPPE;115;120
DRIVE LE HAVRE;DRIVE BETHUNE;257;270
DRIVE LE HAVRE;DRIVE BOULOGNE;244;255
DRIVE LE HAVRE;DRIVE DIEPPE;114;120
DRIVE LE HAVRE;DRIVE DURY;182;195
DRIVE LE HAVRE;DRIVE LE HAVRE;0;0
DRIVE LE HAVRE;DRIVE LEERS;330;330
DRIVE LE HAVRE;DRIVE MONTIVILLIERS;7;15
DRIVE LE HAVRE;DRIVE RONCQ;332;345
DRIVE LE HAVRE;DRIVE ST OMER;292;300
DRIVE LE HAVRE;DRIVE VILLENEUVE D'ASCQ;318;330
DRIVE LE HAVRE;ENT AMIENS BINAT;187;195
DRIVE LE HAVRE;ENT AMIENS SAINT SAUVEUR FLEG;185;195
DRIVE LE HAVRE;ENT AMIENS SAINT SAUVEUR PF;185;195
DRIVE LE HAVRE;ENT AMIENS SUPER POULAINVILLE PGC;187;195
DRIVE LE HAVRE;ENT CARVIN FL;302;315
DRIVE LE HAVRE;ENT CARVIN PF;302;315
DRIVE LE HAVRE;ENT IENA;313;315
DRIVE LE HAVRE;ENT SAINGHIN1;317;330
DRIVE LE HAVRE;ENT V DHL;235;240
DRIVE LE HAVRE;ENT V GEODIS;235;240
DRIVE LE HAVRE;IFS CHRONODRIVE 4253;94;105
DRIVE LE HAVRE;LE HAVRE;2;15
DRIVE LE HAVRE;LEERS;330;330
DRIVE LE HAVRE;LES MUREAUX HALLES AUCHAN;162;165
DRIVE LE HAVRE;MERS LES BAINS;147;150
DRIVE LE HAVRE;MONTIVILLIERS;8;15
DRIVE LE HAVRE;RONCQ;332;345
DRIVE LEERS;1186 ST QUENTIN SCHUMANN SUPER;121;135
DRIVE LEERS;1297 HARNES SUPER;40;45
DRIVE LEERS;4536 LILLE WAZEMMES MY AUCHAN;18;30
DRIVE LEERS;4926 BILLY BERCLAU SUPER;46;60
DRIVE LEERS;914 MARQUETTE LES PARTISANS DU GOUT;17;30
DRIVE LEERS;ARRAS;66;75
DRIVE LEERS;AUCHAN CITY TOURCOING;10;15
DRIVE LEERS;BETHUNE;60;60
DRIVE LEERS;BOULOGNE;130;135
DRIVE LEERS;CALAIS;133;135
DRIVE LEERS;CAMBRAI;81;90
DRIVE LEERS;CHRONO AVELIN 4361;25;30
DRIVE LEERS;CHRONO BONDUES 4703;16;30
DRIVE LEERS;CHRONO COUDEKERQUE 4242;85;90
DRIVE LEERS;CHRONO CROIX 4154;8;15
DRIVE LEERS;CHRONO ELEU DIT LEAUWETTE 4462;50;60
DRIVE LEERS;CHRONO HALLENNES 4167;30;30
DRIVE LEERS;CHRONO LAMBERSART 4424;21;30
DRIVE LEERS;CHRONO MARCQ 4128;16;30
DRIVE LEERS;CHRONO VALENCIENNES 4370;59;60
DRIVE LEERS;CHRONO WASQUEHAL 4303;11;15
DRIVE LEERS;DOUAI;52;60
DRIVE LEERS;DRIVE ARRAS;66;75
DRIVE LEERS;DRIVE BETHUNE;60;60
DRIVE LEERS;DRIVE BOULOGNE;132;135
DRIVE LEERS;DRIVE CALAIS;130;135
DRIVE LEERS;DRIVE CAMBRAI;81;90
DRIVE LEERS;DRIVE DOUAI;52;60
DRIVE LEERS;DRIVE DUNKERQUE;93;105
DRIVE LEERS;DRIVE ENGLOS;26;30
DRIVE LEERS;DRIVE FACHES;19;30
DRIVE LEERS;DRIVE LEERS;0;0
DRIVE LEERS;DRIVE LOUVROIL;94;105
DRIVE LEERS;DRIVE NOYELLES;41;45
DRIVE LEERS;DRIVE PETITE FORET;54;60
DRIVE LEERS;DRIVE RONCQ;14;15
DRIVE LEERS;DRIVE ST OMER;83;90
DRIVE LEERS;DRIVE VALENCIENNES;61;75
DRIVE LEERS;DRIVE VILLENEUVE D'ASCQ;14;15
DRIVE LEERS;DUNKERQUE;94;105
DRIVE LEERS;DURY;149;150
DRIVE LEERS;ENGLOS;26;30
DRIVE LEERS;ENT AMIENS SAINT SAUVEUR FLEG;137;150
DRIVE LEERS;ENT AMIENS SAINT SAUVEUR PF;137;150
DRIVE LEERS;ENT AMIENS SUPER POULAINVILLE PGC;132;135
DRIVE LEERS;ENT CARVIN FL;34;45
DRIVE LEERS;ENT CARVIN PF;34;45
DRIVE LEERS;ENT IENA1;18;30
DRIVE LEERS;ENT IENA2;18;30
DRIVE LEERS;ENT SOCOPAL DIEPPE;235;240
DRIVE LEERS;ENT V DHL;265;270
DRIVE LEERS;ENT V GEODIS;265;270
DRIVE LEERS;FACHES;19;30
DRIVE LEERS;HIRSON;137;150
DRIVE LEERS;LE HAVRE;331;345
DRIVE LEERS;LEERS;0;0
DRIVE LEERS;LOUVROIL;94;105
DRIVE LEERS;MONTIVILLIERS;324;330
DRIVE LEERS;NOYELLES GODAULT;41;45
DRIVE LEERS;NOYON;150;150
DRIVE LEERS;PETITE FORET;54;60
DRIVE LEERS;RONCQ;14;15
DRIVE LEERS;SOCOPAL;235;240
DRIVE LEERS;ST OMER;83;90
DRIVE LEERS;ST QUENTIN;118;120
DRIVE LEERS;VALENCIENNES;61;75
DRIVE LEERS;VILLENEUVE 2;13;15
DRIVE LEERS;VIRY NOUREUIL;146;150
DRIVE LOUVROIL;1267 CALAIS DELAROCHE SUPER;193;195
DRIVE LOUVROIL;1297 HARNES SUPER;89;90
DRIVE LOUVROIL;ARRAS;111;120
DRIVE LOUVROIL;AUCHAN CITY TOURCOING;96;105
DRIVE LOUVROIL;BETHUNE;117;120
DRIVE LOUVROIL;BOULOGNE;195;195
DRIVE LOUVROIL;CAMBRAI;62;75
DRIVE LOUVROIL;CHRONO AVELIN 4361;77;90
DRIVE LOUVROIL;CHRONO BONDUES 4703;96;105
DRIVE LOUVROIL;CHRONO ELEU DIT LEAUWETTE 4462;94;105
DRIVE LOUVROIL;CHRONO HALLENNES 4167;95;105
DRIVE LOUVROIL;CHRONO MARCQ 4128;92;105
DRIVE LOUVROIL;CHRONO VALENCIENNES 4370;38;45
DRIVE LOUVROIL;DOUAI;75;75
DRIVE LOUVROIL;DRIVE BETHUNE;117;120
DRIVE LOUVROIL;DRIVE BOULOGNE;201;210
DRIVE LOUVROIL;DRIVE CAMBRAI;62;75
DRIVE LOUVROIL;DRIVE DOUAI;75;75
DRIVE LOUVROIL;DRIVE FACHES;85;90
DRIVE LOUVROIL;DRIVE LEERS;94;105
DRIVE LOUVROIL;DRIVE LOUVROIL;0;0
DRIVE LOUVROIL;DRIVE MONTIVILLIERS;330;330
DRIVE LOUVROIL;DRIVE NOGENT SUR OISE;196;210
DRIVE LOUVROIL;DRIVE NOYELLES;86;90
DRIVE LOUVROIL;DRIVE PETITE FORET;43;45
DRIVE LOUVROIL;DRIVE RONCQ;98;105
DRIVE LOUVROIL;DRIVE ST OMER;153;165
DRIVE LOUVROIL;DRIVE VALENCIENNES;36;45
DRIVE LOUVROIL;DRIVE VILLENEUVE D'ASCQ;82;90
DRIVE LOUVROIL;ENT AMIENS BINAT;143;150
DRIVE LOUVROIL;ENT AMIENS SAINT SAUVEUR FLEG;166;180
DRIVE LOUVROIL;ENT AMIENS SAINT SAUVEUR PF;166;180
DRIVE LOUVROIL;ENT AMIENS SUPER POULAINVILLE PGC;161;165
DRIVE LOUVROIL;ENT CARVIN FL;100;105
DRIVE LOUVROIL;ENT CARVIN PF;100;105
DRIVE LOUVROIL;ENT IENA;82;90
DRIVE LOUVROIL;ENT IENA1;83;90
DRIVE LOUVROIL;ENT IENA2;83;90
DRIVE LOUVROIL;ENT SAINGHIN1;80;90
DRIVE LOUVROIL;FACHES;85;90
DRIVE LOUVROIL;HIRSON;50;60
DRIVE LOUVROIL;LEERS;94;105
DRIVE LOUVROIL;LOUVROIL;1;15
DRIVE LOUVROIL;NOYELLES GODAULT;86;90
DRIVE LOUVROIL;NOYON;158;165
DRIVE LOUVROIL;PETITE FORET;43;45
DRIVE LOUVROIL;RONCQ;98;105
DRIVE LOUVROIL;ST OMER;151;165
DRIVE LOUVROIL;ST QUENTIN;79;90
DRIVE LOUVROIL;VALENCIENNES;36;45
DRIVE LOUVROIL;VILLENEUVE 2;82;90
DRIVE LOUVROIL;VIRY NOUREUIL;137;150
DRIVE MONTIVILLIERS;BETHUNE;248;255
DRIVE MONTIVILLIERS;DIEPPE;109;120
DRIVE MONTIVILLIERS;DIEPPE;100;105
DRIVE MONTIVILLIERS;DRIVE BETHUNE;248;255
DRIVE MONTIVILLIERS;DRIVE BOULOGNE;239;240
DRIVE MONTIVILLIERS;DRIVE CALAIS;269;270
DRIVE MONTIVILLIERS;DRIVE DIEPPE;110;120
DRIVE MONTIVILLIERS;DRIVE FACHES;281;285
DRIVE MONTIVILLIERS;DRIVE LE HAVRE;7;15
DRIVE MONTIVILLIERS;DRIVE LEERS;325;330
DRIVE MONTIVILLIERS;DRIVE MONTIVILLIERS;0;0
DRIVE MONTIVILLIERS;DRIVE RONCQ;301;315
DRIVE MONTIVILLIERS;DRIVE VILLENEUVE D'ASCQ;288;300
DRIVE MONTIVILLIERS;DUNKERQUE;303;315
DRIVE MONTIVILLIERS;DURY;175;180
DRIVE MONTIVILLIERS;ENT AMIENS BINAT;180;180
DRIVE MONTIVILLIERS;ENT AMIENS SAINT SAUVEUR FLEG;180;180
DRIVE MONTIVILLIERS;ENT AMIENS SAINT SAUVEUR PF;180;180
DRIVE MONTIVILLIERS;ENT AMIENS SUPER POULAINVILLE PGC;182;195
DRIVE MONTIVILLIERS;ENT CARVIN FL;298;300
DRIVE MONTIVILLIERS;ENT CARVIN PF;298;300
DRIVE MONTIVILLIERS;ENT IENA;283;285
DRIVE MONTIVILLIERS;ENT SAINGHIN1;286;300
DRIVE MONTIVILLIERS;ENT SOCOPAL DIEPPE;91;105
DRIVE MONTIVILLIERS;FACHES;282;285
DRIVE MONTIVILLIERS;LE HAVRE;9;15
DRIVE MONTIVILLIERS;LEERS;325;330
DRIVE MONTIVILLIERS;MERS LES BAINS;134;135
DRIVE MONTIVILLIERS;MONTIVILLIERS;1;15
DRIVE MONTIVILLIERS;NOGENT SUR OISE;218;225
DRIVE MONTIVILLIERS;RONCQ;301;315
DRIVE MONTIVILLIERS;SOCOPAL;91;105
DRIVE MONTIVILLIERS;VIRY NOUREUIL;278;285
DRIVE NOGENT SUR OISE;1186 ST QUENTIN SCHUMANN SUPER;108;120
DRIVE NOGENT SUR OISE;BEAUVAIS;42;45
DRIVE NOGENT SUR OISE;CERGY CHRONODRIVE 469;61;75
DRIVE NOGENT SUR OISE;CHRONO COMPIEGNE 4345;35;45
DRIVE NOGENT SUR OISE;CORMEILLES EN PARISIS CHRONODRIVE 413;74;75
DRIVE NOGENT SUR OISE;DRIVE ARRAS;141;150
DRIVE NOGENT SUR OISE;DRIVE BEAUVAIS;42;45
DRIVE NOGENT SUR OISE;DRIVE NOGENT SUR OISE;0;0
DRIVE NOGENT SUR OISE;DRIVE OSNY;48;60
DRIVE NOGENT SUR OISE;DRIVE ROISSY;44;45
DRIVE NOGENT SUR OISE;DRIVE TAVERNY;48;60
DRIVE NOGENT SUR OISE;DURY;92;105
DRIVE NOGENT SUR OISE;ENT AMIENS BINAT;106;120
DRIVE NOGENT SUR OISE;ENT AMIENS SAINT SAUVEUR FLEG;103;105
DRIVE NOGENT SUR OISE;ENT AMIENS SAINT SAUVEUR PF;103;105
DRIVE NOGENT SUR OISE;ENT AMIENS SUPER POULAINVILLE PGC;105;105
DRIVE NOGENT SUR OISE;ENT IENA;171;180
DRIVE NOGENT SUR OISE;ENT SAINGHIN1;174;180
DRIVE NOGENT SUR OISE;ENT SERRIS 1;74;75
DRIVE NOGENT SUR OISE;ENT V DHL;92;105
DRIVE NOGENT SUR OISE;ENT V GEODIS;93;105
DRIVE NOGENT SUR OISE;HERBLAY CHRONODRIVE 444;55;60
DRIVE NOGENT SUR OISE;HOUILLES SUPER 1073;71;75
DRIVE NOGENT SUR OISE;LONGUEIL SAINTE MARIE SUPER 4315;25;30
DRIVE NOGENT SUR OISE;MERU;38;45
DRIVE NOGENT SUR OISE;NOGENT SUR OISE;4;15
DRIVE NOGENT SUR OISE;NOYON;59;60
DRIVE NOGENT SUR OISE;OSNY;48;60
DRIVE NOGENT SUR OISE;ROISSY;39;45
DRIVE NOGENT SUR OISE;SOISY;43;45
DRIVE NOGENT SUR OISE;TAVERNY;53;60
DRIVE NOGENT SUR OISE;VIRY NOUREUIL;82;90
DRIVE NOYELLES;1186 ST QUENTIN SCHUMANN SUPER;82;90
DRIVE NOYELLES;1267 CALAIS DELAROCHE SUPER;113;120
DRIVE NOYELLES;ARRAS;27;30
DRIVE NOYELLES;BETHUNE;39;45
DRIVE NOYELLES;BOULOGNE;116;120
DRIVE NOYELLES;CAMBRAI;53;60
DRIVE NOYELLES;CHRONO AVELIN 4361;20;30
DRIVE NOYELLES;CHRONO BONDUES 4703;41;45
DRIVE NOYELLES;CHRONO COMPIEGNE 4345;120;120
DRIVE NOYELLES;CHRONO CROIX 4154;38;45
DRIVE NOYELLES;CHRONO ELEU DIT LEAUWETTE 4462;16;30
DRIVE NOYELLES;CHRONO HALLENNES 4167;39;45
DRIVE NOYELLES;CHRONO LAMBERSART 4424;36;45
DRIVE NOYELLES;CHRONO MARCQ 4128;37;45
DRIVE NOYELLES;CHRONO VALENCIENNES 4370;51;60
DRIVE NOYELLES;DOUAI;14;15
DRIVE NOYELLES;DRIVE ARRAS;27;30
DRIVE NOYELLES;DRIVE BETHUNE;39;45
DRIVE NOYELLES;DRIVE BOULOGNE;119;120
DRIVE NOYELLES;DRIVE CAMBRAI;53;60
DRIVE NOYELLES;DRIVE DOUAI;14;15
DRIVE NOYELLES;DRIVE DUNKERQUE;106;120
DRIVE NOYELLES;DRIVE ENGLOS;38;45
DRIVE NOYELLES;DRIVE FACHES;24;30
DRIVE NOYELLES;DRIVE LE HAVRE;289;300
DRIVE NOYELLES;DRIVE LEERS;42;45
DRIVE NOYELLES;DRIVE NOYELLES;0;0
DRIVE NOYELLES;DRIVE PETITE FORET;49;60
DRIVE NOYELLES;DRIVE RONCQ;44;45
DRIVE NOYELLES;DRIVE VALENCIENNES;51;60
DRIVE NOYELLES;DRIVE VILLENEUVE D'ASCQ;30;30
DRIVE NOYELLES;DURY;93;105
DRIVE NOYELLES;ENGLOS;39;45
DRIVE NOYELLES;ENT AMIENS BINAT;89;90
DRIVE NOYELLES;ENT AMIENS SAINT SAUVEUR FLEG;98;105
DRIVE NOYELLES;ENT AMIENS SAINT SAUVEUR PF;98;105
DRIVE NOYELLES;ENT AMIENS SUPER POULAINVILLE PGC;93;105
DRIVE NOYELLES;ENT CARVIN FL;13;15
DRIVE NOYELLES;ENT CARVIN PF;13;15
DRIVE NOYELLES;ENT IENA;25;30
DRIVE NOYELLES;ENT IENA1;25;30
DRIVE NOYELLES;ENT IENA2;25;30
DRIVE NOYELLES;ENT SAINGHIN1;29;30
DRIVE NOYELLES;ENT SOCOPAL DIEPPE;196;210
DRIVE NOYELLES;FACHES;24;30
DRIVE NOYELLES;HIRSON;109;120
DRIVE NOYELLES;LEERS;42;45
DRIVE NOYELLES;MERS LES BAINS;134;135
DRIVE NOYELLES;MERU;192;195
DRIVE NOYELLES;NOYELLES GODAULT;1;15
DRIVE NOYELLES;NOYON;111;120
DRIVE NOYELLES;PETITE FORET;49;60
DRIVE NOYELLES;RONCQ;44;45
DRIVE NOYELLES;SOCOPAL;196;210
DRIVE NOYELLES;ST OMER;78;90
DRIVE NOYELLES;VALENCIENNES;51;60
DRIVE NOYELLES;VILLENEUVE 2;30;30
DRIVE NOYELLES;VIRY NOUREUIL;106;120
DRIVE NOYON;ARRAS;104;105
DRIVE NOYON;BEAUVAIS;80;90
DRIVE NOYON;BETHUNE;133;135
DRIVE NOYON;BOULOGNE;196;210
DRIVE NOYON;CAMBRAI;99;105
DRIVE NOYON;CERGY;117;120
DRIVE NOYON;CHERBOURG;407;420
DRIVE NOYON;CHRONO COMPIEGNE 4345;30;30
DRIVE NOYON;CHRONO HALLENNES 4167;149;150
DRIVE NOYON;DIEPPE;180;180
DRIVE NOYON;DOUAI;117;120
DRIVE NOYON;DRIVE BEAUVAIS;80;90
DRIVE NOYON;DRIVE BETHUNE;133;135
DRIVE NOYON;DRIVE CAMBRAI;99;105
DRIVE NOYON;DRIVE CERGY;116;120
DRIVE NOYON;DRIVE CHERBOURG;407;420
DRIVE NOYON;DRIVE DOUAI;117;120
DRIVE NOYON;DRIVE DURY;72;75
DRIVE NOYON;DRIVE LEERS;151;165
DRIVE NOYON;DRIVE NOGENT SUR OISE;58;60
DRIVE NOYON;DRIVE NOYON;0;0
DRIVE NOYON;DRIVE PETITE FORET;129;135
DRIVE NOYON;DRIVE RONCQ;154;165
DRIVE NOYON;DRIVE ST QUENTIN;53;60
DRIVE NOYON;DRIVE TAVERNY;113;120
DRIVE NOYON;DURY;72;75
DRIVE NOYON;ENT AMIENS BINAT;74;75
DRIVE NOYON;ENT AMIENS SAINT SAUVEUR FLEG;79;90
DRIVE NOYON;ENT AMIENS SAINT SAUVEUR PF;79;90
DRIVE NOYON;ENT AMIENS SUPER POULAINVILLE PGC;74;75
DRIVE NOYON;ENT CARVIN FL;123;135
DRIVE NOYON;ENT CARVIN PF;123;135
DRIVE NOYON;ENT IENA;136;150
DRIVE NOYON;ENT SAINGHIN1;139;150
DRIVE NOYON;ENT SERRIS 1;123;135
DRIVE NOYON;ENT V DHL;139;150
DRIVE NOYON;ENT V GEODIS;139;150
DRIVE NOYON;HIRSON;110;120
DRIVE NOYON;HOUILLES SUPER 1073;109;120
DRIVE NOYON;LEERS;151;165
DRIVE NOYON;LONGUEIL SAINTE MARIE SUPER 4315;37;45
DRIVE NOYON;LOUVROIL;126;135
DRIVE NOYON;MERS LES BAINS;153;165
DRIVE NOYON;MERU;109;120
DRIVE NOYON;NOGENT SUR OISE;59;60
DRIVE NOYON;NOYELLES GODAULT;113;120
DRIVE NOYON;NOYON;4;15
DRIVE NOYON;OSNY;118;120
DRIVE NOYON;PETITE FORET;129;135
DRIVE NOYON;ROISSY;83;90
DRIVE NOYON;RONCQ;154;165
DRIVE NOYON;SOISY;103;105
DRIVE NOYON;ST OMER;173;180
DRIVE NOYON;ST QUENTIN;53;60
DRIVE NOYON;TAVERNY;113;120
DRIVE NOYON;VIRY NOUREUIL;27;30
DRIVE OSNY;BEAUVAIS;50;60
DRIVE OSNY;CERGY;6;15
DRIVE OSNY;CERGY CHRONODRIVE 469;10;15
DRIVE OSNY;CORMEILLES EN PARISIS CHRONODRIVE 413;21;30
DRIVE OSNY;DRIVE BEAUVAIS;50;60
DRIVE OSNY;DRIVE CERGY;7;15
DRIVE OSNY;DRIVE NOGENT SUR OISE;61;75
DRIVE OSNY;DRIVE OSNY;0;0
DRIVE OSNY;DRIVE ROISSY;47;60
DRIVE OSNY;DRIVE TAVERNY;19;30
DRIVE OSNY;ENT AMIENS BINAT;133;135
DRIVE OSNY;ENT AMIENS SAINT SAUVEUR FLEG;131;135
DRIVE OSNY;ENT AMIENS SAINT SAUVEUR PF;131;135
DRIVE OSNY;ENT AMIENS SUPER POULAINVILLE PGC;133;135
DRIVE OSNY;ENT SAINGHIN1;233;240
DRIVE OSNY;ENT SERRIS 1;74;75
DRIVE OSNY;ENT SERRIS 2;74;75
DRIVE OSNY;ENT V DHL;72;75
DRIVE OSNY;ENT V GEODIS;73;75
DRIVE OSNY;FRANQUEVILLE CHRONODRIVE 4475;86;90
DRIVE OSNY;HERBLAY CHRONODRIVE 444;14;15
DRIVE OSNY;HOUILLES SUPER 1073;33;45
DRIVE OSNY;LES MUREAUX HALLES AUCHAN;25;30
DRIVE OSNY;MAUREPAS SUPER 4492;49;60
DRIVE OSNY;MERU;22;30
DRIVE OSNY;MONTIVILLIERS;182;195
DRIVE OSNY;NOGENT SUR OISE;58;60
DRIVE OSNY;NOYON;119;120
DRIVE OSNY;OSNY;0;0
DRIVE OSNY;ROISSY;45;45
DRIVE OSNY;SOISY;26;30
DRIVE OSNY;TAVERNY;19;30
DRIVE PETITE FORET;1186 ST QUENTIN SCHUMANN SUPER;82;90
DRIVE PETITE FORET;1267 CALAIS DELAROCHE SUPER;153;165
DRIVE PETITE FORET;4926 BILLY BERCLAU SUPER;67;75
DRIVE PETITE FORET;914 MARQUETTE LES PARTISANS DU GOUT;51;60
DRIVE PETITE FORET;ARRAS;69;75
DRIVE PETITE FORET;AUCHAN CITY TOURCOING;56;60
DRIVE PETITE FORET;BEAUVAIS;182;195
DRIVE PETITE FORET;BETHUNE;82;90
DRIVE PETITE FORET;BOULOGNE;160;165
DRIVE PETITE FORET;CALAIS;160;165
DRIVE PETITE FORET;CAMBRAI;32;45
DRIVE PETITE FORET;CHRONO AVELIN 4361;37;45
DRIVE PETITE FORET;CHRONO BONDUES 4703;56;60
DRIVE PETITE FORET;CHRONO COMPIEGNE 4345;137;150
DRIVE PETITE FORET;CHRONO COUDEKERQUE 4242;112;120
DRIVE PETITE FORET;CHRONO CROIX 4154;50;60
DRIVE PETITE FORET;CHRONO ELEU DIT LEAUWETTE 4462;64;75
DRIVE PETITE FORET;CHRONO HALLENNES 4167;55;60
DRIVE PETITE FORET;CHRONO LAMBERSART 4424;50;60
DRIVE PETITE FORET;CHRONO MARCQ 4128;52;60
DRIVE PETITE FORET;CHRONO VALENCIENNES 4370;6;15
DRIVE PETITE FORET;CHRONO WASQUEHAL 4303;49;60
DRIVE PETITE FORET;DIEPPE;236;240
DRIVE PETITE FORET;DIEPPE;237;240
DRIVE PETITE FORET;DOUAI;44;45
DRIVE PETITE FORET;DRIVE BEAUVAIS;181;195
DRIVE PETITE FORET;DRIVE BETHUNE;82;90
DRIVE PETITE FORET;DRIVE CALAIS;158;165
DRIVE PETITE FORET;DRIVE CAMBRAI;32;45
DRIVE PETITE FORET;DRIVE DOUAI;44;45
DRIVE PETITE FORET;DRIVE DUNKERQUE;121;135
DRIVE PETITE FORET;DRIVE DURY;127;135
DRIVE PETITE FORET;DRIVE ENGLOS;55;60
DRIVE PETITE FORET;DRIVE FACHES;45;45
DRIVE PETITE FORET;DRIVE LEERS;54;60
DRIVE PETITE FORET;DRIVE LOUVROIL;44;45
DRIVE PETITE FORET;DRIVE NOYELLES;55;60
DRIVE PETITE FORET;DRIVE PETITE FORET;0;0
DRIVE PETITE FORET;DRIVE RONCQ;58;60
DRIVE PETITE FORET;DRIVE ST OMER;113;120
DRIVE PETITE FORET;DRIVE VALENCIENNES;7;15
DRIVE PETITE FORET;DRIVE VILLENEUVE D'ASCQ;42;45
DRIVE PETITE FORET;DUNKERQUE;122;135
DRIVE PETITE FORET;DURY;127;135
DRIVE PETITE FORET;ENGLOS;55;60
DRIVE PETITE FORET;ENT AMIENS BINAT;112;120
DRIVE PETITE FORET;ENT AMIENS SAINT SAUVEUR FLEG;135;135
DRIVE PETITE FORET;ENT AMIENS SAINT SAUVEUR PF;135;135
DRIVE PETITE FORET;ENT AMIENS SUPER POULAINVILLE PGC;131;135
DRIVE PETITE FORET;ENT IENA;42;45
DRIVE PETITE FORET;ENT IENA1;42;45
DRIVE PETITE FORET;ENT IENA2;42;45
DRIVE PETITE FORET;ENT SAINGHIN1;40;45
DRIVE PETITE FORET;ENT SERRIS 1;227;240
DRIVE PETITE FORET;ENT V DHL;243;255
DRIVE PETITE FORET;ENT V GEODIS;243;255
DRIVE PETITE FORET;FACHES;45;45
DRIVE PETITE FORET;HIRSON;86;90
DRIVE PETITE FORET;LEERS;54;60
DRIVE PETITE FORET;LOUVROIL;44;45
DRIVE PETITE FORET;MERS LES BAINS;210;210
DRIVE PETITE FORET;MONTIVILLIERS;299;300
DRIVE PETITE FORET;NOGENT SUR OISE;166;180
DRIVE PETITE FORET;NOYELLES GODAULT;51;60
DRIVE PETITE FORET;NOYON;128;135
DRIVE PETITE FORET;PETITE FORET;0;0
DRIVE PETITE FORET;RONCQ;58;60
DRIVE PETITE FORET;ST OMER;110;120
DRIVE PETITE FORET;ST QUENTIN;79;90
DRIVE PETITE FORET;VALENCIENNES;7;15
DRIVE PETITE FORET;VILLENEUVE 2;42;45
DRIVE PETITE FORET;VIRY NOUREUIL;107;120
DRIVE ROISSY;BEAUVAIS;70;75
DRIVE ROISSY;BETHUNE;191;195
DRIVE ROISSY;CERGY;43;45
DRIVE ROISSY;CERGY CHRONODRIVE 469;48;60
DRIVE ROISSY;CORMEILLES EN PARISIS CHRONODRIVE 413;32;45
DRIVE ROISSY;DRIVE BEAUVAIS;70;75
DRIVE ROISSY;DRIVE BETHUNE;191;195
DRIVE ROISSY;DRIVE CERGY;44;45
DRIVE ROISSY;DRIVE DURY;125;135
DRIVE ROISSY;DRIVE OSNY;47;60
DRIVE ROISSY;DRIVE ROISSY;0;0
DRIVE ROISSY;DRIVE TAVERNY;35;45
DRIVE ROISSY;ENT AMIENS SAINT SAUVEUR FLEG;135;135
DRIVE ROISSY;ENT AMIENS SAINT SAUVEUR PF;135;135
DRIVE ROISSY;ENT SERRIS 1;35;45
DRIVE ROISSY;ENT SERRIS 2;34;45
DRIVE ROISSY;ENT V DHL;60;60
DRIVE ROISSY;ENT V GEODIS;61;75
DRIVE ROISSY;HERBLAY CHRONODRIVE 444;35;45
DRIVE ROISSY;HOUILLES SUPER 1073;30;30
DRIVE ROISSY;LES MUREAUX HALLES AUCHAN;63;75
DRIVE ROISSY;MERS LES BAINS;166;180
DRIVE ROISSY;MERU;47;60
DRIVE ROISSY;NOGENT SUR OISE;43;45
DRIVE ROISSY;OSNY;45;45
DRIVE ROISSY;ROISSY;6;15
DRIVE ROISSY;SOISY;25;30
DRIVE ROISSY;TAVERNY;34;45
DRIVE RONCQ;1186 ST QUENTIN SCHUMANN SUPER;124;135
DRIVE RONCQ;1297 HARNES SUPER;42;45
DRIVE RONCQ;4536 LILLE WAZEMMES MY AUCHAN;17;30
DRIVE RONCQ;4926 BILLY BERCLAU SUPER;42;45
DRIVE RONCQ;914 MARQUETTE LES PARTISANS DU GOUT;12;15
DRIVE RONCQ;ARRAS;70;75
DRIVE RONCQ;AUCHAN CITY TOURCOING;4;15
DRIVE RONCQ;BETHUNE;54;60
DRIVE RONCQ;BOULOGNE;125;135
DRIVE RONCQ;CALAIS;128;135
DRIVE RONCQ;CAMBRAI;86;90
DRIVE RONCQ;CHRONO AVELIN 4361;29;30
DRIVE RONCQ;CHRONO BONDUES 4703;7;15
DRIVE RONCQ;CHRONO COUDEKERQUE 4242;80;90
DRIVE RONCQ;CHRONO CROIX 4154;12;15
DRIVE RONCQ;CHRONO ELEU DIT LEAUWETTE 4462;54;60
DRIVE RONCQ;CHRONO HALLENNES 4167;23;30
DRIVE RONCQ;CHRONO LAMBERSART 4424;17;30
DRIVE RONCQ;CHRONO MARCQ 4128;10;15
DRIVE RONCQ;CHRONO VALENCIENNES 4370;63;75
DRIVE RONCQ;CHRONO WASQUEHAL 4303;12;15
DRIVE RONCQ;DOUAI;56;60
DRIVE RONCQ;DRIVE ARRAS;70;75
DRIVE RONCQ;DRIVE BETHUNE;54;60
DRIVE RONCQ;DRIVE BOULOGNE;128;135
DRIVE RONCQ;DRIVE CAMBRAI;86;90
DRIVE RONCQ;DRIVE DOUAI;56;60
DRIVE RONCQ;DRIVE DUNKERQUE;88;90
DRIVE RONCQ;DRIVE ENGLOS;21;30
DRIVE RONCQ;DRIVE FACHES;23;30
DRIVE RONCQ;DRIVE LEERS;14;15
DRIVE RONCQ;DRIVE MONTIVILLIERS;327;330
DRIVE RONCQ;DRIVE NOYELLES;45;45
DRIVE RONCQ;DRIVE PETITE FORET;58;60
DRIVE RONCQ;DRIVE RONCQ;0;0
DRIVE RONCQ;DRIVE ST OMER;78;90
DRIVE RONCQ;DRIVE VALENCIENNES;65;75
DRIVE RONCQ;DRIVE VILLENEUVE D'ASCQ;18;30
DRIVE RONCQ;DUNKERQUE;90;90
DRIVE RONCQ;DURY;137;150
DRIVE RONCQ;ENGLOS;21;30
DRIVE RONCQ;ENT AMIENS BINAT;133;135
DRIVE RONCQ;ENT AMIENS SAINT SAUVEUR FLEG;139;150
DRIVE RONCQ;ENT AMIENS SAINT SAUVEUR PF;139;150
DRIVE RONCQ;ENT AMIENS SUPER POULAINVILLE PGC;135;135
DRIVE RONCQ;ENT CARVIN FL;37;45
DRIVE RONCQ;ENT CARVIN PF;37;45
DRIVE RONCQ;ENT IENA;24;30
DRIVE RONCQ;ENT IENA1;22;30
DRIVE RONCQ;ENT IENA2;22;30
DRIVE RONCQ;ENT SAINGHIN1;23;30
DRIVE RONCQ;ENT SOCOPAL DIEPPE;238;240
DRIVE RONCQ;ENT V GEODIS;268;270
DRIVE RONCQ;FACHES;24;30
DRIVE RONCQ;HIRSON;141;150
DRIVE RONCQ;LEERS;14;15
DRIVE RONCQ;LOUVROIL;98;105
DRIVE RONCQ;MONTIVILLIERS;305;315
DRIVE RONCQ;NOGENT SUR OISE;191;195
DRIVE RONCQ;NOYELLES GODAULT;45;45
DRIVE RONCQ;NOYON;154;165
DRIVE RONCQ;PETITE FORET;58;60
DRIVE RONCQ;RONCQ;0;0
DRIVE RONCQ;SOCOPAL;238;240
DRIVE RONCQ;ST OMER;78;90
DRIVE RONCQ;ST QUENTIN;119;120
DRIVE RONCQ;VALENCIENNES;65;75
DRIVE RONCQ;VILLENEUVE 2;17;30
DRIVE RONCQ;VIRY NOUREUIL;150;150
DRIVE ST OMER;1267 CALAIS DELAROCHE SUPER;46;60
DRIVE ST OMER;4536 LILLE WAZEMMES MY AUCHAN;65;75
DRIVE ST OMER;4926 BILLY BERCLAU SUPER;75;75
DRIVE ST OMER;ARRAS;75;75
DRIVE ST OMER;AUCHAN CITY TOURCOING;78;90
DRIVE ST OMER;BETHUNE;47;60
DRIVE ST OMER;BOULOGNE;48;60
DRIVE ST OMER;CALAIS;48;60
DRIVE ST OMER;CHERBOURG;477;480
DRIVE ST OMER;CHRONO BONDUES 4703;71;75
DRIVE ST OMER;CHRONO COUDEKERQUE 4242;48;60
DRIVE ST OMER;CHRONO ELEU DIT LEAUWETTE 4462;68;75
DRIVE ST OMER;CHRONO HALLENNES 4167;59;60
DRIVE ST OMER;CHRONO MARCQ 4128;70;75
DRIVE ST OMER;DOUAI;90;90
DRIVE ST OMER;DRIVE BETHUNE;47;60
DRIVE ST OMER;DRIVE BOULOGNE;51;60
DRIVE ST OMER;DRIVE CALAIS;46;60
DRIVE ST OMER;DRIVE CHERBOURG;477;480
DRIVE ST OMER;DRIVE DOUAI;90;90
DRIVE ST OMER;DRIVE DUNKERQUE;39;45
DRIVE ST OMER;DRIVE LEERS;83;90
DRIVE ST OMER;DRIVE LOUVROIL;150;150
DRIVE ST OMER;DRIVE NOYELLES;81;90
DRIVE ST OMER;DRIVE PETITE FORET;109;120
DRIVE ST OMER;DRIVE RONCQ;78;90
DRIVE ST OMER;DRIVE ST OMER;0;0
DRIVE ST OMER;DRIVE VALENCIENNES;116;120
DRIVE ST OMER;DRIVE VILLENEUVE D'ASCQ;69;75
DRIVE ST OMER;DUNKERQUE;40;45
DRIVE ST OMER;DURY;173;180
DRIVE ST OMER;ENGLOS;58;60
DRIVE ST OMER;ENT AMIENS BINAT;107;120
DRIVE ST OMER;ENT AMIENS SUPER POULAINVILLE PGC;171;180
DRIVE ST OMER;ENT CARVIN FL;87;90
DRIVE ST OMER;ENT CARVIN PF;87;90
DRIVE ST OMER;ENT IENA;72;75
DRIVE ST OMER;ENT IENA1;73;75
DRIVE ST OMER;ENT IENA2;73;75
DRIVE ST OMER;ENT SAINGHIN1;76;90
DRIVE ST OMER;FACHES;71;75
DRIVE ST OMER;LEERS;83;90
DRIVE ST OMER;LOUVROIL;150;150
DRIVE ST OMER;NOYELLES GODAULT;82;90
DRIVE ST OMER;PETITE FORET;109;120
DRIVE ST OMER;RONCQ;78;90
DRIVE ST OMER;ST OMER;1;15
DRIVE ST OMER;ST QUENTIN;138;150
DRIVE ST OMER;VALENCIENNES;116;120
DRIVE ST OMER;VILLENEUVE 2;73;75
DRIVE ST QUENTIN;1186 ST QUENTIN SCHUMANN SUPER;5;15
DRIVE ST QUENTIN;ARRAS;81;90
DRIVE ST QUENTIN;BEAUVAIS;133;135
DRIVE ST QUENTIN;BETHUNE;97;105
DRIVE ST QUENTIN;CAMBRAI;48;60
DRIVE ST QUENTIN;CHRONO AVELIN 4361;94;105
DRIVE ST QUENTIN;CHRONO COMPIEGNE 4345;76;90
DRIVE ST QUENTIN;CHRONO HALLENNES 4167;113;120
DRIVE ST QUENTIN;CHRONO WASQUEHAL 4303;111;120
DRIVE ST QUENTIN;DIEPPE;186;195
DRIVE ST QUENTIN;DOUAI;64;75
DRIVE ST QUENTIN;DRIVE ARRAS;84;90
DRIVE ST QUENTIN;DRIVE BETHUNE;97;105
DRIVE ST QUENTIN;DRIVE CALAIS;176;180
DRIVE ST QUENTIN;DRIVE CAMBRAI;48;60
DRIVE ST QUENTIN;DRIVE DOUAI;64;75
DRIVE ST QUENTIN;DRIVE DURY;78;90
DRIVE ST QUENTIN;DRIVE LEERS;116;120
DRIVE ST QUENTIN;DRIVE LOUVROIL;82;90
DRIVE ST QUENTIN;DRIVE NOYON;50;60
DRIVE ST QUENTIN;DRIVE PETITE FORET;76;90
DRIVE ST QUENTIN;DRIVE RONCQ;118;120
DRIVE ST QUENTIN;DRIVE ST QUENTIN;0;0
DRIVE ST QUENTIN;DRIVE VALENCIENNES;74;75
DRIVE ST QUENTIN;DURY;78;90
DRIVE ST QUENTIN;ENT AMIENS BINAT;81;90
DRIVE ST QUENTIN;ENT AMIENS SUPER POULAINVILLE PGC;81;90
DRIVE ST QUENTIN;ENT CARVIN FL;87;90
DRIVE ST QUENTIN;ENT CARVIN PF;87;90
DRIVE ST QUENTIN;ENT IENA;99;105
DRIVE ST QUENTIN;ENT SAINGHIN1;102;105
DRIVE ST QUENTIN;ENT SOCOPAL DIEPPE;164;165
DRIVE ST QUENTIN;FACHES;98;105
DRIVE ST QUENTIN;HIRSON;73;75
DRIVE ST QUENTIN;ILLKIRCH;448;450
DRIVE ST QUENTIN;LEERS;116;120
DRIVE ST QUENTIN;LOUVROIL;107;120
DRIVE ST QUENTIN;MERU;160;165
DRIVE ST QUENTIN;MONTIVILLIERS;252;255
DRIVE ST QUENTIN;NOYELLES GODAULT;77;90
DRIVE ST QUENTIN;NOYON;50;60
DRIVE ST QUENTIN;PETITE FORET;76;90
DRIVE ST QUENTIN;RONCQ;118;120
DRIVE ST QUENTIN;SOCOPAL;164;165
DRIVE ST QUENTIN;ST QUENTIN;2;15
DRIVE ST QUENTIN;VALENCIENNES;74;75
DRIVE ST QUENTIN;VIRY NOUREUIL;29;30
DRIVE TAVERNY;BEAUVAIS;58;60
DRIVE TAVERNY;CERGY;16;30
DRIVE TAVERNY;CERGY CHRONODRIVE 469;20;30
DRIVE TAVERNY;CORMEILLES EN PARISIS CHRONODRIVE 413;13;15
DRIVE TAVERNY;DRIVE BEAUVAIS;58;60
DRIVE TAVERNY;DRIVE CERGY;16;30
DRIVE TAVERNY;DRIVE NOGENT SUR OISE;54;60
DRIVE TAVERNY;DRIVE OSNY;18;30
DRIVE TAVERNY;DRIVE ROISSY;34;45
DRIVE TAVERNY;DRIVE TAVERNY;0;0
DRIVE TAVERNY;DURY;112;120
DRIVE TAVERNY;ENT AMIENS SAINT SAUVEUR FLEG;123;135
DRIVE TAVERNY;ENT AMIENS SAINT SAUVEUR PF;123;135
DRIVE TAVERNY;ENT SERRIS 1;61;75
DRIVE TAVERNY;ENT SERRIS 2;62;75
DRIVE TAVERNY;ENT V DHL;59;60
DRIVE TAVERNY;ENT V GEODIS;60;60
DRIVE TAVERNY;FRANQUEVILLE CHRONODRIVE 4475;97;105
DRIVE TAVERNY;HERBLAY CHRONODRIVE 444;6;15
DRIVE TAVERNY;HOUILLES SUPER 1073;21;30
DRIVE TAVERNY;LE HAVRE;201;210
DRIVE TAVERNY;LES MUREAUX HALLES AUCHAN;37;45
DRIVE TAVERNY;MERU;35;45
DRIVE TAVERNY;NOGENT SUR OISE;52;60
DRIVE TAVERNY;NOYON;113;120
DRIVE TAVERNY;OSNY;19;30
DRIVE TAVERNY;ROISSY;39;45
DRIVE TAVERNY;SOISY;8;15
DRIVE TAVERNY;TAVERNY;0;0
DRIVE TAVERNY;VAL DE REUIL SUPER 1209;117;120
DRIVE VALENCIENNES;1186 ST QUENTIN SCHUMANN SUPER;79;90
DRIVE VALENCIENNES;1267 CALAIS DELAROCHE SUPER;159;165
DRIVE VALENCIENNES;1297 HARNES SUPER;55;60
DRIVE VALENCIENNES;914 MARQUETTE LES PARTISANS DU GOUT;56;60
DRIVE VALENCIENNES;ARRAS;71;75
DRIVE VALENCIENNES;AUCHAN CITY TOURCOING;61;75
DRIVE VALENCIENNES;BEAUVAIS;179;180
DRIVE VALENCIENNES;BETHUNE;84;90
DRIVE VALENCIENNES;BOULOGNE;161;165
DRIVE VALENCIENNES;CALAIS;165;165
DRIVE VALENCIENNES;CAMBRAI;28;30
DRIVE VALENCIENNES;CHRONO AVELIN 4361;42;45
DRIVE VALENCIENNES;CHRONO BONDUES 4703;62;75
DRIVE VALENCIENNES;CHRONO COMPIEGNE 4345;134;135
DRIVE VALENCIENNES;CHRONO COUDEKERQUE 4242;119;120
DRIVE VALENCIENNES;CHRONO CROIX 4154;56;60
DRIVE VALENCIENNES;CHRONO ELEU DIT LEAUWETTE 4462;60;60
DRIVE VALENCIENNES;CHRONO HALLENNES 4167;61;75
DRIVE VALENCIENNES;CHRONO LAMBERSART 4424;58;60
DRIVE VALENCIENNES;CHRONO MARCQ 4128;58;60
DRIVE VALENCIENNES;CHRONO VALENCIENNES 4370;2;15
DRIVE VALENCIENNES;CHRONO WASQUEHAL 4303;58;60
DRIVE VALENCIENNES;DOUAI;42;45
DRIVE VALENCIENNES;DRIVE ARRAS;80;90
DRIVE VALENCIENNES;DRIVE BETHUNE;84;90
DRIVE VALENCIENNES;DRIVE CAMBRAI;28;30
DRIVE VALENCIENNES;DRIVE DOUAI;42;45
DRIVE VALENCIENNES;DRIVE DUNKERQUE;126;135
DRIVE VALENCIENNES;DRIVE DURY;124;135
DRIVE VALENCIENNES;DRIVE ENGLOS;61;75
DRIVE VALENCIENNES;DRIVE FACHES;50;60
DRIVE VALENCIENNES;DRIVE LEERS;59;60
DRIVE VALENCIENNES;DRIVE LOUVROIL;37;45
DRIVE VALENCIENNES;DRIVE NOYELLES;52;60
DRIVE VALENCIENNES;DRIVE PETITE FORET;8;15
DRIVE VALENCIENNES;DRIVE RONCQ;63;75
DRIVE VALENCIENNES;DRIVE ST OMER;115;120
DRIVE VALENCIENNES;DRIVE ST QUENTIN;74;75
DRIVE VALENCIENNES;DRIVE VALENCIENNES;0;0
DRIVE VALENCIENNES;DRIVE VILLENEUVE D'ASCQ;47;60
DRIVE VALENCIENNES;DUNKERQUE;127;135
DRIVE VALENCIENNES;DURY;124;135
DRIVE VALENCIENNES;ENGLOS;60;60
DRIVE VALENCIENNES;ENT AMIENS BINAT;110;120
DRIVE VALENCIENNES;ENT AMIENS SAINT SAUVEUR FLEG;132;135
DRIVE VALENCIENNES;ENT AMIENS SAINT SAUVEUR PF;132;135
DRIVE VALENCIENNES;ENT AMIENS SUPER POULAINVILLE PGC;127;135
DRIVE VALENCIENNES;ENT CARVIN FL;66;75
DRIVE VALENCIENNES;ENT CARVIN PF;66;75
DRIVE VALENCIENNES;ENT IENA;47;60
DRIVE VALENCIENNES;ENT SAINGHIN1;45;45
DRIVE VALENCIENNES;ENT V DHL;239;240
DRIVE VALENCIENNES;FACHES;50;60
DRIVE VALENCIENNES;HIRSON;80;90
DRIVE VALENCIENNES;LE HAVRE;306;315
DRIVE VALENCIENNES;LEERS;59;60
DRIVE VALENCIENNES;LOUVROIL;38;45
DRIVE VALENCIENNES;MERU;205;210
DRIVE VALENCIENNES;NOGENT SUR OISE;163;165
DRIVE VALENCIENNES;NOYELLES GODAULT;53;60
DRIVE VALENCIENNES;NOYON;125;135
DRIVE VALENCIENNES;PETITE FORET;8;15
DRIVE VALENCIENNES;RONCQ;63;75
DRIVE VALENCIENNES;ST OMER;115;120
DRIVE VALENCIENNES;ST QUENTIN;77;90
DRIVE VALENCIENNES;VALENCIENNES;0;0
DRIVE VALENCIENNES;VILLENEUVE 2;47;60
DRIVE VALENCIENNES;VIRY NOUREUIL;104;105
DRIVE VILLENEUVE D'ASCQ;1297 HARNES SUPER;28;30
DRIVE VILLENEUVE D'ASCQ;4926 BILLY BERCLAU SUPER;33;45
DRIVE VILLENEUVE D'ASCQ;914 MARQUETTE LES PARTISANS DU GOUT;10;15
DRIVE VILLENEUVE D'ASCQ;AUCHAN CITY TOURCOING;17;30
DRIVE VILLENEUVE D'ASCQ;BEAUVAIS;193;195
DRIVE VILLENEUVE D'ASCQ;BETHUNE;45;45
DRIVE VILLENEUVE D'ASCQ;BOULOGNE;117;120
DRIVE VILLENEUVE D'ASCQ;CAMBRAI;69;75
DRIVE VILLENEUVE D'ASCQ;CHRONO AVELIN 4361;13;15
DRIVE VILLENEUVE D'ASCQ;CHRONO BONDUES 4703;16;30
DRIVE VILLENEUVE D'ASCQ;CHRONO COUDEKERQUE 4242;72;75
DRIVE VILLENEUVE D'ASCQ;CHRONO CROIX 4154;10;15
DRIVE VILLENEUVE D'ASCQ;CHRONO HALLENNES 4167;15;15
DRIVE VILLENEUVE D'ASCQ;CHRONO LAMBERSART 4424;9;15
DRIVE VILLENEUVE D'ASCQ;CHRONO MARCQ 4128;12;15
DRIVE VILLENEUVE D'ASCQ;CHRONO WASQUEHAL 4303;12;15
DRIVE VILLENEUVE D'ASCQ;DOUAI;40;45
DRIVE VILLENEUVE D'ASCQ;DRIVE ARRAS;57;60
DRIVE VILLENEUVE D'ASCQ;DRIVE BETHUNE;45;45
DRIVE VILLENEUVE D'ASCQ;DRIVE CAMBRAI;69;75
DRIVE VILLENEUVE D'ASCQ;DRIVE DOUAI;40;45
DRIVE VILLENEUVE D'ASCQ;DRIVE DUNKERQUE;81;90
DRIVE VILLENEUVE D'ASCQ;DRIVE ENGLOS;15;15
DRIVE VILLENEUVE D'ASCQ;DRIVE FACHES;8;15
DRIVE VILLENEUVE D'ASCQ;DRIVE LE HAVRE;317;330
DRIVE VILLENEUVE D'ASCQ;DRIVE LEERS;14;15
DRIVE VILLENEUVE D'ASCQ;DRIVE NOYELLES;29;30
DRIVE VILLENEUVE D'ASCQ;DRIVE NOYON;138;150
DRIVE VILLENEUVE D'ASCQ;DRIVE PETITE FORET;42;45
DRIVE VILLENEUVE D'ASCQ;DRIVE RONCQ;18;30
DRIVE VILLENEUVE D'ASCQ;DRIVE ST OMER;70;75
DRIVE VILLENEUVE D'ASCQ;DRIVE VILLENEUVE D'ASCQ;0;0
DRIVE VILLENEUVE D'ASCQ;DUNKERQUE;81;90
DRIVE VILLENEUVE D'ASCQ;ENGLOS;15;15
DRIVE VILLENEUVE D'ASCQ;ENT AMIENS BINAT;117;120
DRIVE VILLENEUVE D'ASCQ;ENT AMIENS SAINT SAUVEUR FLEG;125;135
DRIVE VILLENEUVE D'ASCQ;ENT AMIENS SAINT SAUVEUR PF;125;135
DRIVE VILLENEUVE D'ASCQ;ENT AMIENS SUPER POULAINVILLE PGC;121;135
DRIVE VILLENEUVE D'ASCQ;ENT CARVIN FL;23;30
DRIVE VILLENEUVE D'ASCQ;ENT CARVIN PF;23;30
DRIVE VILLENEUVE D'ASCQ;ENT IENA;9;15
DRIVE VILLENEUVE D'ASCQ;ENT IENA1;5;15
DRIVE VILLENEUVE D'ASCQ;ENT IENA2;5;15
DRIVE VILLENEUVE D'ASCQ;ENT SAINGHIN1;7;15
DRIVE VILLENEUVE D'ASCQ;ENT SOCOPAL DIEPPE;224;225
DRIVE VILLENEUVE D'ASCQ;FACHES;8;15
DRIVE VILLENEUVE D'ASCQ;LEERS;14;15
DRIVE VILLENEUVE D'ASCQ;LOUVROIL;82;90
DRIVE VILLENEUVE D'ASCQ;NOYELLES GODAULT;29;30
DRIVE VILLENEUVE D'ASCQ;NOYON;138;150
DRIVE VILLENEUVE D'ASCQ;PETITE FORET;42;45
DRIVE VILLENEUVE D'ASCQ;RONCQ;18;30
DRIVE VILLENEUVE D'ASCQ;SOCOPAL;224;225
DRIVE VILLENEUVE D'ASCQ;ST OMER;70;75
DRIVE VILLENEUVE D'ASCQ;ST QUENTIN;107;120
DRIVE VILLENEUVE D'ASCQ;VILLENEUVE 2;1;15
DRIVE VILLENEUVE D'ASCQ;VIRY NOUREUIL;134;135
DUNKERQUE;914 MARQUETTE LES PARTISANS DU GOUT;79;90
DUNKERQUE;ARRAS;118;120
DUNKERQUE;AUCHAN CITY TOURCOING;90;90
DUNKERQUE;BETHUNE;75;75
DUNKERQUE;BOULOGNE;71;75
DUNKERQUE;CALAIS;42;45
DUNKERQUE;CAMBRAI;148;150
DUNKERQUE;CHRONO AVELIN 4361;89;90
DUNKERQUE;CHRONO BONDUES 4703;82;90
DUNKERQUE;CHRONO COUDEKERQUE 4242;13;15
DUNKERQUE;CHRONO CROIX 4154;86;90
DUNKERQUE;CHRONO ELEU DIT LEAUWETTE 4462;99;105
DUNKERQUE;CHRONO HALLENNES 4167;70;75
DUNKERQUE;CHRONO LAMBERSART 4424;75;75
DUNKERQUE;CHRONO MARCQ 4128;81;90
DUNKERQUE;CHRONO VALENCIENNES 4370;126;135
DUNKERQUE;CHRONO WASQUEHAL 4303;85;90
DUNKERQUE;DIEPPE;208;210
DUNKERQUE;DOUAI;118;120
DUNKERQUE;DRIVE BETHUNE;75;75
DUNKERQUE;DRIVE BOULOGNE;69;75
DUNKERQUE;DRIVE CALAIS;40;45
DUNKERQUE;DRIVE CAMBRAI;148;150
DUNKERQUE;DRIVE DOUAI;118;120
DUNKERQUE;DRIVE DUNKERQUE;1;15
DUNKERQUE;DRIVE DURY;197;210
DUNKERQUE;DRIVE ENGLOS;70;75
DUNKERQUE;DRIVE FACHES;83;90
DUNKERQUE;DRIVE LEERS;94;105
DUNKERQUE;DRIVE LOUVROIL;161;165
DUNKERQUE;DRIVE NOYELLES;104;105
DUNKERQUE;DRIVE PETITE FORET;121;135
DUNKERQUE;DRIVE RONCQ;90;90
DUNKERQUE;DRIVE ST OMER;39;45
DUNKERQUE;DRIVE VALENCIENNES;128;135
DUNKERQUE;DRIVE VILLENEUVE D'ASCQ;81;90
DUNKERQUE;DUNKERQUE;0;0
DUNKERQUE;DURY;189;195
DUNKERQUE;ENGLOS;71;75
DUNKERQUE;ENT AMIENS SAINT SAUVEUR FLEG;185;195
DUNKERQUE;ENT AMIENS SAINT SAUVEUR PF;185;195
DUNKERQUE;ENT AMIENS SUPER POULAINVILLE PGC;188;195
DUNKERQUE;ENT CARVIN FL;98;105
DUNKERQUE;ENT CARVIN PF;98;105
DUNKERQUE;ENT IENA1;85;90
DUNKERQUE;ENT IENA2;85;90
DUNKERQUE;ENT SERRIS 1;313;315
DUNKERQUE;ENT SOCOPAL DIEPPE;215;225
DUNKERQUE;FACHES;83;90
DUNKERQUE;LEERS;94;105
DUNKERQUE;MERS LES BAINS;173;180
DUNKERQUE;MONTIVILLIERS;302;315
DUNKERQUE;NOYELLES GODAULT;105;105
DUNKERQUE;PETITE FORET;121;135
DUNKERQUE;RONCQ;90;90
DUNKERQUE;SOCOPAL;215;225
DUNKERQUE;ST OMER;40;45
DUNKERQUE;ST QUENTIN;180;180
DUNKERQUE;VALENCIENNES;128;135
DUNKERQUE;VILLENEUVE 2;82;90
DURY;1186 ST QUENTIN SCHUMANN SUPER;83;90
DURY;4313 CANTELEU SUPER;126;135
DURY;4977 RUE SUPER;80;90
DURY;ARRAS;70;75
DURY;AUCHAN CITY TOURCOING;151;165
DURY;BEAUVAIS;58;60
DURY;BETHUNE;89;90
DURY;BOULOGNE;133;135
DURY;CALAIS;167;180
DURY;CAMBRAI;100;105
DURY;CERGY;117;120
DURY;CERGY CHRONODRIVE 469;112;120
DURY;CHERBOURG;365;375
DURY;CHRONO AVELIN 4361;130;135
DURY;CHRONO COMPIEGNE 4345;88;90
DURY;CHRONO HALLENNES 4167;149;150
DURY;CHRONO IFS;247;255
DURY;CHRONO LAMBERSART 4424;145;150
DURY;CHRONO VALENCIENNES 4370;126;135
DURY;CHRONO WASQUEHAL 4303;147;150
DURY;CORMEILLES EN PARISIS CHRONODRIVE 413;127;135
DURY;DIEPPE;112;120
DURY;DIEPPE;114;120
DURY;DOUAI;86;90
DURY;DRIVE BEAUVAIS;59;60
DURY;DRIVE BETHUNE;89;90
DURY;DRIVE CAMBRAI;100;105
DURY;DRIVE CHERBOURG;365;375
DURY;DRIVE DIEPPE;113;120
DURY;DRIVE DOUAI;86;90
DURY;DRIVE DURY;1;15
DURY;DRIVE LE HAVRE;182;195
DURY;DRIVE LEERS;133;135
DURY;DRIVE LOUVROIL;159;165
DURY;DRIVE MONTIVILLIERS;176;180
DURY;DRIVE NOGENT SUR OISE;92;105
DURY;DRIVE NOYELLES;93;105
DURY;DRIVE PETITE FORET;128;135
DURY;DRIVE ROISSY;127;135
DURY;DRIVE RONCQ;135;135
DURY;DRIVE ST OMER;179;180
DURY;DRIVE ST QUENTIN;78;90
DURY;DRIVE VALENCIENNES;126;135
DURY;DUNKERQUE;197;210
DURY;DURY;0;0
DURY;ENGLOS;119;120
DURY;ENT AMIENS SAINT SAUVEUR FLEG;19;30
DURY;ENT AMIENS SAINT SAUVEUR PF;19;30
DURY;ENT AMIENS SUPER POULAINVILLE PGC;10;15
DURY;ENT CARVIN FL;124;135
DURY;ENT CARVIN PF;124;135
DURY;ENT SERRIS 1;162;165
DURY;ENT SERRIS 2;164;165
DURY;ENT V DHL;169;180
DURY;FACHES;115;120
DURY;FRANQUEVILLE CHRONODRIVE 4475;126;135
DURY;HERBLAY CHRONODRIVE 444;114;120
DURY;HIRSON;149;150
DURY;HOUILLES SUPER 1073;131;135
DURY;LE HAVRE;186;195
DURY;LEERS;133;135
DURY;LES MUREAUX HALLES AUCHAN;136;150
DURY;LONGUEIL SAINTE MARIE SUPER 4315;88;90
DURY;LOUVROIL;159;165
DURY;MERS LES BAINS;82;90
DURY;MERU;87;90
DURY;MONTIVILLIERS;176;180
DURY;NOGENT SUR OISE;78;90
DURY;NOYELLES GODAULT;94;105
DURY;OSNY;105;105
DURY;PETITE FORET;128;135
DURY;ROISSY;126;135
DURY;RONCQ;135;135
DURY;SOISY;119;120
DURY;ST OMER;115;120
DURY;ST QUENTIN;81;90
DURY;TAVERNY;114;120
DURY;VAL DE REUIL SUPER 1209;151;165
DURY;VALENCIENNES;126;135
DURY;VILLENEUVE 2;121;135
DURY;VIRY NOUREUIL;104;105
ENGLOS;1297 HARNES SUPER;34;45
ENGLOS;4926 BILLY BERCLAU SUPER;23;30
ENGLOS;914 MARQUETTE LES PARTISANS DU GOUT;11;15
ENGLOS;ARRAS;52;60
ENGLOS;AUCHAN CITY TOURCOING;21;30
ENGLOS;BETHUNE;36;45
ENGLOS;BOULOGNE;105;105
ENGLOS;CALAIS;108;120
ENGLOS;CAMBRAI;82;90
ENGLOS;CHRONO AVELIN 4361;23;30
ENGLOS;CHRONO BONDUES 4703;14;15
ENGLOS;CHRONO COUDEKERQUE 4242;60;60
ENGLOS;CHRONO CROIX 4154;17;30
ENGLOS;CHRONO ELEU DIT LEAUWETTE 4462;32;45
ENGLOS;CHRONO HALLENNES 4167;3;15
ENGLOS;CHRONO LAMBERSART 4424;7;15
ENGLOS;CHRONO MARCQ 4128;13;15
ENGLOS;CHRONO VALENCIENNES 4370;61;75
ENGLOS;CHRONO WASQUEHAL 4303;17;30
ENGLOS;DIEPPE;191;195
ENGLOS;DOUAI;52;60
ENGLOS;DRIVE ARRAS;52;60
ENGLOS;DRIVE BEAUVAIS;202;210
ENGLOS;DRIVE BETHUNE;36;45
ENGLOS;DRIVE BOULOGNE;108;120
ENGLOS;DRIVE CALAIS;105;105
ENGLOS;DRIVE CAMBRAI;82;90
ENGLOS;DRIVE DOUAI;52;60
ENGLOS;DRIVE DUNKERQUE;69;75
ENGLOS;DRIVE DURY;146;150
ENGLOS;DRIVE ENGLOS;0;0
ENGLOS;DRIVE LEERS;25;30
ENGLOS;DRIVE NOYELLES;39;45
ENGLOS;DRIVE PETITE FORET;56;60
ENGLOS;DRIVE RONCQ;21;30
ENGLOS;DRIVE ST OMER;58;60
ENGLOS;DRIVE ST QUENTIN;115;120
ENGLOS;DRIVE VALENCIENNES;62;75
ENGLOS;DRIVE VILLENEUVE D'ASCQ;16;30
ENGLOS;DUNKERQUE;70;75
ENGLOS;DURY;119;120
ENGLOS;ENGLOS;0;0
ENGLOS;ENT AMIENS SAINT SAUVEUR FLEG;134;135
ENGLOS;ENT AMIENS SAINT SAUVEUR PF;134;135
ENGLOS;ENT AMIENS SUPER POULAINVILLE PGC;110;120
ENGLOS;ENT CARVIN FL;31;45
ENGLOS;ENT CARVIN PF;31;45
ENGLOS;ENT IENA1;18;30
ENGLOS;ENT IENA2;18;30
ENGLOS;ENT SOCOPAL DIEPPE;199;210
ENGLOS;ENT V DHL;262;270
ENGLOS;FACHES;18;30
ENGLOS;HIRSON;138;150
ENGLOS;LE HAVRE;296;300
ENGLOS;LEERS;25;30
ENGLOS;LOUVROIL;96;105
ENGLOS;MERS LES BAINS;156;165
ENGLOS;MERU;228;240
ENGLOS;NOYELLES GODAULT;39;45
ENGLOS;NOYON;148;150
ENGLOS;PETITE FORET;56;60
ENGLOS;RONCQ;21;30
ENGLOS;SOCOPAL;199;210
ENGLOS;ST OMER;58;60
ENGLOS;ST QUENTIN;114;120
ENGLOS;VALENCIENNES;62;75
ENGLOS;VILLENEUVE 2;17;30
ENGLOS;VIRY NOUREUIL;144;150
ENT AMIENS BINAT;1186 ST QUENTIN SCHUMANN SUPER;86;90
ENT AMIENS BINAT;1267 CALAIS DELAROCHE SUPER;155;165
ENT AMIENS BINAT;1297 HARNES SUPER;101;105
ENT AMIENS BINAT;4313 CANTELEU SUPER;130;135
ENT AMIENS BINAT;4536 LILLE WAZEMMES MY AUCHAN;122;135
ENT AMIENS BINAT;4926 BILLY BERCLAU SUPER;94;105
ENT AMIENS BINAT;4977 RUE SUPER;72;75
ENT AMIENS BINAT;914 MARQUETTE LES PARTISANS DU GOUT;124;135
ENT AMIENS BINAT;AUCHAN CITY TOURCOING;131;135
ENT AMIENS BINAT;AUCHAN LUXEMBOURG SUPPLY;405;405
ENT AMIENS BINAT;BEAUVAIS;70;75
ENT AMIENS BINAT;BETHUNE;84;90
ENT AMIENS BINAT;CAEN CHRONO 352;249;255
ENT AMIENS BINAT;CAMBRAI;103;105
ENT AMIENS BINAT;CERGY;120;120
ENT AMIENS BINAT;CERGY CHRONODRIVE 469;123;135
ENT AMIENS BINAT;CHERBOURG;369;375
ENT AMIENS BINAT;CHRONO AVELIN 4361;109;120
ENT AMIENS BINAT;CHRONO BONDUES 4703;127;135
ENT AMIENS BINAT;CHRONO COMPIEGNE 4345;89;90
ENT AMIENS BINAT;CHRONO COUDEKERQUE 4242;143;150
ENT AMIENS BINAT;CHRONO CROIX 4154;127;135
ENT AMIENS BINAT;CHRONO ELEU DIT LEAUWETTE 4462;81;90
ENT AMIENS BINAT;CHRONO HALLENNES 4167;110;120
ENT AMIENS BINAT;CHRONO IFS;251;255
ENT AMIENS BINAT;CHRONO LAMBERSART 4424;123;135
ENT AMIENS BINAT;CHRONO MARCQ 4128;124;135
ENT AMIENS BINAT;CHRONO VALENCIENNES 4370;111;120
ENT AMIENS BINAT;CHRONO WASQUEHAL 4303;125;135
ENT AMIENS BINAT;CORMEILLES EN PARISIS CHRONODRIVE 413;139;150
ENT AMIENS BINAT;DIEPPE;117;120
ENT AMIENS BINAT;DIFFERDANGE;389;390
ENT AMIENS BINAT;DOUAI;84;90
ENT AMIENS BINAT;DRIVE ARRAS;64;75
ENT AMIENS BINAT;DRIVE BEAUVAIS;70;75
ENT AMIENS BINAT;DRIVE BETHUNE;84;90
ENT AMIENS BINAT;DRIVE BOULOGNE;122;135
ENT AMIENS BINAT;DRIVE CALAIS;155;165
ENT AMIENS BINAT;DRIVE CAMBRAI;103;105
ENT AMIENS BINAT;DRIVE CERGY;128;135
ENT AMIENS BINAT;DRIVE CHERBOURG;369;375
ENT AMIENS BINAT;DRIVE DIEPPE;116;120
ENT AMIENS BINAT;DRIVE DOUAI;84;90
ENT AMIENS BINAT;DRIVE DUNKERQUE;150;150
ENT AMIENS BINAT;DRIVE DURY;10;15
ENT AMIENS BINAT;DRIVE ENGLOS;114;120
ENT AMIENS BINAT;DRIVE LE HAVRE;186;195
ENT AMIENS BINAT;DRIVE LEERS;130;135
ENT AMIENS BINAT;DRIVE LOUVROIL;143;150
ENT AMIENS BINAT;DRIVE MONTIVILLIERS;179;180
ENT AMIENS BINAT;DRIVE NOGENT SUR OISE;84;90
ENT AMIENS BINAT;DRIVE NOYELLES;91;105
ENT AMIENS BINAT;DRIVE NOYON;74;75
ENT AMIENS BINAT;DRIVE OSNY;116;120
ENT AMIENS BINAT;DRIVE PETITE FORET;113;120
ENT AMIENS BINAT;DRIVE ROISSY;138;150
ENT AMIENS BINAT;DRIVE RONCQ;132;135
ENT AMIENS BINAT;DRIVE SCHWEIGHOUSE;516;525
ENT AMIENS BINAT;DRIVE ST OMER;112;120
ENT AMIENS BINAT;DRIVE ST QUENTIN;82;90
ENT AMIENS BINAT;DRIVE TAVERNY;125;135
ENT AMIENS BINAT;DRIVE VALENCIENNES;110;120
ENT AMIENS BINAT;DRIVE VILLENEUVE D'ASCQ;119;120
ENT AMIENS BINAT;DURY;5;15
ENT AMIENS BINAT;ENT AMIENS BINAT;0;0
ENT AMIENS BINAT;ENT AMIENS SAINT SAUVEUR FLEG;8;15
ENT AMIENS BINAT;ENT AMIENS SAINT SAUVEUR PF;8;15
ENT AMIENS BINAT;ENT AMIENS SUPER POULAINVILLE PGC;2;15
ENT AMIENS BINAT;ENT CARVIN FL;105;105
ENT AMIENS BINAT;ENT CARVIN PF;105;105
ENT AMIENS BINAT;ENT SAINGHIN1;119;120
ENT AMIENS BINAT;ENT SERRIS 1;173;180
ENT AMIENS BINAT;ENT SERRIS 2;175;180
ENT AMIENS BINAT;ENT SOCOPAL DIEPPE;93;105
ENT AMIENS BINAT;ENT V DHL;180;180
ENT AMIENS BINAT;ENT V GEODIS;182;195
ENT AMIENS BINAT;FACHES;113;120
ENT AMIENS BINAT;FRANQUEVILLE CHRONODRIVE 4475;129;135
ENT AMIENS BINAT;HERBLAY CHRONODRIVE 444;126;135
ENT AMIENS BINAT;HOUILLES SUPER 1073;143;150
ENT AMIENS BINAT;ILLKIRCH;528;540
ENT AMIENS BINAT;KIRCHBERG;390;390
ENT AMIENS BINAT;LA CLOCHE D'OR;406;420
ENT AMIENS BINAT;LA QUEUE LES YVELINES SUPER 1096;184;195
ENT AMIENS BINAT;LAXOU;377;390
ENT AMIENS BINAT;LE CHESNAY PARLY 2 SUPER 1144;153;165
ENT AMIENS BINAT;LE HAVRE;188;195
ENT AMIENS BINAT;LEERS;130;135
ENT AMIENS BINAT;LONGUEIL SAINTE MARIE SUPER 4315;90;90
ENT AMIENS BINAT;MAUREPAS SUPER 4492;174;180
ENT AMIENS BINAT;MERU;98;105
ENT AMIENS BINAT;MONT SAINT MARTIN;310;315
ENT AMIENS BINAT;NANCY CENTRE;383;390
ENT AMIENS BINAT;NOGENT SUR OISE;86;90
ENT AMIENS BINAT;NOYON;74;75
ENT AMIENS BINAT;OSNY;116;120
ENT AMIENS BINAT;PETITE FORET;113;120
ENT AMIENS BINAT;ROISSY;137;150
ENT AMIENS BINAT;RONCQ;132;135
ENT AMIENS BINAT;SCHWEIGHOUSE;512;525
ENT AMIENS BINAT;SEMECOURT;348;360
ENT AMIENS BINAT;SOCOPAL;93;105
ENT AMIENS BINAT;SOISY;131;135
ENT AMIENS BINAT;STRASBOURG;524;525
ENT AMIENS BINAT;TAVERNY;125;135
ENT AMIENS BINAT;TOMBLAINE;394;405
ENT AMIENS BINAT;VAL DE REUIL SUPER 1209;155;165
ENT AMIENS BINAT;VALENCIENNES;110;120
ENT AMIENS BINAT;VERNEUIL 1 VERGER SUPER 4981;142;150
ENT AMIENS BINAT;VIRY NOUREUIL;107;120
ENT AMIENS SAINT SAUVEUR FLEG;1186 ST QUENTIN SCHUMANN SUPER;91;105
ENT AMIENS SAINT SAUVEUR FLEG;1267 CALAIS DELAROCHE SUPER;153;165
ENT AMIENS SAINT SAUVEUR FLEG;1297 HARNES SUPER;106;120
ENT AMIENS SAINT SAUVEUR FLEG;4313 CANTELEU SUPER;127;135
ENT AMIENS SAINT SAUVEUR FLEG;4536 LILLE WAZEMMES MY AUCHAN;127;135
ENT AMIENS SAINT SAUVEUR FLEG;4926 BILLY BERCLAU SUPER;101;105
ENT AMIENS SAINT SAUVEUR FLEG;4977 RUE SUPER;69;75
ENT AMIENS SAINT SAUVEUR FLEG;ARRAS;70;75
ENT AMIENS SAINT SAUVEUR FLEG;BEAUVAIS;68;75
ENT AMIENS SAINT SAUVEUR FLEG;BOULOGNE;122;135
ENT AMIENS SAINT SAUVEUR FLEG;CAEN CHRONO 352;251;255
ENT AMIENS SAINT SAUVEUR FLEG;CERGY;127;135
ENT AMIENS SAINT SAUVEUR FLEG;CERGY CHRONODRIVE 469;130;135
ENT AMIENS SAINT SAUVEUR FLEG;CHERBOURG;369;375
ENT AMIENS SAINT SAUVEUR FLEG;CHRONO AVELIN 4361;115;120
ENT AMIENS SAINT SAUVEUR FLEG;CHRONO COMPIEGNE 4345;89;90
ENT AMIENS SAINT SAUVEUR FLEG;CHRONO CROIX 4154;133;135
ENT AMIENS SAINT SAUVEUR FLEG;CHRONO IFS;249;255
ENT AMIENS SAINT SAUVEUR FLEG;CHRONO MARCQ 4128;132;135
ENT AMIENS SAINT SAUVEUR FLEG;CORMEILLES EN PARISIS CHRONODRIVE 413;137;150
ENT AMIENS SAINT SAUVEUR FLEG;DIEPPE;114;120
ENT AMIENS SAINT SAUVEUR FLEG;DIEPPE;115;120
ENT AMIENS SAINT SAUVEUR FLEG;DOUAI;124;135
ENT AMIENS SAINT SAUVEUR FLEG;DRIVE BEAUVAIS;68;75
ENT AMIENS SAINT SAUVEUR FLEG;DRIVE BOULOGNE;120;120
ENT AMIENS SAINT SAUVEUR FLEG;DRIVE CERGY;126;135
ENT AMIENS SAINT SAUVEUR FLEG;DRIVE CHERBOURG;369;375
ENT AMIENS SAINT SAUVEUR FLEG;DRIVE DIEPPE;114;120
ENT AMIENS SAINT SAUVEUR FLEG;DRIVE DOUAI;124;135
ENT AMIENS SAINT SAUVEUR FLEG;DRIVE DURY;19;30
ENT AMIENS SAINT SAUVEUR FLEG;DRIVE LE HAVRE;184;195
ENT AMIENS SAINT SAUVEUR FLEG;DRIVE LEERS;137;150
ENT AMIENS SAINT SAUVEUR FLEG;DRIVE MONTIVILLIERS;180;180
ENT AMIENS SAINT SAUVEUR FLEG;DRIVE NOGENT SUR OISE;102;105
ENT AMIENS SAINT SAUVEUR FLEG;DRIVE NOYON;79;90
ENT AMIENS SAINT SAUVEUR FLEG;DRIVE OSNY;130;135
ENT AMIENS SAINT SAUVEUR FLEG;DRIVE ROISSY;136;150
ENT AMIENS SAINT SAUVEUR FLEG;DRIVE ST QUENTIN;87;90
ENT AMIENS SAINT SAUVEUR FLEG;DRIVE TAVERNY;123;135
ENT AMIENS SAINT SAUVEUR FLEG;DRIVE VALENCIENNES;134;135
ENT AMIENS SAINT SAUVEUR FLEG;DUNKERQUE;186;195
ENT AMIENS SAINT SAUVEUR FLEG;DURY;19;30
ENT AMIENS SAINT SAUVEUR FLEG;ENT AMIENS BINAT;9;15
ENT AMIENS SAINT SAUVEUR FLEG;ENT AMIENS SAINT SAUVEUR FLEG;0;0
ENT AMIENS SAINT SAUVEUR FLEG;ENT AMIENS SAINT SAUVEUR PF;0;0
ENT AMIENS SAINT SAUVEUR FLEG;ENT AMIENS SUPER POULAINVILLE PGC;8;15
ENT AMIENS SAINT SAUVEUR FLEG;ENT CARVIN FL;110;120
ENT AMIENS SAINT SAUVEUR FLEG;ENT CARVIN PF;110;120
ENT AMIENS SAINT SAUVEUR FLEG;ENT IENA;120;120
ENT AMIENS SAINT SAUVEUR FLEG;ENT IENA1;121;135
ENT AMIENS SAINT SAUVEUR FLEG;ENT IENA2;121;135
ENT AMIENS SAINT SAUVEUR FLEG;ENT SAINGHIN1;124;135
ENT AMIENS SAINT SAUVEUR FLEG;ENT SERRIS 2;173;180
ENT AMIENS SAINT SAUVEUR FLEG;ENT SOCOPAL DIEPPE;91;105
ENT AMIENS SAINT SAUVEUR FLEG;ENT V GEODIS;180;180
ENT AMIENS SAINT SAUVEUR FLEG;FACHES;119;120
ENT AMIENS SAINT SAUVEUR FLEG;FRANQUEVILLE CHRONODRIVE 4475;127;135
ENT AMIENS SAINT SAUVEUR FLEG;HERBLAY CHRONODRIVE 444;125;135
ENT AMIENS SAINT SAUVEUR FLEG;HOUILLES SUPER 1073;140;150
ENT AMIENS SAINT SAUVEUR FLEG;IFS CHRONODRIVE 4253;249;255
ENT AMIENS SAINT SAUVEUR FLEG;LE HAVRE;186;195
ENT AMIENS SAINT SAUVEUR FLEG;LEERS;137;150
ENT AMIENS SAINT SAUVEUR FLEG;LES MUREAUX HALLES AUCHAN;146;150
ENT AMIENS SAINT SAUVEUR FLEG;LONGUEIL SAINTE MARIE SUPER 4315;95;105
ENT AMIENS SAINT SAUVEUR FLEG;MERS LES BAINS;80;90
ENT AMIENS SAINT SAUVEUR FLEG;MERU;95;105
ENT AMIENS SAINT SAUVEUR FLEG;MONTIVILLIERS;180;180
ENT AMIENS SAINT SAUVEUR FLEG;NOGENT SUR OISE;104;105
ENT AMIENS SAINT SAUVEUR FLEG;NOYELLES GODAULT;98;105
ENT AMIENS SAINT SAUVEUR FLEG;NOYON;79;90
ENT AMIENS SAINT SAUVEUR FLEG;OSNY;130;135
ENT AMIENS SAINT SAUVEUR FLEG;ROISSY;134;135
ENT AMIENS SAINT SAUVEUR FLEG;SOCOPAL;91;105
ENT AMIENS SAINT SAUVEUR FLEG;SOISY;128;135
ENT AMIENS SAINT SAUVEUR FLEG;ST QUENTIN;87;90
ENT AMIENS SAINT SAUVEUR FLEG;TAVERNY;123;135
ENT AMIENS SAINT SAUVEUR FLEG;VAL DE REUIL SUPER 1209;153;165
ENT AMIENS SAINT SAUVEUR FLEG;VALENCIENNES;134;135
ENT AMIENS SAINT SAUVEUR FLEG;VERNEUIL 1 VERGER SUPER 4981;140;150
ENT AMIENS SAINT SAUVEUR FLEG;VIRY NOUREUIL;112;120
ENT AMIENS SAINT SAUVEUR PF;1186 ST QUENTIN SCHUMANN SUPER;91;105
ENT AMIENS SAINT SAUVEUR PF;1267 CALAIS DELAROCHE SUPER;153;165
ENT AMIENS SAINT SAUVEUR PF;1297 HARNES SUPER;106;120
ENT AMIENS SAINT SAUVEUR PF;4313 CANTELEU SUPER;127;135
ENT AMIENS SAINT SAUVEUR PF;4536 LILLE WAZEMMES MY AUCHAN;127;135
ENT AMIENS SAINT SAUVEUR PF;4926 BILLY BERCLAU SUPER;101;105
ENT AMIENS SAINT SAUVEUR PF;4977 RUE SUPER;69;75
ENT AMIENS SAINT SAUVEUR PF;ARRAS;70;75
ENT AMIENS SAINT SAUVEUR PF;BEAUVAIS;68;75
ENT AMIENS SAINT SAUVEUR PF;BOULOGNE;122;135
ENT AMIENS SAINT SAUVEUR PF;CAEN CHRONO 352;251;255
ENT AMIENS SAINT SAUVEUR PF;CERGY;127;135
ENT AMIENS SAINT SAUVEUR PF;CERGY CHRONODRIVE 469;130;135
ENT AMIENS SAINT SAUVEUR PF;CHERBOURG;369;375
ENT AMIENS SAINT SAUVEUR PF;CHRONO AVELIN 4361;115;120
ENT AMIENS SAINT SAUVEUR PF;CHRONO COMPIEGNE 4345;89;90
ENT AMIENS SAINT SAUVEUR PF;CHRONO CROIX 4154;133;135
ENT AMIENS SAINT SAUVEUR PF;CHRONO IFS;249;255
ENT AMIENS SAINT SAUVEUR PF;CHRONO MARCQ 4128;132;135
ENT AMIENS SAINT SAUVEUR PF;CORMEILLES EN PARISIS CHRONODRIVE 413;137;150
ENT AMIENS SAINT SAUVEUR PF;DIEPPE;114;120
ENT AMIENS SAINT SAUVEUR PF;DIEPPE;115;120
ENT AMIENS SAINT SAUVEUR PF;DOUAI;124;135
ENT AMIENS SAINT SAUVEUR PF;DRIVE BEAUVAIS;68;75
ENT AMIENS SAINT SAUVEUR PF;DRIVE BOULOGNE;120;120
ENT AMIENS SAINT SAUVEUR PF;DRIVE CERGY;126;135
ENT AMIENS SAINT SAUVEUR PF;DRIVE CHERBOURG;369;375
ENT AMIENS SAINT SAUVEUR PF;DRIVE DIEPPE;114;120
ENT AMIENS SAINT SAUVEUR PF;DRIVE DOUAI;124;135
ENT AMIENS SAINT SAUVEUR PF;DRIVE DURY;19;30
ENT AMIENS SAINT SAUVEUR PF;DRIVE LE HAVRE;184;195
ENT AMIENS SAINT SAUVEUR PF;DRIVE LEERS;137;150
ENT AMIENS SAINT SAUVEUR PF;DRIVE MONTIVILLIERS;180;180
ENT AMIENS SAINT SAUVEUR PF;DRIVE NOGENT SUR OISE;102;105
ENT AMIENS SAINT SAUVEUR PF;DRIVE NOYON;79;90
ENT AMIENS SAINT SAUVEUR PF;DRIVE OSNY;130;135
ENT AMIENS SAINT SAUVEUR PF;DRIVE ROISSY;136;150
ENT AMIENS SAINT SAUVEUR PF;DRIVE ST QUENTIN;87;90
ENT AMIENS SAINT SAUVEUR PF;DRIVE TAVERNY;123;135
ENT AMIENS SAINT SAUVEUR PF;DRIVE VALENCIENNES;134;135
ENT AMIENS SAINT SAUVEUR PF;DUNKERQUE;186;195
ENT AMIENS SAINT SAUVEUR PF;DURY;19;30
ENT AMIENS SAINT SAUVEUR PF;ENT AMIENS BINAT;9;15
ENT AMIENS SAINT SAUVEUR PF;ENT AMIENS SAINT SAUVEUR FLEG;0;0
ENT AMIENS SAINT SAUVEUR PF;ENT AMIENS SAINT SAUVEUR PF;0;0
ENT AMIENS SAINT SAUVEUR PF;ENT AMIENS SUPER POULAINVILLE PGC;8;15
ENT AMIENS SAINT SAUVEUR PF;ENT CARVIN FL;110;120
ENT AMIENS SAINT SAUVEUR PF;ENT CARVIN PF;110;120
ENT AMIENS SAINT SAUVEUR PF;ENT IENA;120;120
ENT AMIENS SAINT SAUVEUR PF;ENT IENA1;121;135
ENT AMIENS SAINT SAUVEUR PF;ENT IENA2;121;135
ENT AMIENS SAINT SAUVEUR PF;ENT SAINGHIN1;124;135
ENT AMIENS SAINT SAUVEUR PF;ENT SERRIS 2;173;180
ENT AMIENS SAINT SAUVEUR PF;ENT SOCOPAL DIEPPE;91;105
ENT AMIENS SAINT SAUVEUR PF;ENT V GEODIS;180;180
ENT AMIENS SAINT SAUVEUR PF;FACHES;119;120
ENT AMIENS SAINT SAUVEUR PF;FRANQUEVILLE CHRONODRIVE 4475;127;135
ENT AMIENS SAINT SAUVEUR PF;HERBLAY CHRONODRIVE 444;125;135
ENT AMIENS SAINT SAUVEUR PF;HOUILLES SUPER 1073;140;150
ENT AMIENS SAINT SAUVEUR PF;IFS CHRONODRIVE 4253;249;255
ENT AMIENS SAINT SAUVEUR PF;LE HAVRE;186;195
ENT AMIENS SAINT SAUVEUR PF;LEERS;137;150
ENT AMIENS SAINT SAUVEUR PF;LES MUREAUX HALLES AUCHAN;146;150
ENT AMIENS SAINT SAUVEUR PF;LONGUEIL SAINTE MARIE SUPER 4315;95;105
ENT AMIENS SAINT SAUVEUR PF;MERS LES BAINS;80;90
ENT AMIENS SAINT SAUVEUR PF;MERU;95;105
ENT AMIENS SAINT SAUVEUR PF;MONTIVILLIERS;180;180
ENT AMIENS SAINT SAUVEUR PF;NOGENT SUR OISE;104;105
ENT AMIENS SAINT SAUVEUR PF;NOYELLES GODAULT;98;105
ENT AMIENS SAINT SAUVEUR PF;NOYON;79;90
ENT AMIENS SAINT SAUVEUR PF;OSNY;130;135
ENT AMIENS SAINT SAUVEUR PF;ROISSY;134;135
ENT AMIENS SAINT SAUVEUR PF;SOCOPAL;91;105
ENT AMIENS SAINT SAUVEUR PF;SOISY;128;135
ENT AMIENS SAINT SAUVEUR PF;ST QUENTIN;87;90
ENT AMIENS SAINT SAUVEUR PF;TAVERNY;123;135
ENT AMIENS SAINT SAUVEUR PF;VAL DE REUIL SUPER 1209;153;165
ENT AMIENS SAINT SAUVEUR PF;VALENCIENNES;134;135
ENT AMIENS SAINT SAUVEUR PF;VERNEUIL 1 VERGER SUPER 4981;140;150
ENT AMIENS SAINT SAUVEUR PF;VIRY NOUREUIL;112;120
ENT AMIENS SUPER POULAINVILLE PGC;1267 CALAIS DELAROCHE SUPER;156;165
ENT AMIENS SUPER POULAINVILLE PGC;1297 HARNES SUPER;92;105
ENT AMIENS SUPER POULAINVILLE PGC;4313 CANTELEU SUPER;130;135
ENT AMIENS SUPER POULAINVILLE PGC;4536 LILLE WAZEMMES MY AUCHAN;123;135
ENT AMIENS SUPER POULAINVILLE PGC;4926 BILLY BERCLAU SUPER;95;105
ENT AMIENS SUPER POULAINVILLE PGC;4977 RUE SUPER;72;75
ENT AMIENS SUPER POULAINVILLE PGC;914 MARQUETTE LES PARTISANS DU GOUT;125;135
ENT AMIENS SUPER POULAINVILLE PGC;ARRAS;61;75
ENT AMIENS SUPER POULAINVILLE PGC;AUCHAN CITY TOURCOING;133;135
ENT AMIENS SUPER POULAINVILLE PGC;BEAUVAIS;71;75
ENT AMIENS SUPER POULAINVILLE PGC;BETHUNE;96;105
ENT AMIENS SUPER POULAINVILLE PGC;BOULOGNE;125;135
ENT AMIENS SUPER POULAINVILLE PGC;CAEN CHRONO 352;250;255
ENT AMIENS SUPER POULAINVILLE PGC;CALAIS;152;165
ENT AMIENS SUPER POULAINVILLE PGC;CAMBRAI;104;105
ENT AMIENS SUPER POULAINVILLE PGC;CERGY;130;135
ENT AMIENS SUPER POULAINVILLE PGC;CERGY CHRONODRIVE 469;133;135
ENT AMIENS SUPER POULAINVILLE PGC;CHERBOURG;372;375
ENT AMIENS SUPER POULAINVILLE PGC;CHRONO AVELIN 4361;111;120
ENT AMIENS SUPER POULAINVILLE PGC;CHRONO BONDUES 4703;132;135
ENT AMIENS SUPER POULAINVILLE PGC;CHRONO COMPIEGNE 4345;85;90
ENT AMIENS SUPER POULAINVILLE PGC;CHRONO COUDEKERQUE 4242;198;210
ENT AMIENS SUPER POULAINVILLE PGC;CHRONO CROIX 4154;129;135
ENT AMIENS SUPER POULAINVILLE PGC;CHRONO ELEU DIT LEAUWETTE 4462;79;90
ENT AMIENS SUPER POULAINVILLE PGC;CHRONO HALLENNES 4167;108;120
ENT AMIENS SUPER POULAINVILLE PGC;CHRONO IFS;251;255
ENT AMIENS SUPER POULAINVILLE PGC;CHRONO LAMBERSART 4424;124;135
ENT AMIENS SUPER POULAINVILLE PGC;CHRONO MARCQ 4128;128;135
ENT AMIENS SUPER POULAINVILLE PGC;CHRONO VALENCIENNES 4370;130;135
ENT AMIENS SUPER POULAINVILLE PGC;CHRONO WASQUEHAL 4303;128;135
ENT AMIENS SUPER POULAINVILLE PGC;DIEPPE;117;120
ENT AMIENS SUPER POULAINVILLE PGC;DOUAI;120;120
ENT AMIENS SUPER POULAINVILLE PGC;DRIVE ARRAS;60;60
ENT AMIENS SUPER POULAINVILLE PGC;DRIVE BEAUVAIS;71;75
ENT AMIENS SUPER POULAINVILLE PGC;DRIVE BETHUNE;96;105
ENT AMIENS SUPER POULAINVILLE PGC;DRIVE BOULOGNE;123;135
ENT AMIENS SUPER POULAINVILLE PGC;DRIVE CALAIS;152;165
ENT AMIENS SUPER POULAINVILLE PGC;DRIVE CAMBRAI;104;105
ENT AMIENS SUPER POULAINVILLE PGC;DRIVE CHERBOURG;372;375
ENT AMIENS SUPER POULAINVILLE PGC;DRIVE DIEPPE;117;120
ENT AMIENS SUPER POULAINVILLE PGC;DRIVE DOUAI;120;120
ENT AMIENS SUPER POULAINVILLE PGC;DRIVE DUNKERQUE;189;195
ENT AMIENS SUPER POULAINVILLE PGC;DRIVE DURY;10;15
ENT AMIENS SUPER POULAINVILLE PGC;DRIVE ENGLOS;112;120
ENT AMIENS SUPER POULAINVILLE PGC;DRIVE FACHES;115;120
ENT AMIENS SUPER POULAINVILLE PGC;DRIVE LE HAVRE;187;195
ENT AMIENS SUPER POULAINVILLE PGC;DRIVE LEERS;133;135
ENT AMIENS SUPER POULAINVILLE PGC;DRIVE LOUVROIL;162;165
ENT AMIENS SUPER POULAINVILLE PGC;DRIVE MONTIVILLIERS;183;195
ENT AMIENS SUPER POULAINVILLE PGC;DRIVE NOGENT SUR OISE;105;105
ENT AMIENS SUPER POULAINVILLE PGC;DRIVE NOYELLES;94;105
ENT AMIENS SUPER POULAINVILLE PGC;DRIVE NOYON;75;75
ENT AMIENS SUPER POULAINVILLE PGC;DRIVE PETITE FORET;132;135
ENT AMIENS SUPER POULAINVILLE PGC;DRIVE RONCQ;135;135
ENT AMIENS SUPER POULAINVILLE PGC;DRIVE ST OMER;171;180
ENT AMIENS SUPER POULAINVILLE PGC;DRIVE ST QUENTIN;82;90
ENT AMIENS SUPER POULAINVILLE PGC;DRIVE VALENCIENNES;129;135
ENT AMIENS SUPER POULAINVILLE PGC;DRIVE VILLENEUVE D'ASCQ;121;135
ENT AMIENS SUPER POULAINVILLE PGC;DUNKERQUE;189;195
ENT AMIENS SUPER POULAINVILLE PGC;DURY;10;15
ENT AMIENS SUPER POULAINVILLE PGC;ENGLOS;112;120
ENT AMIENS SUPER POULAINVILLE PGC;ENT AMIENS BINAT;2;15
ENT AMIENS SUPER POULAINVILLE PGC;ENT AMIENS SAINT SAUVEUR FLEG;9;15
ENT AMIENS SUPER POULAINVILLE PGC;ENT AMIENS SAINT SAUVEUR PF;9;15
ENT AMIENS SUPER POULAINVILLE PGC;ENT AMIENS SUPER POULAINVILLE PGC;0;0
ENT AMIENS SUPER POULAINVILLE PGC;ENT CARVIN FL;105;105
ENT AMIENS SUPER POULAINVILLE PGC;ENT CARVIN PF;105;105
ENT AMIENS SUPER POULAINVILLE PGC;ENT IENA;116;120
ENT AMIENS SUPER POULAINVILLE PGC;ENT IENA1;117;120
ENT AMIENS SUPER POULAINVILLE PGC;ENT IENA2;117;120
ENT AMIENS SUPER POULAINVILLE PGC;ENT SAINGHIN1;120;120
ENT AMIENS SUPER POULAINVILLE PGC;ENT SERRIS 1;181;195
ENT AMIENS SUPER POULAINVILLE PGC;ENT SOCOPAL DIEPPE;94;105
ENT AMIENS SUPER POULAINVILLE PGC;ENT V DHL;183;195
ENT AMIENS SUPER POULAINVILLE PGC;ENT V GEODIS;183;195
ENT AMIENS SUPER POULAINVILLE PGC;FACHES;115;120
ENT AMIENS SUPER POULAINVILLE PGC;FRANQUEVILLE CHRONODRIVE 4475;130;135
ENT AMIENS SUPER POULAINVILLE PGC;HERBLAY CHRONODRIVE 444;128;135
ENT AMIENS SUPER POULAINVILLE PGC;HIRSON;154;165
ENT AMIENS SUPER POULAINVILLE PGC;HOUILLES SUPER 1073;139;150
ENT AMIENS SUPER POULAINVILLE PGC;ILLKIRCH;529;540
ENT AMIENS SUPER POULAINVILLE PGC;KIRCHBERG;391;405
ENT AMIENS SUPER POULAINVILLE PGC;LA QUEUE LES YVELINES SUPER 1096;169;180
ENT AMIENS SUPER POULAINVILLE PGC;LAXOU;377;390
ENT AMIENS SUPER POULAINVILLE PGC;LE CHESNAY PARLY 2 SUPER 1144;159;165
ENT AMIENS SUPER POULAINVILLE PGC;LE HAVRE;189;195
ENT AMIENS SUPER POULAINVILLE PGC;LEERS;133;135
ENT AMIENS SUPER POULAINVILLE PGC;LONGUEIL SAINTE MARIE SUPER 4315;91;105
ENT AMIENS SUPER POULAINVILLE PGC;LOUVROIL;163;165
ENT AMIENS SUPER POULAINVILLE PGC;MERS LES BAINS;83;90
ENT AMIENS SUPER POULAINVILLE PGC;MERU;98;105
ENT AMIENS SUPER POULAINVILLE PGC;MONT SAINT MARTIN;379;390
ENT AMIENS SUPER POULAINVILLE PGC;MONTIVILLIERS;182;195
ENT AMIENS SUPER POULAINVILLE PGC;NANCY CENTRE;384;390
ENT AMIENS SUPER POULAINVILLE PGC;NOGENT SUR OISE;107;120
ENT AMIENS SUPER POULAINVILLE PGC;NOYELLES GODAULT;94;105
ENT AMIENS SUPER POULAINVILLE PGC;NOYON;75;75
ENT AMIENS SUPER POULAINVILLE PGC;OSNY;133;135
ENT AMIENS SUPER POULAINVILLE PGC;PETITE FORET;132;135
ENT AMIENS SUPER POULAINVILLE PGC;ROISSY;137;150
ENT AMIENS SUPER POULAINVILLE PGC;RONCQ;135;135
ENT AMIENS SUPER POULAINVILLE PGC;SCHWEIGHOUSE;517;525
ENT AMIENS SUPER POULAINVILLE PGC;SEMECOURT;354;360
ENT AMIENS SUPER POULAINVILLE PGC;SOCOPAL;94;105
ENT AMIENS SUPER POULAINVILLE PGC;SOISY;131;135
ENT AMIENS SUPER POULAINVILLE PGC;ST OMER;172;180
ENT AMIENS SUPER POULAINVILLE PGC;ST QUENTIN;83;90
ENT AMIENS SUPER POULAINVILLE PGC;STRASBOURG;525;525
ENT AMIENS SUPER POULAINVILLE PGC;TAVERNY;126;135
ENT AMIENS SUPER POULAINVILLE PGC;TOMBLAINE;395;405
ENT AMIENS SUPER POULAINVILLE PGC;VAL DE REUIL SUPER 1209;149;150
ENT AMIENS SUPER POULAINVILLE PGC;VALENCIENNES;129;135
ENT AMIENS SUPER POULAINVILLE PGC;VERNEUIL 1 VERGER SUPER 4981;143;150
ENT AMIENS SUPER POULAINVILLE PGC;VILLENEUVE 2;121;135
ENT AMIENS SUPER POULAINVILLE PGC;VIRY NOUREUIL;108;120
ENT CARVIN FL;1186 ST QUENTIN SCHUMANN SUPER;92;105
ENT CARVIN FL;1267 CALAIS DELAROCHE SUPER;119;120
ENT CARVIN FL;1297 HARNES SUPER;8;15
ENT CARVIN FL;4313 CANTELEU SUPER;243;255
ENT CARVIN FL;4536 LILLE WAZEMMES MY AUCHAN;25;30
ENT CARVIN FL;4926 BILLY BERCLAU SUPER;18;30
ENT CARVIN FL;914 MARQUETTE LES PARTISANS DU GOUT;29;30
ENT CARVIN FL;ARRAS;37;45
ENT CARVIN FL;AUCHAN CITY TOURCOING;35;45
ENT CARVIN FL;BEAUVAIS;176;180
ENT CARVIN FL;BETHUNE;44;45
ENT CARVIN FL;CALAIS;123;135
ENT CARVIN FL;CAMBRAI;60;60
ENT CARVIN FL;CHERBOURG;484;495
ENT CARVIN FL;CHRONO AVELIN 4361;13;15
ENT CARVIN FL;CHRONO BONDUES 4703;35;45
ENT CARVIN FL;CHRONO COMPIEGNE 4345;131;135
ENT CARVIN FL;CHRONO COUDEKERQUE 4242;90;90
ENT CARVIN FL;CHRONO CROIX 4154;31;45
ENT CARVIN FL;CHRONO ELEU DIT LEAUWETTE 4462;22;30
ENT CARVIN FL;CHRONO HALLENNES 4167;32;45
ENT CARVIN FL;CHRONO LAMBERSART 4424;29;30
ENT CARVIN FL;CHRONO MARCQ 4128;31;45
ENT CARVIN FL;CHRONO VALENCIENNES 4370;58;60
ENT CARVIN FL;CHRONO WASQUEHAL 4303;30;30
ENT CARVIN FL;CORMEILLES EN PARISIS CHRONODRIVE 413;209;210
ENT CARVIN FL;DIEPPE;229;240
ENT CARVIN FL;DIEPPE;231;240
ENT CARVIN FL;DOUAI;27;30
ENT CARVIN FL;DRIVE ARRAS;40;45
ENT CARVIN FL;DRIVE BETHUNE;44;45
ENT CARVIN FL;DRIVE BOULOGNE;124;135
ENT CARVIN FL;DRIVE CALAIS;123;135
ENT CARVIN FL;DRIVE CAMBRAI;60;60
ENT CARVIN FL;DRIVE CHERBOURG;484;495
ENT CARVIN FL;DRIVE DIEPPE;230;240
ENT CARVIN FL;DRIVE DOUAI;27;30
ENT CARVIN FL;DRIVE DUNKERQUE;99;105
ENT CARVIN FL;DRIVE DURY;120;120
ENT CARVIN FL;DRIVE ENGLOS;32;45
ENT CARVIN FL;DRIVE FACHES;17;30
ENT CARVIN FL;DRIVE LE HAVRE;300;300
ENT CARVIN FL;DRIVE LEERS;35;45
ENT CARVIN FL;DRIVE LOUVROIL;91;105
ENT CARVIN FL;DRIVE MONTIVILLIERS;295;300
ENT CARVIN FL;DRIVE NOYELLES;12;15
ENT CARVIN FL;DRIVE NOYON;121;135
ENT CARVIN FL;DRIVE RONCQ;38;45
ENT CARVIN FL;DRIVE ST OMER;93;105
ENT CARVIN FL;DRIVE ST QUENTIN;88;90
ENT CARVIN FL;DRIVE VALENCIENNES;58;60
ENT CARVIN FL;DRIVE VILLENEUVE D'ASCQ;23;30
ENT CARVIN FL;DUNKERQUE;98;105
ENT CARVIN FL;DURY;120;120
ENT CARVIN FL;ENGLOS;32;45
ENT CARVIN FL;ENT AMIENS BINAT;103;105
ENT CARVIN FL;ENT AMIENS SAINT SAUVEUR FLEG;108;120
ENT CARVIN FL;ENT AMIENS SAINT SAUVEUR PF;108;120
ENT CARVIN FL;ENT AMIENS SUPER POULAINVILLE PGC;103;105
ENT CARVIN FL;ENT CARVIN FL;0;0
ENT CARVIN FL;ENT CARVIN PF;0;0
ENT CARVIN FL;ENT IENA;18;30
ENT CARVIN FL;ENT IENA1;19;30
ENT CARVIN FL;ENT IENA2;19;30
ENT CARVIN FL;ENT MEYZIEU MEDLEY SUD;682;690
ENT CARVIN FL;ENT SAINGHIN1;22;30
ENT CARVIN FL;ENT V GEODIS;236;240
ENT CARVIN FL;FACHES;17;30
ENT CARVIN FL;HIRSON;142;150
ENT CARVIN FL;ILLKIRCH;540;540
ENT CARVIN FL;LE HAVRE;302;315
ENT CARVIN FL;LEERS;35;45
ENT CARVIN FL;LOUVROIL;91;105
ENT CARVIN FL;MERS LES BAINS;156;165
ENT CARVIN FL;MERU;202;210
ENT CARVIN FL;MONTIVILLIERS;295;300
ENT CARVIN FL;NOGENT SUR OISE;160;165
ENT CARVIN FL;NOYELLES GODAULT;12;15
ENT CARVIN FL;NOYON;121;135
ENT CARVIN FL;RONCQ;38;45
ENT CARVIN FL;SCHWEIGHOUSE;528;540
ENT CARVIN FL;ST OMER;88;90
ENT CARVIN FL;ST QUENTIN;88;90
ENT CARVIN FL;STRASBOURG;537;540
ENT CARVIN FL;VALENCIENNES;58;60
ENT CARVIN FL;VILLENEUVE 2;23;30
ENT CARVIN FL;VIRY NOUREUIL;117;120
ENT CARVIN PF;1186 ST QUENTIN SCHUMANN SUPER;92;105
ENT CARVIN PF;1267 CALAIS DELAROCHE SUPER;119;120
ENT CARVIN PF;1297 HARNES SUPER;8;15
ENT CARVIN PF;4313 CANTELEU SUPER;243;255
ENT CARVIN PF;4536 LILLE WAZEMMES MY AUCHAN;25;30
ENT CARVIN PF;4926 BILLY BERCLAU SUPER;18;30
ENT CARVIN PF;914 MARQUETTE LES PARTISANS DU GOUT;29;30
ENT CARVIN PF;ARRAS;37;45
ENT CARVIN PF;AUCHAN CITY TOURCOING;35;45
ENT CARVIN PF;BEAUVAIS;176;180
ENT CARVIN PF;BETHUNE;44;45
ENT CARVIN PF;CALAIS;123;135
ENT CARVIN PF;CAMBRAI;60;60
ENT CARVIN PF;CHERBOURG;484;495
ENT CARVIN PF;CHRONO AVELIN 4361;13;15
ENT CARVIN PF;CHRONO BONDUES 4703;35;45
ENT CARVIN PF;CHRONO COMPIEGNE 4345;131;135
ENT CARVIN PF;CHRONO COUDEKERQUE 4242;90;90
ENT CARVIN PF;CHRONO CROIX 4154;31;45
ENT CARVIN PF;CHRONO ELEU DIT LEAUWETTE 4462;22;30
ENT CARVIN PF;CHRONO HALLENNES 4167;32;45
ENT CARVIN PF;CHRONO LAMBERSART 4424;29;30
ENT CARVIN PF;CHRONO MARCQ 4128;31;45
ENT CARVIN PF;CHRONO VALENCIENNES 4370;58;60
ENT CARVIN PF;CHRONO WASQUEHAL 4303;30;30
ENT CARVIN PF;CORMEILLES EN PARISIS CHRONODRIVE 413;209;210
ENT CARVIN PF;DIEPPE;229;240
ENT CARVIN PF;DIEPPE;231;240
ENT CARVIN PF;DOUAI;27;30
ENT CARVIN PF;DRIVE ARRAS;40;45
ENT CARVIN PF;DRIVE BETHUNE;44;45
ENT CARVIN PF;DRIVE BOULOGNE;124;135
ENT CARVIN PF;DRIVE CALAIS;123;135
ENT CARVIN PF;DRIVE CAMBRAI;60;60
ENT CARVIN PF;DRIVE CHERBOURG;484;495
ENT CARVIN PF;DRIVE DIEPPE;230;240
ENT CARVIN PF;DRIVE DOUAI;27;30
ENT CARVIN PF;DRIVE DUNKERQUE;99;105
ENT CARVIN PF;DRIVE DURY;120;120
ENT CARVIN PF;DRIVE ENGLOS;32;45
ENT CARVIN PF;DRIVE FACHES;17;30
ENT CARVIN PF;DRIVE LE HAVRE;300;300
ENT CARVIN PF;DRIVE LEERS;35;45
ENT CARVIN PF;DRIVE LOUVROIL;91;105
ENT CARVIN PF;DRIVE MONTIVILLIERS;295;300
ENT CARVIN PF;DRIVE NOYELLES;12;15
ENT CARVIN PF;DRIVE NOYON;121;135
ENT CARVIN PF;DRIVE RONCQ;38;45
ENT CARVIN PF;DRIVE ST OMER;93;105
ENT CARVIN PF;DRIVE ST QUENTIN;88;90
ENT CARVIN PF;DRIVE VALENCIENNES;58;60
ENT CARVIN PF;DRIVE VILLENEUVE D'ASCQ;23;30
ENT CARVIN PF;DUNKERQUE;98;105
ENT CARVIN PF;DURY;120;120
ENT CARVIN PF;ENGLOS;32;45
ENT CARVIN PF;ENT AMIENS BINAT;103;105
ENT CARVIN PF;ENT AMIENS SAINT SAUVEUR FLEG;108;120
ENT CARVIN PF;ENT AMIENS SAINT SAUVEUR PF;108;120
ENT CARVIN PF;ENT AMIENS SUPER POULAINVILLE PGC;103;105
ENT CARVIN PF;ENT CARVIN FL;0;0
ENT CARVIN PF;ENT CARVIN PF;0;0
ENT CARVIN PF;ENT IENA;18;30
ENT CARVIN PF;ENT IENA1;19;30
ENT CARVIN PF;ENT IENA2;19;30
ENT CARVIN PF;ENT MEYZIEU MEDLEY SUD;682;690
ENT CARVIN PF;ENT SAINGHIN1;22;30
ENT CARVIN PF;ENT V GEODIS;236;240
ENT CARVIN PF;FACHES;17;30
ENT CARVIN PF;HIRSON;142;150
ENT CARVIN PF;ILLKIRCH;540;540
ENT CARVIN PF;LE HAVRE;302;315
ENT CARVIN PF;LEERS;35;45
ENT CARVIN PF;LOUVROIL;91;105
ENT CARVIN PF;MERS LES BAINS;156;165
ENT CARVIN PF;MERU;202;210
ENT CARVIN PF;MONTIVILLIERS;295;300
ENT CARVIN PF;NOGENT SUR OISE;160;165
ENT CARVIN PF;NOYELLES GODAULT;12;15
ENT CARVIN PF;NOYON;121;135
ENT CARVIN PF;RONCQ;38;45
ENT CARVIN PF;SCHWEIGHOUSE;528;540
ENT CARVIN PF;ST OMER;88;90
ENT CARVIN PF;ST QUENTIN;88;90
ENT CARVIN PF;STRASBOURG;537;540
ENT CARVIN PF;VALENCIENNES;58;60
ENT CARVIN PF;VILLENEUVE 2;23;30
ENT CARVIN PF;VIRY NOUREUIL;117;120
ENT IENA;1186 ST QUENTIN SCHUMANN SUPER;105;105
ENT IENA;1267 CALAIS DELAROCHE SUPER;116;120
ENT IENA;1297 HARNES SUPER;23;30
ENT IENA;4536 LILLE WAZEMMES MY AUCHAN;10;15
ENT IENA;4926 BILLY BERCLAU SUPER;42;45
ENT IENA;914 MARQUETTE LES PARTISANS DU GOUT;14;15
ENT IENA;ARRAS;45;45
ENT IENA;AUCHAN CITY TOURCOING;21;30
ENT IENA;AUCHAN LUXEMBOURG SUPPLY;317;330
ENT IENA;BETHUNE;48;60
ENT IENA;CALAIS;118;120
ENT IENA;CAMBRAI;68;75
ENT IENA;CERGY;227;240
ENT IENA;CHERBOURG;475;480
ENT IENA;CHRONO AVELIN 4361;9;15
ENT IENA;CHRONO BONDUES 4703;17;30
ENT IENA;CHRONO COMPIEGNE 4345;149;150
ENT IENA;CHRONO COUDEKERQUE 4242;75;75
ENT IENA;CHRONO CROIX 4154;17;30
ENT IENA;CHRONO ELEU DIT LEAUWETTE 4462;34;45
ENT IENA;CHRONO HALLENNES 4167;18;30
ENT IENA;CHRONO IFS;377;390
ENT IENA;CHRONO LAMBERSART 4424;13;15
ENT IENA;CHRONO MARCQ 4128;14;15
ENT IENA;CHRONO VALENCIENNES 4370;46;60
ENT IENA;CHRONO WASQUEHAL 4303;15;15
ENT IENA;DIEPPE;243;255
ENT IENA;DIFFERDANGE;300;300
ENT IENA;DOUAI;38;45
ENT IENA;DRIVE ARRAS;50;60
ENT IENA;DRIVE BEAUVAIS;189;195
ENT IENA;DRIVE BETHUNE;48;60
ENT IENA;DRIVE BOULOGNE;123;135
ENT IENA;DRIVE CALAIS;120;120
ENT IENA;DRIVE CAMBRAI;68;75
ENT IENA;DRIVE CHERBOURG;475;480
ENT IENA;DRIVE DIEPPE;243;255
ENT IENA;DRIVE DOUAI;38;45
ENT IENA;DRIVE DUNKERQUE;83;90
ENT IENA;DRIVE DURY;117;120
ENT IENA;DRIVE ENGLOS;18;30
ENT IENA;DRIVE FACHES;3;15
ENT IENA;DRIVE LE HAVRE;312;315
ENT IENA;DRIVE LOUVROIL;81;90
ENT IENA;DRIVE MONTIVILLIERS;286;300
ENT IENA;DRIVE NOGENT SUR OISE;172;180
ENT IENA;DRIVE NOYELLES;24;30
ENT IENA;DRIVE NOYON;134;135
ENT IENA;DRIVE PETITE FORET;41;45
ENT IENA;DRIVE RONCQ;22;30
ENT IENA;DRIVE SCHWEIGHOUSE;486;495
ENT IENA;DRIVE ST OMER;73;75
ENT IENA;DRIVE ST QUENTIN;100;105
ENT IENA;DRIVE VALENCIENNES;48;60
ENT IENA;DRIVE VILLENEUVE D'ASCQ;9;15
ENT IENA;DUNKERQUE;88;90
ENT IENA;DURY;111;120
ENT IENA;ENGLOS;17;30
ENT IENA;ENT AMIENS SAINT SAUVEUR FLEG;121;135
ENT IENA;ENT AMIENS SAINT SAUVEUR PF;121;135
ENT IENA;ENT AMIENS SUPER POULAINVILLE PGC;116;120
ENT IENA;ENT CARVIN FL;18;30
ENT IENA;ENT CARVIN PF;18;30
ENT IENA;ENT IENA;0;0
ENT IENA;ENT IENA1;0;0
ENT IENA;ENT IENA2;0;0
ENT IENA;ENT MEYZIEU MEDLEY SUD;695;705
ENT IENA;ENT SAINGHIN1;3;15
ENT IENA;ENT SERRIS 1;233;240
ENT IENA;ENT SOCOPAL DIEPPE;199;210
ENT IENA;ENT V DHL;249;255
ENT IENA;ENT V GEODIS;249;255
ENT IENA;FACHES;3;15
ENT IENA;HIRSON;122;135
ENT IENA;ILLKIRCH;525;525
ENT IENA;KIRCHBERG;301;315
ENT IENA;LA CLOCHE D'OR;312;315
ENT IENA;LAXOU;416;420
ENT IENA;LOUVROIL;81;90
ENT IENA;MERU;201;210
ENT IENA;MONT SAINT MARTIN;290;300
ENT IENA;NANCY CENTRE;418;420
ENT IENA;NOGENT SUR OISE;172;180
ENT IENA;NOYON;134;135
ENT IENA;OSNY;228;240
ENT IENA;PETITE FORET;41;45
ENT IENA;RONCQ;22;30
ENT IENA;SCHWEIGHOUSE;486;495
ENT IENA;SEMECOURT;355;360
ENT IENA;SOCOPAL;199;210
ENT IENA;SOISY;219;225
ENT IENA;STRASBOURG;522;525
ENT IENA;TOMBLAINE;418;420
ENT IENA;VAL DE REUIL SUPER 1209;281;285
ENT IENA;VALENCIENNES;48;60
ENT SAINGHIN1;1186 ST QUENTIN SCHUMANN SUPER;118;120
ENT SAINGHIN1;1267 CALAIS DELAROCHE SUPER;118;120
ENT SAINGHIN1;1297 HARNES SUPER;30;30
ENT SAINGHIN1;4313 CANTELEU SUPER;262;270
ENT SAINGHIN1;4536 LILLE WAZEMMES MY AUCHAN;13;15
ENT SAINGHIN1;4926 BILLY BERCLAU SUPER;38;45
ENT SAINGHIN1;4977 RUE SUPER;167;180
ENT SAINGHIN1;914 MARQUETTE LES PARTISANS DU GOUT;17;30
ENT SAINGHIN1;ARRAS;57;60
ENT SAINGHIN1;AUCHAN CITY TOURCOING;22;30
ENT SAINGHIN1;AUCHAN LUXEMBOURG SUPPLY;318;330
ENT SAINGHIN1;BEAUVAIS;196;210
ENT SAINGHIN1;BETHUNE;50;60
ENT SAINGHIN1;CAEN CHRONO 352;362;375
ENT SAINGHIN1;CALAIS;123;135
ENT SAINGHIN1;CAMBRAI;67;75
ENT SAINGHIN1;CERGY;234;240
ENT SAINGHIN1;CERGY CHRONODRIVE 469;238;240
ENT SAINGHIN1;CHERBOURG;481;495
ENT SAINGHIN1;CHRONO AVELIN 4361;16;30
ENT SAINGHIN1;CHRONO BONDUES 4703;21;30
ENT SAINGHIN1;CHRONO COMPIEGNE 4345;156;165
ENT SAINGHIN1;CHRONO COUDEKERQUE 4242;78;90
ENT SAINGHIN1;CHRONO CROIX 4154;16;30
ENT SAINGHIN1;CHRONO ELEU DIT LEAUWETTE 4462;41;45
ENT SAINGHIN1;CHRONO HALLENNES 4167;20;30
ENT SAINGHIN1;CHRONO IFS;384;390
ENT SAINGHIN1;CHRONO LAMBERSART 4424;16;30
ENT SAINGHIN1;CHRONO MARCQ 4128;17;30
ENT SAINGHIN1;CHRONO VALENCIENNES 4370;44;45
ENT SAINGHIN1;CHRONO WASQUEHAL 4303;14;15
ENT SAINGHIN1;DIEPPE;197;210
ENT SAINGHIN1;DOUAI;37;45
ENT SAINGHIN1;DRIVE ARRAS;57;60
ENT SAINGHIN1;DRIVE BEAUVAIS;180;180
ENT SAINGHIN1;DRIVE BETHUNE;50;60
ENT SAINGHIN1;DRIVE BOULOGNE;126;135
ENT SAINGHIN1;DRIVE CALAIS;123;135
ENT SAINGHIN1;DRIVE CAMBRAI;67;75
ENT SAINGHIN1;DRIVE CHERBOURG;481;495
ENT SAINGHIN1;DRIVE DIEPPE;249;255
ENT SAINGHIN1;DRIVE DOUAI;37;45
ENT SAINGHIN1;DRIVE DUNKERQUE;86;90
ENT SAINGHIN1;DRIVE DURY;123;135
ENT SAINGHIN1;DRIVE ENGLOS;21;30
ENT SAINGHIN1;DRIVE FACHES;10;15
ENT SAINGHIN1;DRIVE LE HAVRE;319;330
ENT SAINGHIN1;DRIVE LOUVROIL;79;90
ENT SAINGHIN1;DRIVE MONTIVILLIERS;292;300
ENT SAINGHIN1;DRIVE NOGENT SUR OISE;177;180
ENT SAINGHIN1;DRIVE NOYELLES;31;45
ENT SAINGHIN1;DRIVE NOYON;141;150
ENT SAINGHIN1;DRIVE PETITE FORET;39;45
ENT SAINGHIN1;DRIVE RONCQ;23;30
ENT SAINGHIN1;DRIVE ST OMER;76;90
ENT SAINGHIN1;DRIVE ST QUENTIN;107;120
ENT SAINGHIN1;DRIVE VALENCIENNES;46;60
ENT SAINGHIN1;DRIVE VILLENEUVE D'ASCQ;7;15
ENT SAINGHIN1;DUNKERQUE;91;105
ENT SAINGHIN1;DURY;140;150
ENT SAINGHIN1;ENT AMIENS SAINT SAUVEUR FLEG;128;135
ENT SAINGHIN1;ENT AMIENS SAINT SAUVEUR PF;128;135
ENT SAINGHIN1;ENT AMIENS SUPER POULAINVILLE PGC;123;135
ENT SAINGHIN1;ENT CARVIN FL;25;30
ENT SAINGHIN1;ENT CARVIN PF;25;30
ENT SAINGHIN1;ENT IENA;4;15
ENT SAINGHIN1;ENT SAINGHIN1;0;0
ENT SAINGHIN1;ENT SERRIS 1;229;240
ENT SAINGHIN1;ENT SERRIS 2;236;240
ENT SAINGHIN1;ENT SOCOPAL DIEPPE;226;240
ENT SAINGHIN1;ENT V DHL;256;270
ENT SAINGHIN1;FACHES;10;15
ENT SAINGHIN1;FRANQUEVILLE CHRONODRIVE 4475;242;255
ENT SAINGHIN1;HERBLAY CHRONODRIVE 444;230;240
ENT SAINGHIN1;HOUILLES SUPER 1073;226;240
ENT SAINGHIN1;ILLKIRCH;526;540
ENT SAINGHIN1;KIRCHBERG;302;315
ENT SAINGHIN1;LAXOU;417;420
ENT SAINGHIN1;LONGUEIL SAINTE MARIE SUPER 4315;156;165
ENT SAINGHIN1;MERU;222;225
ENT SAINGHIN1;MONT SAINT MARTIN;291;300
ENT SAINGHIN1;NANCY CENTRE;419;420
ENT SAINGHIN1;NOGENT SUR OISE;179;180
ENT SAINGHIN1;NOYON;141;150
ENT SAINGHIN1;OSNY;237;240
ENT SAINGHIN1;PETITE FORET;39;45
ENT SAINGHIN1;ROISSY;200;210
ENT SAINGHIN1;RONCQ;23;30
ENT SAINGHIN1;SCHWEIGHOUSE;487;495
ENT SAINGHIN1;SEMECOURT;356;360
ENT SAINGHIN1;SOCOPAL;226;240
ENT SAINGHIN1;SOISY;220;225
ENT SAINGHIN1;ST OMER;76;90
ENT SAINGHIN1;STRASBOURG;522;525
ENT SAINGHIN1;TAVERNY;230;240
ENT SAINGHIN1;TOMBLAINE;419;420
ENT SAINGHIN1;VAL DE REUIL SUPER 1209;288;300
ENT SAINGHIN1;VALENCIENNES;46;60
ENT SAINGHIN1;VERNEUIL 1 VERGER SUPER 4981;247;255
ENT SERRIS 1;1186 ST QUENTIN SCHUMANN SUPER;156;165
ENT SERRIS 1;1267 CALAIS DELAROCHE SUPER;319;330
ENT SERRIS 1;1297 HARNES SUPER;217;225
ENT SERRIS 1;4313 CANTELEU SUPER;179;180
ENT SERRIS 1;4536 LILLE WAZEMMES MY AUCHAN;237;240
ENT SERRIS 1;4926 BILLY BERCLAU SUPER;229;240
ENT SERRIS 1;4977 RUE SUPER;235;240
ENT SERRIS 1;ARRAS;200;210
ENT SERRIS 1;AUCHAN CITY TOURCOING;248;255
ENT SERRIS 1;AUCHAN LUXEMBOURG SUPPLY;330;330
ENT SERRIS 1;BEAUVAIS;103;105
ENT SERRIS 1;BETHUNE;229;240
ENT SERRIS 1;BOULOGNE;288;300
ENT SERRIS 1;CAEN CHRONO 352;275;285
ENT SERRIS 1;CALAIS;315;315
ENT SERRIS 1;CAMBRAI;196;210
ENT SERRIS 1;CERGY;67;75
ENT SERRIS 1;CERGY CHRONODRIVE 469;72;75
ENT SERRIS 1;CHERBOURG;393;405
ENT SERRIS 1;CHRONO AVELIN 4361;226;240
ENT SERRIS 1;CHRONO BONDUES 4703;247;255
ENT SERRIS 1;CHRONO COMPIEGNE 4345;96;105
ENT SERRIS 1;CHRONO COUDEKERQUE 4242;302;315
ENT SERRIS 1;CHRONO CROIX 4154;244;255
ENT SERRIS 1;CHRONO ELEU DIT LEAUWETTE 4462;214;225
ENT SERRIS 1;CHRONO HALLENNES 4167;245;255
ENT SERRIS 1;CHRONO IFS;273;285
ENT SERRIS 1;CHRONO LAMBERSART 4424;241;255
ENT SERRIS 1;CHRONO MARCQ 4128;243;255
ENT SERRIS 1;CHRONO VALENCIENNES 4370;222;225
ENT SERRIS 1;CHRONO WASQUEHAL 4303;243;255
ENT SERRIS 1;CORMEILLES EN PARISIS CHRONODRIVE 413;58;60
ENT SERRIS 1;DIEPPE;233;240
ENT SERRIS 1;DIEPPE;235;240
ENT SERRIS 1;DIFFERDANGE;330;330
ENT SERRIS 1;DOUAI;212;225
ENT SERRIS 1;DRIVE ARRAS;201;210
ENT SERRIS 1;DRIVE BEAUVAIS;103;105
ENT SERRIS 1;DRIVE BETHUNE;229;240
ENT SERRIS 1;DRIVE BOULOGNE;286;300
ENT SERRIS 1;DRIVE CALAIS;315;315
ENT SERRIS 1;DRIVE CAMBRAI;196;210
ENT SERRIS 1;DRIVE CERGY;68;75
ENT SERRIS 1;DRIVE CHERBOURG;393;405
ENT SERRIS 1;DRIVE DIEPPE;234;240
ENT SERRIS 1;DRIVE DOUAI;212;225
ENT SERRIS 1;DRIVE DUNKERQUE;311;315
ENT SERRIS 1;DRIVE DURY;163;165
ENT SERRIS 1;DRIVE ENGLOS;244;255
ENT SERRIS 1;DRIVE FACHES;229;240
ENT SERRIS 1;DRIVE LE HAVRE;238;240
ENT SERRIS 1;DRIVE LEERS;247;255
ENT SERRIS 1;DRIVE LOUVROIL;254;255
ENT SERRIS 1;DRIVE MONTIVILLIERS;234;240
ENT SERRIS 1;DRIVE NOGENT SUR OISE;73;75
ENT SERRIS 1;DRIVE NOYELLES;208;210
ENT SERRIS 1;DRIVE NOYON;123;135
ENT SERRIS 1;DRIVE OSNY;72;75
ENT SERRIS 1;DRIVE PETITE FORET;224;225
ENT SERRIS 1;DRIVE ROISSY;41;45
ENT SERRIS 1;DRIVE RONCQ;250;255
ENT SERRIS 1;DRIVE SCHWEIGHOUSE;448;450
ENT SERRIS 1;DRIVE ST OMER;278;285
ENT SERRIS 1;DRIVE ST QUENTIN;156;165
ENT SERRIS 1;DRIVE TAVERNY;59;60
ENT SERRIS 1;DRIVE VALENCIENNES;220;225
ENT SERRIS 1;DRIVE VILLENEUVE D'ASCQ;236;240
ENT SERRIS 1;DUNKERQUE;311;315
ENT SERRIS 1;DURY;163;165
ENT SERRIS 1;ENGLOS;244;255
ENT SERRIS 1;ENT AMIENS BINAT;167;180
ENT SERRIS 1;ENT AMIENS SAINT SAUVEUR FLEG;174;180
ENT SERRIS 1;ENT AMIENS SAINT SAUVEUR PF;174;180
ENT SERRIS 1;ENT AMIENS SUPER POULAINVILLE PGC;176;180
ENT SERRIS 1;ENT CARVIN FL;220;225
ENT SERRIS 1;ENT CARVIN PF;220;225
ENT SERRIS 1;ENT IENA;230;240
ENT SERRIS 1;ENT SAINGHIN1;233;240
ENT SERRIS 1;ENT SERRIS 1;0;0
ENT SERRIS 1;ENT SERRIS 2;1;15
ENT SERRIS 1;ENT V DHL;54;60
ENT SERRIS 1;ENT V GEODIS;52;60
ENT SERRIS 1;FACHES;230;240
ENT SERRIS 1;FRANQUEVILLE CHRONODRIVE 4475;169;180
ENT SERRIS 1;HERBLAY CHRONODRIVE 444;59;60
ENT SERRIS 1;HIRSON;185;195
ENT SERRIS 1;HOUILLES SUPER 1073;54;60
ENT SERRIS 1;IFS CHRONODRIVE 4253;270;270
ENT SERRIS 1;ILLKIRCH;459;465
ENT SERRIS 1;KIRCHBERG;331;345
ENT SERRIS 1;LA CLOCHE D'OR;347;360
ENT SERRIS 1;LA QUEUE LES YVELINES SUPER 1096;85;90
ENT SERRIS 1;LAXOU;278;285
ENT SERRIS 1;LE CHESNAY PARLY 2 SUPER 1144;59;60
ENT SERRIS 1;LE HAVRE;241;255
ENT SERRIS 1;LEERS;247;255
ENT SERRIS 1;LONGUEIL SAINTE MARIE SUPER 4315;87;90
ENT SERRIS 1;LOUVROIL;255;255
ENT SERRIS 1;MAUREPAS SUPER 4492;72;75
ENT SERRIS 1;MERS LES BAINS;246;255
ENT SERRIS 1;MERU;81;90
ENT SERRIS 1;MONT SAINT MARTIN;320;330
ENT SERRIS 1;MONTIVILLIERS;234;240
ENT SERRIS 1;NANCY CENTRE;284;285
ENT SERRIS 1;NOGENT SUR OISE;80;90
ENT SERRIS 1;NOYELLES GODAULT;209;210
ENT SERRIS 1;NOYON;123;135
ENT SERRIS 1;OSNY;71;75
ENT SERRIS 1;PETITE FORET;224;225
ENT SERRIS 1;ROISSY;40;45
ENT SERRIS 1;RONCQ;250;255
ENT SERRIS 1;SCHWEIGHOUSE;448;450
ENT SERRIS 1;SEMECOURT;284;285
ENT SERRIS 1;SOISY;49;60
ENT SERRIS 1;ST OMER;272;285
ENT SERRIS 1;ST QUENTIN;156;165
ENT SERRIS 1;STRASBOURG;456;465
ENT SERRIS 1;TAVERNY;57;60
ENT SERRIS 1;TOMBLAINE;286;300
ENT SERRIS 1;VAL DE REUIL SUPER 1209;148;150
ENT SERRIS 1;VALENCIENNES;220;225
ENT SERRIS 1;VERNEUIL 1 VERGER SUPER 4981;79;90
ENT SERRIS 1;VILLENEUVE 2;235;240
ENT SERRIS 1;VIRY NOUREUIL;129;135
ENT SOCOPAL DIEPPE;1186 ST QUENTIN SCHUMANN SUPER;169;180
ENT SOCOPAL DIEPPE;1267 CALAIS DELAROCHE SUPER;184;195
ENT SOCOPAL DIEPPE;1297 HARNES SUPER;207;210
ENT SOCOPAL DIEPPE;4313 CANTELEU SUPER;39;45
ENT SOCOPAL DIEPPE;4536 LILLE WAZEMMES MY AUCHAN;227;240
ENT SOCOPAL DIEPPE;4926 BILLY BERCLAU SUPER;183;195
ENT SOCOPAL DIEPPE;4977 RUE SUPER;101;105
ENT SOCOPAL DIEPPE;914 MARQUETTE LES PARTISANS DU GOUT;231;240
ENT SOCOPAL DIEPPE;ARRAS;161;165
ENT SOCOPAL DIEPPE;AUCHAN CITY TOURCOING;237;240
ENT SOCOPAL DIEPPE;BEAUVAIS;88;90
ENT SOCOPAL DIEPPE;BETHUNE;165;165
ENT SOCOPAL DIEPPE;BOULOGNE;153;165
ENT SOCOPAL DIEPPE;CAEN CHRONO 352;159;165
ENT SOCOPAL DIEPPE;CALAIS;181;195
ENT SOCOPAL DIEPPE;CAMBRAI;186;195
ENT SOCOPAL DIEPPE;CERGY;109;120
ENT SOCOPAL DIEPPE;CERGY CHRONODRIVE 469;104;105
ENT SOCOPAL DIEPPE;CHERBOURG;281;285
ENT SOCOPAL DIEPPE;CHRONO AVELIN 4361;216;225
ENT SOCOPAL DIEPPE;CHRONO BONDUES 4703;237;240
ENT SOCOPAL DIEPPE;CHRONO COMPIEGNE 4345;147;150
ENT SOCOPAL DIEPPE;CHRONO COUDEKERQUE 4242;226;240
ENT SOCOPAL DIEPPE;CHRONO CROIX 4154;233;240
ENT SOCOPAL DIEPPE;CHRONO ELEU DIT LEAUWETTE 4462;176;180
ENT SOCOPAL DIEPPE;CHRONO HALLENNES 4167;199;210
ENT SOCOPAL DIEPPE;CHRONO IFS;161;165
ENT SOCOPAL DIEPPE;CHRONO LAMBERSART 4424;231;240
ENT SOCOPAL DIEPPE;CHRONO MARCQ 4128;233;240
ENT SOCOPAL DIEPPE;CHRONO VALENCIENNES 4370;212;225
ENT SOCOPAL DIEPPE;CHRONO WASQUEHAL 4303;233;240
ENT SOCOPAL DIEPPE;CORMEILLES EN PARISIS CHRONODRIVE 413;124;135
ENT SOCOPAL DIEPPE;DIEPPE;51;60
ENT SOCOPAL DIEPPE;DIEPPE;39;45
ENT SOCOPAL DIEPPE;DOUAI;202;210
ENT SOCOPAL DIEPPE;DRIVE ARRAS;161;165
ENT SOCOPAL DIEPPE;DRIVE BEAUVAIS;88;90
ENT SOCOPAL DIEPPE;DRIVE BETHUNE;165;165
ENT SOCOPAL DIEPPE;DRIVE BOULOGNE;151;165
ENT SOCOPAL DIEPPE;DRIVE CALAIS;180;180
ENT SOCOPAL DIEPPE;DRIVE CAMBRAI;186;195
ENT SOCOPAL DIEPPE;DRIVE CERGY;110;120
ENT SOCOPAL DIEPPE;DRIVE CHERBOURG;281;285
ENT SOCOPAL DIEPPE;DRIVE DIEPPE;52;60
ENT SOCOPAL DIEPPE;DRIVE DOUAI;202;210
ENT SOCOPAL DIEPPE;DRIVE DUNKERQUE;218;225
ENT SOCOPAL DIEPPE;DRIVE DURY;90;90
ENT SOCOPAL DIEPPE;DRIVE ENGLOS;234;240
ENT SOCOPAL DIEPPE;DRIVE FACHES;219;225
ENT SOCOPAL DIEPPE;DRIVE LE HAVRE;95;105
ENT SOCOPAL DIEPPE;DRIVE LEERS;237;240
ENT SOCOPAL DIEPPE;DRIVE LOUVROIL;244;255
ENT SOCOPAL DIEPPE;DRIVE MONTIVILLIERS;88;90
ENT SOCOPAL DIEPPE;DRIVE NOGENT SUR OISE;121;135
ENT SOCOPAL DIEPPE;DRIVE NOYELLES;198;210
ENT SOCOPAL DIEPPE;DRIVE NOYON;158;165
ENT SOCOPAL DIEPPE;DRIVE PETITE FORET;214;225
ENT SOCOPAL DIEPPE;DRIVE RONCQ;240;240
ENT SOCOPAL DIEPPE;DRIVE ST OMER;200;210
ENT SOCOPAL DIEPPE;DRIVE ST QUENTIN;164;165
ENT SOCOPAL DIEPPE;DRIVE VALENCIENNES;211;225
ENT SOCOPAL DIEPPE;DRIVE VILLENEUVE D'ASCQ;226;240
ENT SOCOPAL DIEPPE;DUNKERQUE;217;225
ENT SOCOPAL DIEPPE;DURY;90;90
ENT SOCOPAL DIEPPE;ENGLOS;234;240
ENT SOCOPAL DIEPPE;ENT AMIENS BINAT;95;105
ENT SOCOPAL DIEPPE;ENT AMIENS SAINT SAUVEUR FLEG;92;105
ENT SOCOPAL DIEPPE;ENT AMIENS SAINT SAUVEUR PF;92;105
ENT SOCOPAL DIEPPE;ENT AMIENS SUPER POULAINVILLE PGC;94;105
ENT SOCOPAL DIEPPE;ENT CARVIN FL;210;210
ENT SOCOPAL DIEPPE;ENT CARVIN PF;210;210
ENT SOCOPAL DIEPPE;ENT IENA;221;225
ENT SOCOPAL DIEPPE;ENT SAINGHIN1;224;225
ENT SOCOPAL DIEPPE;ENT SOCOPAL DIEPPE;0;0
ENT SOCOPAL DIEPPE;FACHES;220;225
ENT SOCOPAL DIEPPE;FRANQUEVILLE CHRONODRIVE 4475;39;45
ENT SOCOPAL DIEPPE;HERBLAY CHRONODRIVE 444;117;120
ENT SOCOPAL DIEPPE;HIRSON;236;240
ENT SOCOPAL DIEPPE;HOUILLES SUPER 1073;155;165
ENT SOCOPAL DIEPPE;IFS CHRONODRIVE 4253;156;165
ENT SOCOPAL DIEPPE;LA QUEUE LES YVELINES SUPER 1096;147;150
ENT SOCOPAL DIEPPE;LE CHESNAY PARLY 2 SUPER 1144;153;165
ENT SOCOPAL DIEPPE;LE HAVRE;97;105
ENT SOCOPAL DIEPPE;LEERS;237;240
ENT SOCOPAL DIEPPE;LONGUEIL SAINTE MARIE SUPER 4315;141;150
ENT SOCOPAL DIEPPE;LOUVROIL;245;255
ENT SOCOPAL DIEPPE;MAUREPAS SUPER 4492;162;165
ENT SOCOPAL DIEPPE;MERS LES BAINS;71;75
ENT SOCOPAL DIEPPE;MERU;101;105
ENT SOCOPAL DIEPPE;MONTIVILLIERS;88;90
ENT SOCOPAL DIEPPE;NOGENT SUR OISE;123;135
ENT SOCOPAL DIEPPE;NOYELLES GODAULT;199;210
ENT SOCOPAL DIEPPE;NOYON;158;165
ENT SOCOPAL DIEPPE;OSNY;109;120
ENT SOCOPAL DIEPPE;PETITE FORET;214;225
ENT SOCOPAL DIEPPE;ROISSY;155;165
ENT SOCOPAL DIEPPE;RONCQ;240;240
ENT SOCOPAL DIEPPE;SOCOPAL;0;0
ENT SOCOPAL DIEPPE;SOISY;129;135
ENT SOCOPAL DIEPPE;ST OMER;201;210
ENT SOCOPAL DIEPPE;ST QUENTIN;165;165
ENT SOCOPAL DIEPPE;TAVERNY;123;135
ENT SOCOPAL DIEPPE;VAL DE REUIL SUPER 1209;58;60
ENT SOCOPAL DIEPPE;VALENCIENNES;211;225
ENT SOCOPAL DIEPPE;VERNEUIL 1 VERGER SUPER 4981;135;135
ENT SOCOPAL DIEPPE;VILLENEUVE 2;225;225
ENT SOCOPAL DIEPPE;VIRY NOUREUIL;190;195
FACHES;1186 ST QUENTIN SCHUMANN SUPER;104;105
FACHES;1267 CALAIS DELAROCHE SUPER;115;120
FACHES;1297 HARNES SUPER;22;30
FACHES;4536 LILLE WAZEMMES MY AUCHAN;10;15
FACHES;4926 BILLY BERCLAU SUPER;40;45
FACHES;4977 RUE SUPER;158;165
FACHES;914 MARQUETTE LES PARTISANS DU GOUT;14;15
FACHES;ARRAS;48;60
FACHES;AUCHAN CITY TOURCOING;21;30
FACHES;BEAUVAIS;187;195
FACHES;BETHUNE;56;60
FACHES;BOULOGNE;120;120
FACHES;CALAIS;123;135
FACHES;CAMBRAI;73;75
FACHES;CHRONO AVELIN 4361;7;15
FACHES;CHRONO BONDUES 4703;17;30
FACHES;CHRONO COUDEKERQUE 4242;75;75
FACHES;CHRONO CROIX 4154;16;30
FACHES;CHRONO ELEU DIT LEAUWETTE 4462;33;45
FACHES;CHRONO HALLENNES 4167;18;30
FACHES;CHRONO LAMBERSART 4424;13;15
FACHES;CHRONO MARCQ 4128;14;15
FACHES;CHRONO VALENCIENNES 4370;50;60
FACHES;CHRONO WASQUEHAL 4303;15;15
FACHES;DOUAI;36;45
FACHES;DRIVE BETHUNE;56;60
FACHES;DRIVE BOULOGNE;123;135
FACHES;DRIVE CAMBRAI;73;75
FACHES;DRIVE DOUAI;36;45
FACHES;DRIVE DUNKERQUE;83;90
FACHES;DRIVE ENGLOS;18;30
FACHES;DRIVE FACHES;0;0
FACHES;DRIVE LEERS;20;30
FACHES;DRIVE LOUVROIL;85;90
FACHES;DRIVE NOYELLES;23;30
FACHES;DRIVE NOYON;132;135
FACHES;DRIVE PETITE FORET;45;45
FACHES;DRIVE RONCQ;22;30
FACHES;DRIVE ST OMER;75;75
FACHES;DRIVE ST QUENTIN;99;105
FACHES;DRIVE VALENCIENNES;52;60
FACHES;DRIVE VILLENEUVE D'ASCQ;9;15
FACHES;DUNKERQUE;84;90
FACHES;DURY;115;120
FACHES;ENGLOS;18;30
FACHES;ENT AMIENS SAINT SAUVEUR FLEG;119;120
FACHES;ENT AMIENS SAINT SAUVEUR PF;119;120
FACHES;ENT AMIENS SUPER POULAINVILLE PGC;115;120
FACHES;ENT CARVIN FL;17;30
FACHES;ENT CARVIN PF;17;30
FACHES;ENT SAINGHIN1;7;15
FACHES;ENT V DHL;247;255
FACHES;ENT V GEODIS;248;255
FACHES;FACHES;0;0
FACHES;HIRSON;128;135
FACHES;LEERS;20;30
FACHES;LOUVROIL;85;90
FACHES;MERU;214;225
FACHES;NOGENT SUR OISE;169;180
FACHES;NOYELLES GODAULT;23;30
FACHES;NOYON;132;135
FACHES;PETITE FORET;45;45
FACHES;RONCQ;22;30
FACHES;ST OMER;73;75
FACHES;ST QUENTIN;101;105
FACHES;TOMBLAINE;418;420
FACHES;VALENCIENNES;52;60
FACHES;VILLENEUVE 2;8;15
FACHES;VIRY NOUREUIL;128;135
FRANQUEVILLE CHRONODRIVE 4475;4313 CANTELEU SUPER;14;15
FRANQUEVILLE CHRONODRIVE 4475;CAEN CHRONO 352;136;150
FRANQUEVILLE CHRONODRIVE 4475;CERGY;83;90
FRANQUEVILLE CHRONODRIVE 4475;CHRONO IFS;130;135
FRANQUEVILLE CHRONODRIVE 4475;DRIVE CERGY;83;90
FRANQUEVILLE CHRONODRIVE 4475;DRIVE ROISSY;123;135
FRANQUEVILLE CHRONODRIVE 4475;ENT AMIENS BINAT;130;135
FRANQUEVILLE CHRONODRIVE 4475;ENT AMIENS SAINT SAUVEUR FLEG;127;135
FRANQUEVILLE CHRONODRIVE 4475;ENT AMIENS SAINT SAUVEUR PF;127;135
FRANQUEVILLE CHRONODRIVE 4475;ENT AMIENS SUPER POULAINVILLE PGC;129;135
FRANQUEVILLE CHRONODRIVE 4475;ENT IENA;256;270
FRANQUEVILLE CHRONODRIVE 4475;ENT SAINGHIN1;259;270
FRANQUEVILLE CHRONODRIVE 4475;ENT SERRIS 1;150;150
FRANQUEVILLE CHRONODRIVE 4475;ENT V DHL;166;180
FRANQUEVILLE CHRONODRIVE 4475;ENT V GEODIS;167;180
FRANQUEVILLE CHRONODRIVE 4475;FRANQUEVILLE CHRONODRIVE 4475;0;0
FRANQUEVILLE CHRONODRIVE 4475;HERBLAY CHRONODRIVE 444;91;105
FRANQUEVILLE CHRONODRIVE 4475;IFS CHRONODRIVE 4253;134;135
FRANQUEVILLE CHRONODRIVE 4475;LE HAVRE;97;105
FRANQUEVILLE CHRONODRIVE 4475;MERU;84;90
FRANQUEVILLE CHRONODRIVE 4475;MONTIVILLIERS;94;105
FRANQUEVILLE CHRONODRIVE 4475;SOISY;103;105
FRANQUEVILLE CHRONODRIVE 4475;TAVERNY;97;105
FRANQUEVILLE CHRONODRIVE 4475;VAL DE REUIL SUPER 1209;22;30
HERBLAY CHRONODRIVE 444;4313 CANTELEU SUPER;134;135
HERBLAY CHRONODRIVE 444;CERGY;11;15
HERBLAY CHRONODRIVE 444;CERGY CHRONODRIVE 469;16;30
HERBLAY CHRONODRIVE 444;CORMEILLES EN PARISIS CHRONODRIVE 413;8;15
HERBLAY CHRONODRIVE 444;DRIVE ROISSY;34;45
HERBLAY CHRONODRIVE 444;ENT AMIENS SAINT SAUVEUR FLEG;126;135
HERBLAY CHRONODRIVE 444;ENT AMIENS SAINT SAUVEUR PF;126;135
HERBLAY CHRONODRIVE 444;ENT AMIENS SUPER POULAINVILLE PGC;128;135
HERBLAY CHRONODRIVE 444;ENT SERRIS 1;61;75
HERBLAY CHRONODRIVE 444;ENT SERRIS 2;61;75
HERBLAY CHRONODRIVE 444;ENT V DHL;59;60
HERBLAY CHRONODRIVE 444;ENT V GEODIS;64;75
HERBLAY CHRONODRIVE 444;FRANQUEVILLE CHRONODRIVE 4475;91;105
HERBLAY CHRONODRIVE 444;HERBLAY CHRONODRIVE 444;0;0
HERBLAY CHRONODRIVE 444;HOUILLES SUPER 1073;20;30
HERBLAY CHRONODRIVE 444;LA QUEUE LES YVELINES SUPER 1096;62;75
HERBLAY CHRONODRIVE 444;MERU;38;45
HERBLAY CHRONODRIVE 444;NOGENT SUR OISE;54;60
HERBLAY CHRONODRIVE 444;OSNY;15;15
HERBLAY CHRONODRIVE 444;ROISSY;38;45
HERBLAY CHRONODRIVE 444;SOISY;13;15
HERBLAY CHRONODRIVE 444;TAVERNY;6;15
HIRSON;1267 CALAIS DELAROCHE SUPER;244;255
HIRSON;1297 HARNES SUPER;140;150
HIRSON;ARRAS;127;135
HIRSON;BETHUNE;139;150
HIRSON;BOULOGNE;216;225
HIRSON;CALAIS;248;255
HIRSON;CAMBRAI;75;75
HIRSON;CHRONO AVELIN 4361;128;135
HIRSON;CHRONO COUDEKERQUE 4242;203;210
HIRSON;CHRONO ELEU DIT LEAUWETTE 4462;145;150
HIRSON;CHRONO HALLENNES 4167;146;150
HIRSON;CHRONO LAMBERSART 4424;143;150
HIRSON;CHRONO VALENCIENNES 4370;89;90
HIRSON;CHRONO WASQUEHAL 4303;131;135
HIRSON;DIEPPE;277;285
HIRSON;DOUAI;95;105
HIRSON;DRIVE ARRAS;114;120
HIRSON;DRIVE BETHUNE;139;150
HIRSON;DRIVE CALAIS;218;225
HIRSON;DRIVE CAMBRAI;75;75
HIRSON;DRIVE DOUAI;95;105
HIRSON;DRIVE DUNKERQUE;203;210
HIRSON;DRIVE DURY;167;180
HIRSON;DRIVE LEERS;137;150
HIRSON;DRIVE LOUVROIL;53;60
HIRSON;DRIVE NOYELLES;136;150
HIRSON;DRIVE PETITE FORET;86;90
HIRSON;DRIVE RONCQ;140;150
HIRSON;DRIVE VALENCIENNES;79;90
HIRSON;DURY;167;180
HIRSON;ENGLOS;138;150
HIRSON;ENT AMIENS SAINT SAUVEUR FLEG;175;180
HIRSON;ENT AMIENS SAINT SAUVEUR PF;175;180
HIRSON;ENT AMIENS SUPER POULAINVILLE PGC;170;180
HIRSON;ENT CARVIN FL;151;165
HIRSON;ENT CARVIN PF;151;165
HIRSON;ENT SOCOPAL DIEPPE;253;255
HIRSON;ENT V DHL;224;225
HIRSON;ENT V GEODIS;230;240
HIRSON;FACHES;128;135
HIRSON;HIRSON;0;0
HIRSON;LEERS;137;150
HIRSON;LONGUEIL SAINTE MARIE SUPER 4315;148;150
HIRSON;LOUVROIL;53;60
HIRSON;MERS LES BAINS;228;240
HIRSON;NOYELLES GODAULT;110;120
HIRSON;NOYON;102;105
HIRSON;PETITE FORET;86;90
HIRSON;RONCQ;140;150
HIRSON;SOCOPAL;253;255
HIRSON;ST QUENTIN;72;75
HIRSON;VALENCIENNES;79;90
HIRSON;VIRY NOUREUIL;88;90
HOUILLES SUPER 1073;4313 CANTELEU SUPER;129;135
HOUILLES SUPER 1073;CERGY;31;45
HOUILLES SUPER 1073;CERGY CHRONODRIVE 469;34;45
HOUILLES SUPER 1073;CORMEILLES EN PARISIS CHRONODRIVE 413;5;15
HOUILLES SUPER 1073;DRIVE ROISSY;29;30
HOUILLES SUPER 1073;DURY;131;135
HOUILLES SUPER 1073;ENT AMIENS BINAT;136;150
HOUILLES SUPER 1073;ENT AMIENS SAINT SAUVEUR FLEG;142;150
HOUILLES SUPER 1073;ENT AMIENS SAINT SAUVEUR PF;142;150
HOUILLES SUPER 1073;ENT AMIENS SUPER POULAINVILLE PGC;137;150
HOUILLES SUPER 1073;ENT CARVIN FL;208;210
HOUILLES SUPER 1073;ENT CARVIN PF;208;210
HOUILLES SUPER 1073;ENT IENA;219;225
HOUILLES SUPER 1073;ENT SAINGHIN1;223;225
HOUILLES SUPER 1073;ENT SERRIS 1;56;60
HOUILLES SUPER 1073;ENT SERRIS 2;56;60
HOUILLES SUPER 1073;HERBLAY CHRONODRIVE 444;21;30
HOUILLES SUPER 1073;HOUILLES SUPER 1073;0;0
HOUILLES SUPER 1073;LA QUEUE LES YVELINES SUPER 1096;45;45
HOUILLES SUPER 1073;LES MUREAUX HALLES AUCHAN;32;45
HOUILLES SUPER 1073;LONGUEIL SAINTE MARIE SUPER 4315;75;75
HOUILLES SUPER 1073;ROISSY;30;30
HOUILLES SUPER 1073;SOISY;17;30
IFS CHRONODRIVE 4253;CAEN CHRONO 352;3;15
IFS CHRONODRIVE 4253;CHRONO IFS;0;0
IFS CHRONODRIVE 4253;ENT AMIENS BINAT;251;255
IFS CHRONODRIVE 4253;ENT AMIENS SAINT SAUVEUR FLEG;249;255
IFS CHRONODRIVE 4253;ENT AMIENS SAINT SAUVEUR PF;249;255
IFS CHRONODRIVE 4253;ENT AMIENS SUPER POULAINVILLE PGC;251;255
IFS CHRONODRIVE 4253;ENT SAINGHIN1;381;390
IFS CHRONODRIVE 4253;IFS CHRONODRIVE 4253;0;0
ILLKIRCH;DIFFERDANGE;233;240
ILLKIRCH;DRIVE SCHWEIGHOUSE;40;45
ILLKIRCH;ENT CARVIN FL;540;540
ILLKIRCH;ENT CARVIN PF;540;540
ILLKIRCH;ENT IENA;526;540
ILLKIRCH;ENT SERRIS 1;458;465
ILLKIRCH;ILLKIRCH;0;0
ILLKIRCH;LA CLOCHE D'OR;210;210
KIRCHBERG;AUCHAN LUXEMBOURG SUPPLY;17;30
KIRCHBERG;CORMEILLES EN PARISIS CHRONODRIVE 413;386;390
KIRCHBERG;DIFFERDANGE;26;30
KIRCHBERG;ENT SERRIS 1;330;330
KIRCHBERG;ENT V DHL;383;390
KIRCHBERG;ENT V GEODIS;384;390
KIRCHBERG;KIRCHBERG;0;0
KIRCHBERG;LA CLOCHE D'OR;11;15
KIRCHBERG;MONT SAINT MARTIN;26;30
KIRCHBERG;SEMECOURT;56;60
LA CLOCHE D'OR;AUCHAN LUXEMBOURG SUPPLY;21;30
LA CLOCHE D'OR;DIFFERDANGE;38;45
LA CLOCHE D'OR;DRIVE SCHWEIGHOUSE;199;210
LA CLOCHE D'OR;ENT IENA;319;330
LA CLOCHE D'OR;ENT V GEODIS;400;405
LA CLOCHE D'OR;KIRCHBERG;11;15
LA CLOCHE D'OR;LA CLOCHE D'OR;0;0
LA CLOCHE D'OR;MONT SAINT MARTIN;46;60
LA CLOCHE D'OR;SEMECOURT;65;75
LA CLOCHE D'OR;STRASBOURG;207;210
LA QUEUE LES YVELINES SUPER 1096;ENT SERRIS 1;86;90
LA QUEUE LES YVELINES SUPER 1096;LA QUEUE LES YVELINES SUPER 1096;0;0
LA QUEUE LES YVELINES SUPER 1096;LE CHESNAY PARLY 2 SUPER 1144;30;30
LA QUEUE LES YVELINES SUPER 1096;MAUREPAS SUPER 4492;19;30
LA QUEUE LES YVELINES SUPER 1096;ROISSY;69;75
LA QUEUE LES YVELINES SUPER 1096;SOISY;59;60
LE CHESNAY PARLY 2 SUPER 1144;CORMEILLES EN PARISIS CHRONODRIVE 413;23;30
LE CHESNAY PARLY 2 SUPER 1144;ENT SERRIS 1;58;60
LE CHESNAY PARLY 2 SUPER 1144;ENT V DHL;49;60
LE CHESNAY PARLY 2 SUPER 1144;ENT V GEODIS;49;60
LE CHESNAY PARLY 2 SUPER 1144;HERBLAY CHRONODRIVE 444;37;45
LE CHESNAY PARLY 2 SUPER 1144;HOUILLES SUPER 1073;19;30
LE CHESNAY PARLY 2 SUPER 1144;LA QUEUE LES YVELINES SUPER 1096;29;30
LE CHESNAY PARLY 2 SUPER 1144;LE CHESNAY PARLY 2 SUPER 1144;0;0
LE CHESNAY PARLY 2 SUPER 1144;MAUREPAS SUPER 4492;19;30
LE CHESNAY PARLY 2 SUPER 1144;TAVERNY;36;45
LE HAVRE;4313 CANTELEU SUPER;91;105
LE HAVRE;ARRAS;256;270
LE HAVRE;BOULOGNE;249;255
LE HAVRE;CAEN CHRONO 352;93;105
LE HAVRE;CALAIS;282;285
LE HAVRE;CHERBOURG;212;225
LE HAVRE;CHRONO COUDEKERQUE 4242;321;330
LE HAVRE;CHRONO HALLENNES 4167;294;300
LE HAVRE;CHRONO IFS;96;105
LE HAVRE;DIEPPE;116;120
LE HAVRE;DIEPPE;111;120
LE HAVRE;DOUAI;296;300
LE HAVRE;DRIVE BOULOGNE;246;255
LE HAVRE;DRIVE CHERBOURG;212;225
LE HAVRE;DRIVE DIEPPE;117;120
LE HAVRE;DRIVE DOUAI;296;300
LE HAVRE;DRIVE DUNKERQUE;312;315
LE HAVRE;DRIVE DURY;185;195
LE HAVRE;DRIVE LE HAVRE;2;15
LE HAVRE;DRIVE MONTIVILLIERS;10;15
LE HAVRE;DRIVE RONCQ;312;315
LE HAVRE;DRIVE VALENCIENNES;307;315
LE HAVRE;DUNKERQUE;313;315
LE HAVRE;DURY;185;195
LE HAVRE;ENT AMIENS SAINT SAUVEUR FLEG;187;195
LE HAVRE;ENT AMIENS SAINT SAUVEUR PF;187;195
LE HAVRE;ENT AMIENS SUPER POULAINVILLE PGC;190;195
LE HAVRE;ENT CARVIN FL;305;315
LE HAVRE;ENT CARVIN PF;305;315
LE HAVRE;ENT SAINGHIN1;297;300
LE HAVRE;ENT SERRIS 1;241;255
LE HAVRE;ENT V DHL;238;240
LE HAVRE;FACHES;292;300
LE HAVRE;FRANQUEVILLE CHRONODRIVE 4475;98;105
LE HAVRE;IFS CHRONODRIVE 4253;96;105
LE HAVRE;LE HAVRE;0;0
LE HAVRE;LONGUEIL SAINTE MARIE SUPER 4315;236;240
LE HAVRE;LOUVROIL;340;345
LE HAVRE;MERS LES BAINS;144;150
LE HAVRE;MONTIVILLIERS;11;15
LE HAVRE;NOYELLES GODAULT;271;285
LE HAVRE;NOYON;254;255
LE HAVRE;RONCQ;312;315
LE HAVRE;SOISY;205;210
LE HAVRE;ST OMER;256;270
LE HAVRE;ST QUENTIN;259;270
LE HAVRE;VAL DE REUIL SUPER 1209;102;105
LE HAVRE;VALENCIENNES;307;315
LE HAVRE;VILLENEUVE 2;298;300
LE HAVRE;VIRY NOUREUIL;277;285
LEERS;1186 ST QUENTIN SCHUMANN SUPER;121;135
LEERS;1297 HARNES SUPER;40;45
LEERS;4536 LILLE WAZEMMES MY AUCHAN;18;30
LEERS;4926 BILLY BERCLAU SUPER;46;60
LEERS;914 MARQUETTE LES PARTISANS DU GOUT;17;30
LEERS;ARRAS;66;75
LEERS;AUCHAN CITY TOURCOING;10;15
LEERS;BETHUNE;60;60
LEERS;BOULOGNE;130;135
LEERS;CALAIS;133;135
LEERS;CAMBRAI;81;90
LEERS;CHRONO AVELIN 4361;25;30
LEERS;CHRONO BONDUES 4703;16;30
LEERS;CHRONO COUDEKERQUE 4242;85;90
LEERS;CHRONO CROIX 4154;8;15
LEERS;CHRONO ELEU DIT LEAUWETTE 4462;50;60
LEERS;CHRONO HALLENNES 4167;30;30
LEERS;CHRONO LAMBERSART 4424;21;30
LEERS;CHRONO MARCQ 4128;16;30
LEERS;CHRONO VALENCIENNES 4370;59;60
LEERS;CHRONO WASQUEHAL 4303;11;15
LEERS;DOUAI;52;60
LEERS;DRIVE ARRAS;66;75
LEERS;DRIVE BETHUNE;60;60
LEERS;DRIVE BOULOGNE;132;135
LEERS;DRIVE CALAIS;130;135
LEERS;DRIVE CAMBRAI;81;90
LEERS;DRIVE DOUAI;52;60
LEERS;DRIVE DUNKERQUE;93;105
LEERS;DRIVE ENGLOS;26;30
LEERS;DRIVE FACHES;19;30
LEERS;DRIVE LEERS;0;0
LEERS;DRIVE LOUVROIL;94;105
LEERS;DRIVE NOYELLES;41;45
LEERS;DRIVE PETITE FORET;54;60
LEERS;DRIVE RONCQ;14;15
LEERS;DRIVE ST OMER;83;90
LEERS;DRIVE VALENCIENNES;61;75
LEERS;DRIVE VILLENEUVE D'ASCQ;14;15
LEERS;DUNKERQUE;94;105
LEERS;DURY;149;150
LEERS;ENGLOS;26;30
LEERS;ENT AMIENS SAINT SAUVEUR FLEG;137;150
LEERS;ENT AMIENS SAINT SAUVEUR PF;137;150
LEERS;ENT AMIENS SUPER POULAINVILLE PGC;132;135
LEERS;ENT CARVIN FL;34;45
LEERS;ENT CARVIN PF;34;45
LEERS;ENT IENA1;18;30
LEERS;ENT IENA2;18;30
LEERS;ENT SOCOPAL DIEPPE;235;240
LEERS;ENT V DHL;265;270
LEERS;ENT V GEODIS;265;270
LEERS;FACHES;19;30
LEERS;HIRSON;137;150
LEERS;LE HAVRE;331;345
LEERS;LEERS;0;0
LEERS;LOUVROIL;94;105
LEERS;MONTIVILLIERS;324;330
LEERS;NOYELLES GODAULT;41;45
LEERS;NOYON;150;150
LEERS;PETITE FORET;54;60
LEERS;RONCQ;14;15
LEERS;SOCOPAL;235;240
LEERS;ST OMER;83;90
LEERS;ST QUENTIN;118;120
LEERS;VALENCIENNES;61;75
LEERS;VILLENEUVE 2;13;15
LEERS;VIRY NOUREUIL;146;150
LES MUREAUX HALLES AUCHAN;BEAUVAIS;81;90
LES MUREAUX HALLES AUCHAN;CERGY CHRONODRIVE 469;18;30
LES MUREAUX HALLES AUCHAN;CORMEILLES EN PARISIS CHRONODRIVE 413;36;45
LES MUREAUX HALLES AUCHAN;ENT AMIENS SAINT SAUVEUR FLEG;146;150
LES MUREAUX HALLES AUCHAN;ENT AMIENS SAINT SAUVEUR PF;146;150
LES MUREAUX HALLES AUCHAN;HERBLAY CHRONODRIVE 444;30;30
LES MUREAUX HALLES AUCHAN;HOUILLES SUPER 1073;32;45
LES MUREAUX HALLES AUCHAN;OSNY;25;30
LES MUREAUX HALLES AUCHAN;ROISSY;62;75
LES MUREAUX HALLES AUCHAN;TAVERNY;36;45
LES MUREAUX HALLES AUCHAN;VAL DE REUIL SUPER 1209;72;75
LES MUREAUX HALLES AUCHAN;VERNEUIL 1 VERGER SUPER 4981;6;15
LONGUEIL SAINTE MARIE SUPER 4315;1186 ST QUENTIN SCHUMANN SUPER;86;90
LONGUEIL SAINTE MARIE SUPER 4315;4313 CANTELEU SUPER;148;150
LONGUEIL SAINTE MARIE SUPER 4315;BEAUVAIS;54;60
LONGUEIL SAINTE MARIE SUPER 4315;CHRONO COMPIEGNE 4345;14;15
LONGUEIL SAINTE MARIE SUPER 4315;DURY;86;90
LONGUEIL SAINTE MARIE SUPER 4315;ENT AMIENS BINAT;89;90
LONGUEIL SAINTE MARIE SUPER 4315;ENT AMIENS SAINT SAUVEUR FLEG;95;105
LONGUEIL SAINTE MARIE SUPER 4315;ENT AMIENS SAINT SAUVEUR PF;95;105
LONGUEIL SAINTE MARIE SUPER 4315;ENT AMIENS SUPER POULAINVILLE PGC;90;90
LONGUEIL SAINTE MARIE SUPER 4315;ENT IENA;149;150
LONGUEIL SAINTE MARIE SUPER 4315;ENT SAINGHIN1;152;165
LONGUEIL SAINTE MARIE SUPER 4315;LONGUEIL SAINTE MARIE SUPER 4315;0;0
LONGUEIL SAINTE MARIE SUPER 4315;NOGENT SUR OISE;26;30
LONGUEIL SAINTE MARIE SUPER 4315;NOYON;38;45
LONGUEIL SAINTE MARIE SUPER 4315;SOISY;76;90
LONGUEIL SAINTE MARIE SUPER 4315;VIRY NOUREUIL;60;60
LOUVROIL;914 MARQUETTE LES PARTISANS DU GOUT;91;105
LOUVROIL;ARRAS;104;105
LOUVROIL;AUCHAN CITY TOURCOING;97;105
LOUVROIL;BETHUNE;117;120
LOUVROIL;BOULOGNE;200;210
LOUVROIL;CALAIS;201;210
LOUVROIL;CAMBRAI;62;75
LOUVROIL;CHRONO AVELIN 4361;77;90
LOUVROIL;CHRONO BONDUES 4703;96;105
LOUVROIL;CHRONO CROIX 4154;90;90
LOUVROIL;CHRONO HALLENNES 4167;95;105
LOUVROIL;CHRONO LAMBERSART 4424;92;105
LOUVROIL;CHRONO MARCQ 4128;92;105
LOUVROIL;CHRONO VALENCIENNES 4370;36;45
LOUVROIL;CHRONO WASQUEHAL 4303;92;105
LOUVROIL;DOUAI;75;75
LOUVROIL;DRIVE BETHUNE;117;120
LOUVROIL;DRIVE CALAIS;198;210
LOUVROIL;DRIVE CAMBRAI;62;75
LOUVROIL;DRIVE DOUAI;75;75
LOUVROIL;DRIVE ENGLOS;95;105
LOUVROIL;DRIVE LEERS;94;105
LOUVROIL;DRIVE LOUVROIL;1;15
LOUVROIL;DRIVE PETITE FORET;43;45
LOUVROIL;DRIVE RONCQ;98;105
LOUVROIL;DRIVE ST QUENTIN;108;120
LOUVROIL;DRIVE VALENCIENNES;36;45
LOUVROIL;DRIVE VILLENEUVE D'ASCQ;82;90
LOUVROIL;DUNKERQUE;162;165
LOUVROIL;DURY;157;165
LOUVROIL;ENGLOS;95;105
LOUVROIL;ENT AMIENS SAINT SAUVEUR FLEG;166;180
LOUVROIL;ENT AMIENS SAINT SAUVEUR PF;166;180
LOUVROIL;ENT AMIENS SUPER POULAINVILLE PGC;161;165
LOUVROIL;ENT CARVIN FL;100;105
LOUVROIL;ENT CARVIN PF;100;105
LOUVROIL;ENT IENA1;81;90
LOUVROIL;ENT IENA2;81;90
LOUVROIL;ENT SERRIS 1;257;270
LOUVROIL;ENT V DHL;273;285
LOUVROIL;ENT V GEODIS;273;285
LOUVROIL;FACHES;85;90
LOUVROIL;HIRSON;50;60
LOUVROIL;LE HAVRE;339;345
LOUVROIL;LEERS;94;105
LOUVROIL;LONGUEIL SAINTE MARIE SUPER 4315;173;180
LOUVROIL;LOUVROIL;0;0
LOUVROIL;MERS LES BAINS;211;225
LOUVROIL;MERU;240;240
LOUVROIL;NOYELLES GODAULT;86;90
LOUVROIL;NOYON;129;135
LOUVROIL;PETITE FORET;43;45
LOUVROIL;RONCQ;98;105
LOUVROIL;ST OMER;151;165
LOUVROIL;ST QUENTIN;81;90
LOUVROIL;VALENCIENNES;36;45
LOUVROIL;VILLENEUVE 2;82;90
LOUVROIL;VIRY NOUREUIL;108;120
MAUREPAS SUPER 4492;ENT SERRIS 1;76;90
MAUREPAS SUPER 4492;ENT V DHL;57;60
MAUREPAS SUPER 4492;ENT V GEODIS;58;60
MAUREPAS SUPER 4492;LA QUEUE LES YVELINES SUPER 1096;20;30
MAUREPAS SUPER 4492;LE CHESNAY PARLY 2 SUPER 1144;20;30
MAUREPAS SUPER 4492;MAUREPAS SUPER 4492;0;0
MAUREPAS SUPER 4492;SOISY;49;60
MERS LES BAINS;1267 CALAIS DELAROCHE SUPER;142;150
MERS LES BAINS;4313 CANTELEU SUPER;92;105
MERS LES BAINS;4977 RUE SUPER;42;45
MERS LES BAINS;ARRAS;119;120
MERS LES BAINS;BEAUVAIS;142;150
MERS LES BAINS;BETHUNE;121;135
MERS LES BAINS;BOULOGNE;111;120
MERS LES BAINS;CHERBOURG;324;330
MERS LES BAINS;CHRONO COUDEKERQUE 4242;184;195
MERS LES BAINS;CHRONO IFS;215;225
MERS LES BAINS;CHRONO MARCQ 4128;172;180
MERS LES BAINS;DIEPPE;36;45
MERS LES BAINS;DIEPPE;34;45
MERS LES BAINS;DOUAI;138;150
MERS LES BAINS;DRIVE BETHUNE;121;135
MERS LES BAINS;DRIVE CERGY;156;165
MERS LES BAINS;DRIVE CHERBOURG;324;330
MERS LES BAINS;DRIVE DIEPPE;36;45
MERS LES BAINS;DRIVE DOUAI;138;150
MERS LES BAINS;DRIVE DURY;81;90
MERS LES BAINS;DRIVE ENGLOS;160;165
MERS LES BAINS;DRIVE LE HAVRE;148;150
MERS LES BAINS;DRIVE MONTIVILLIERS;134;135
MERS LES BAINS;DRIVE PETITE FORET;181;195
MERS LES BAINS;DRIVE RONCQ;176;180
MERS LES BAINS;DRIVE VALENCIENNES;183;195
MERS LES BAINS;DURY;81;90
MERS LES BAINS;ENGLOS;160;165
MERS LES BAINS;ENT AMIENS SAINT SAUVEUR FLEG;81;90
MERS LES BAINS;ENT AMIENS SAINT SAUVEUR PF;81;90
MERS LES BAINS;ENT AMIENS SUPER POULAINVILLE PGC;83;90
MERS LES BAINS;ENT CARVIN FL;145;150
MERS LES BAINS;ENT CARVIN PF;145;150
MERS LES BAINS;ENT SERRIS 1;201;210
MERS LES BAINS;FRANQUEVILLE CHRONODRIVE 4475;107;120
MERS LES BAINS;HERBLAY CHRONODRIVE 444;199;210
MERS LES BAINS;IFS CHRONODRIVE 4253;215;225
MERS LES BAINS;LE HAVRE;144;150
MERS LES BAINS;LONGUEIL SAINTE MARIE SUPER 4315;170;180
MERS LES BAINS;MERS LES BAINS;0;0
MERS LES BAINS;MERU;125;135
MERS LES BAINS;MONTIVILLIERS;134;135
MERS LES BAINS;NOYON;151;165
MERS LES BAINS;OSNY;203;210
MERS LES BAINS;PETITE FORET;181;195
MERS LES BAINS;RONCQ;176;180
MERS LES BAINS;SOISY;158;165
MERS LES BAINS;ST OMER;118;120
MERS LES BAINS;ST QUENTIN;159;165
MERS LES BAINS;VAL DE REUIL SUPER 1209;128;135
MERS LES BAINS;VALENCIENNES;183;195
MERS LES BAINS;VIRY NOUREUIL;183;195
MERU;4313 CANTELEU SUPER;121;135
MERU;ARRAS;159;165
MERU;BEAUVAIS;26;30
MERU;BETHUNE;214;225
MERU;CAMBRAI;181;195
MERU;CERGY;26;30
MERU;CERGY CHRONODRIVE 469;29;30
MERU;CHRONO AVELIN 4361;211;225
MERU;CHRONO COMPIEGNE 4345;90;90
MERU;CHRONO CROIX 4154;229;240
MERU;CHRONO HALLENNES 4167;230;240
MERU;CORMEILLES EN PARISIS CHRONODRIVE 413;48;60
MERU;DIEPPE;138;150
MERU;DIEPPE;139;150
MERU;DOUAI;197;210
MERU;DRIVE BEAUVAIS;26;30
MERU;DRIVE BETHUNE;214;225
MERU;DRIVE CAMBRAI;181;195
MERU;DRIVE CERGY;26;30
MERU;DRIVE DOUAI;197;210
MERU;DRIVE LEERS;233;240
MERU;DRIVE NOGENT SUR OISE;38;45
MERU;DRIVE NOYELLES;194;195
MERU;DRIVE NOYON;112;120
MERU;DRIVE OSNY;22;30
MERU;DRIVE PETITE FORET;209;210
MERU;DRIVE ROISSY;47;60
MERU;DRIVE TAVERNY;35;45
MERU;DURY;85;90
MERU;ENT AMIENS BINAT;98;105
MERU;ENT AMIENS SAINT SAUVEUR FLEG;96;105
MERU;ENT AMIENS SAINT SAUVEUR PF;96;105
MERU;ENT AMIENS SUPER POULAINVILLE PGC;98;105
MERU;ENT CARVIN FL;205;210
MERU;ENT CARVIN PF;205;210
MERU;ENT IENA;216;225
MERU;ENT SAINGHIN1;219;225
MERU;ENT SERRIS 1;83;90
MERU;ENT SERRIS 2;85;90
MERU;ENT V DHL;90;90
MERU;ENT V GEODIS;90;90
MERU;FRANQUEVILLE CHRONODRIVE 4475;84;90
MERU;HERBLAY CHRONODRIVE 444;35;45
MERU;HOUILLES SUPER 1073;52;60
MERU;LEERS;233;240
MERU;LES MUREAUX HALLES AUCHAN;57;60
MERU;LONGUEIL SAINTE MARIE SUPER 4315;84;90
MERU;LOUVROIL;240;240
MERU;MAUREPAS SUPER 4492;83;90
MERU;MERU;0;0
MERU;MONTIVILLIERS;216;225
MERU;NOGENT SUR OISE;42;45
MERU;NOYELLES GODAULT;194;195
MERU;NOYON;110;120
MERU;OSNY;22;30
MERU;PETITE FORET;209;210
MERU;ROISSY;46;60
MERU;SOISY;40;45
MERU;ST QUENTIN;160;165
MERU;TAVERNY;35;45
MERU;VAL DE REUIL SUPER 1209;130;135
MERU;VIRY NOUREUIL;133;135
MONT SAINT MARTIN;AUCHAN LUXEMBOURG SUPPLY;29;30
MONT SAINT MARTIN;DIFFERDANGE;12;15
MONT SAINT MARTIN;ENT SERRIS 1;320;330
MONT SAINT MARTIN;ENT SERRIS 2;320;330
MONT SAINT MARTIN;KIRCHBERG;26;30
MONT SAINT MARTIN;LA CLOCHE D'OR;45;45
MONT SAINT MARTIN;MONT SAINT MARTIN;0;0
MONT SAINT MARTIN;TOMBLAINE;127;135
MONTIVILLIERS;4313 CANTELEU SUPER;84;90
MONTIVILLIERS;4977 RUE SUPER;188;195
MONTIVILLIERS;ARRAS;249;255
MONTIVILLIERS;BEAUVAIS;175;180
MONTIVILLIERS;BOULOGNE;238;240
MONTIVILLIERS;CALAIS;271;285
MONTIVILLIERS;CERGY;176;180
MONTIVILLIERS;CHERBOURG;205;210
MONTIVILLIERS;CHRONO BONDUES 4703;325;330
MONTIVILLIERS;CHRONO IFS;89;90
MONTIVILLIERS;DIEPPE;109;120
MONTIVILLIERS;DIEPPE;100;105
MONTIVILLIERS;DRIVE CHERBOURG;205;210
MONTIVILLIERS;DRIVE DUNKERQUE;301;315
MONTIVILLIERS;DRIVE LE HAVRE;8;15
MONTIVILLIERS;DRIVE LEERS;299;300
MONTIVILLIERS;DRIVE MONTIVILLIERS;1;15
MONTIVILLIERS;DRIVE RONCQ;301;315
MONTIVILLIERS;DRIVE VALENCIENNES;296;300
MONTIVILLIERS;DUNKERQUE;303;315
MONTIVILLIERS;DURY;175;180
MONTIVILLIERS;ENT AMIENS SAINT SAUVEUR FLEG;180;180
MONTIVILLIERS;ENT AMIENS SAINT SAUVEUR PF;180;180
MONTIVILLIERS;ENT AMIENS SUPER POULAINVILLE PGC;182;195
MONTIVILLIERS;ENT CARVIN FL;298;300
MONTIVILLIERS;ENT CARVIN PF;298;300
MONTIVILLIERS;ENT SOCOPAL DIEPPE;91;105
MONTIVILLIERS;FACHES;282;285
MONTIVILLIERS;FRANQUEVILLE CHRONODRIVE 4475;95;105
MONTIVILLIERS;IFS CHRONODRIVE 4253;89;90
MONTIVILLIERS;LE HAVRE;10;15
MONTIVILLIERS;LEERS;299;300
MONTIVILLIERS;LONGUEIL SAINTE MARIE SUPER 4315;229;240
MONTIVILLIERS;LOUVROIL;329;330
MONTIVILLIERS;MERS LES BAINS;134;135
MONTIVILLIERS;MERU;187;195
MONTIVILLIERS;MONTIVILLIERS;0;0
MONTIVILLIERS;RONCQ;301;315
MONTIVILLIERS;SOCOPAL;91;105
MONTIVILLIERS;ST OMER;245;255
MONTIVILLIERS;VAL DE REUIL SUPER 1209;95;105
MONTIVILLIERS;VALENCIENNES;296;300
NOGENT SUR OISE;1186 ST QUENTIN SCHUMANN SUPER;108;120
NOGENT SUR OISE;4536 LILLE WAZEMMES MY AUCHAN;177;180
NOGENT SUR OISE;ARRAS;140;150
NOGENT SUR OISE;BEAUVAIS;44;45
NOGENT SUR OISE;CERGY;56;60
NOGENT SUR OISE;CERGY CHRONODRIVE 469;59;60
NOGENT SUR OISE;CHERBOURG;379;390
NOGENT SUR OISE;CHRONO COMPIEGNE 4345;37;45
NOGENT SUR OISE;CORMEILLES EN PARISIS CHRONODRIVE 413;55;60
NOGENT SUR OISE;DOUAI;151;165
NOGENT SUR OISE;DRIVE BEAUVAIS;44;45
NOGENT SUR OISE;DRIVE CERGY;55;60
NOGENT SUR OISE;DRIVE CHERBOURG;379;390
NOGENT SUR OISE;DRIVE DOUAI;151;165
NOGENT SUR OISE;DRIVE DURY;77;90
NOGENT SUR OISE;DRIVE NOGENT SUR OISE;4;15
NOGENT SUR OISE;DRIVE NOYELLES;148;150
NOGENT SUR OISE;DRIVE NOYON;60;60
NOGENT SUR OISE;DRIVE OSNY;56;60
NOGENT SUR OISE;DRIVE ROISSY;38;45
NOGENT SUR OISE;DRIVE RONCQ;190;195
NOGENT SUR OISE;DRIVE TAVERNY;52;60
NOGENT SUR OISE;DURY;77;90
NOGENT SUR OISE;ENT AMIENS BINAT;107;120
NOGENT SUR OISE;ENT AMIENS SAINT SAUVEUR FLEG;105;105
NOGENT SUR OISE;ENT AMIENS SAINT SAUVEUR PF;105;105
NOGENT SUR OISE;ENT AMIENS SUPER POULAINVILLE PGC;107;120
NOGENT SUR OISE;ENT CARVIN FL;160;165
NOGENT SUR OISE;ENT CARVIN PF;160;165
NOGENT SUR OISE;ENT IENA;171;180
NOGENT SUR OISE;ENT SAINGHIN1;174;180
NOGENT SUR OISE;ENT SERRIS 1;73;75
NOGENT SUR OISE;ENT SERRIS 2;79;90
NOGENT SUR OISE;ENT V DHL;92;105
NOGENT SUR OISE;ENT V GEODIS;92;105
NOGENT SUR OISE;HERBLAY CHRONODRIVE 444;52;60
NOGENT SUR OISE;HOUILLES SUPER 1073;69;75
NOGENT SUR OISE;LONGUEIL SAINTE MARIE SUPER 4315;25;30
NOGENT SUR OISE;MERU;44;45
NOGENT SUR OISE;MONTIVILLIERS;219;225
NOGENT SUR OISE;NOGENT SUR OISE;0;0
NOGENT SUR OISE;NOYELLES GODAULT;149;150
NOGENT SUR OISE;NOYON;59;60
NOGENT SUR OISE;OSNY;59;60
NOGENT SUR OISE;ROISSY;39;45
NOGENT SUR OISE;RONCQ;190;195
NOGENT SUR OISE;SOISY;43;45
NOGENT SUR OISE;TAVERNY;52;60
NOGENT SUR OISE;VIRY NOUREUIL;82;90
NOYELLES GODAULT;1297 HARNES SUPER;11;15
NOYELLES GODAULT;4926 BILLY BERCLAU SUPER;23;30
NOYELLES GODAULT;ARRAS;27;30
NOYELLES GODAULT;AUCHAN CITY TOURCOING;42;45
NOYELLES GODAULT;BEAUVAIS;166;180
NOYELLES GODAULT;BETHUNE;39;45
NOYELLES GODAULT;BOULOGNE;116;120
NOYELLES GODAULT;CALAIS;121;135
NOYELLES GODAULT;CAMBRAI;53;60
NOYELLES GODAULT;CHRONO AVELIN 4361;20;30
NOYELLES GODAULT;CHRONO BONDUES 4703;41;45
NOYELLES GODAULT;CHRONO COMPIEGNE 4345;126;135
NOYELLES GODAULT;CHRONO COUDEKERQUE 4242;96;105
NOYELLES GODAULT;CHRONO CROIX 4154;38;45
NOYELLES GODAULT;CHRONO ELEU DIT LEAUWETTE 4462;16;30
NOYELLES GODAULT;CHRONO LAMBERSART 4424;34;45
NOYELLES GODAULT;CHRONO MARCQ 4128;35;45
NOYELLES GODAULT;CHRONO VALENCIENNES 4370;51;60
NOYELLES GODAULT;CHRONO WASQUEHAL 4303;36;45
NOYELLES GODAULT;DIEPPE;167;180
NOYELLES GODAULT;DOUAI;15;15
NOYELLES GODAULT;DRIVE ARRAS;28;30
NOYELLES GODAULT;DRIVE BETHUNE;39;45
NOYELLES GODAULT;DRIVE BOULOGNE;119;120
NOYELLES GODAULT;DRIVE CAMBRAI;53;60
NOYELLES GODAULT;DRIVE DOUAI;15;15
NOYELLES GODAULT;DRIVE DUNKERQUE;104;105
NOYELLES GODAULT;DRIVE ENGLOS;39;45
NOYELLES GODAULT;DRIVE FACHES;23;30
NOYELLES GODAULT;DRIVE LE HAVRE;290;300
NOYELLES GODAULT;DRIVE LEERS;42;45
NOYELLES GODAULT;DRIVE LOUVROIL;84;90
NOYELLES GODAULT;DRIVE PETITE FORET;49;60
NOYELLES GODAULT;DRIVE RONCQ;43;45
NOYELLES GODAULT;DRIVE ST OMER;87;90
NOYELLES GODAULT;DRIVE ST QUENTIN;78;90
NOYELLES GODAULT;DRIVE VALENCIENNES;51;60
NOYELLES GODAULT;DRIVE VILLENEUVE D'ASCQ;30;30
NOYELLES GODAULT;DUNKERQUE;106;120
NOYELLES GODAULT;DURY;94;105
NOYELLES GODAULT;ENGLOS;39;45
NOYELLES GODAULT;ENT AMIENS SAINT SAUVEUR FLEG;98;105
NOYELLES GODAULT;ENT AMIENS SAINT SAUVEUR PF;98;105
NOYELLES GODAULT;ENT AMIENS SUPER POULAINVILLE PGC;94;105
NOYELLES GODAULT;ENT CARVIN FL;13;15
NOYELLES GODAULT;ENT CARVIN PF;13;15
NOYELLES GODAULT;ENT SOCOPAL DIEPPE;197;210
NOYELLES GODAULT;ENT V DHL;226;240
NOYELLES GODAULT;ENT V GEODIS;227;240
NOYELLES GODAULT;FACHES;24;30
NOYELLES GODAULT;HIRSON;110;120
NOYELLES GODAULT;LE HAVRE;273;285
NOYELLES GODAULT;LEERS;42;45
NOYELLES GODAULT;LES MUREAUX HALLES AUCHAN;223;225
NOYELLES GODAULT;LOUVROIL;84;90
NOYELLES GODAULT;MERS LES BAINS;134;135
NOYELLES GODAULT;MERU;193;195
NOYELLES GODAULT;MONTIVILLIERS;263;270
NOYELLES GODAULT;NOGENT SUR OISE;150;150
NOYELLES GODAULT;NOYELLES GODAULT;0;0
NOYELLES GODAULT;NOYON;111;120
NOYELLES GODAULT;PETITE FORET;49;60
NOYELLES GODAULT;RONCQ;43;45
NOYELLES GODAULT;SOCOPAL;197;210
NOYELLES GODAULT;ST OMER;78;90
NOYELLES GODAULT;ST QUENTIN;80;90
NOYELLES GODAULT;VALENCIENNES;51;60
NOYELLES GODAULT;VILLENEUVE 2;30;30
NOYELLES GODAULT;VIRY NOUREUIL;107;120
NOYON;4313 CANTELEU SUPER;174;180
NOYON;4977 RUE SUPER;142;150
NOYON;ARRAS;104;105
NOYON;BEAUVAIS;80;90
NOYON;CAEN CHRONO 352;297;300
NOYON;CAMBRAI;99;105
NOYON;CERGY;117;120
NOYON;CERGY CHRONODRIVE 469;121;135
NOYON;CHRONO AVELIN 4361;130;135
NOYON;CHRONO COMPIEGNE 4345;30;30
NOYON;CHRONO HALLENNES 4167;148;150
NOYON;CORMEILLES EN PARISIS CHRONODRIVE 413;110;120
NOYON;DOUAI;114;120
NOYON;DRIVE BEAUVAIS;80;90
NOYON;DRIVE CAMBRAI;99;105
NOYON;DRIVE CERGY;116;120
NOYON;DRIVE DOUAI;114;120
NOYON;DRIVE LEERS;151;165
NOYON;DRIVE LOUVROIL;123;135
NOYON;DRIVE NOYON;0;0
NOYON;DRIVE PETITE FORET;127;135
NOYON;DRIVE RONCQ;153;165
NOYON;DRIVE ST QUENTIN;50;60
NOYON;DRIVE VALENCIENNES;124;135
NOYON;DURY;71;75
NOYON;ENT AMIENS BINAT;73;75
NOYON;ENT AMIENS SAINT SAUVEUR FLEG;79;90
NOYON;ENT AMIENS SAINT SAUVEUR PF;79;90
NOYON;ENT AMIENS SUPER POULAINVILLE PGC;74;75
NOYON;ENT CARVIN FL;123;135
NOYON;ENT CARVIN PF;123;135
NOYON;ENT IENA;135;135
NOYON;ENT SAINGHIN1;138;150
NOYON;ENT SERRIS 1;112;120
NOYON;ENT SERRIS 2;119;120
NOYON;ENT V DHL;139;150
NOYON;ENT V GEODIS;139;150
NOYON;FACHES;133;135
NOYON;HERBLAY CHRONODRIVE 444;114;120
NOYON;HIRSON;110;120
NOYON;LE HAVRE;253;255
NOYON;LEERS;151;165
NOYON;LONGUEIL SAINTE MARIE SUPER 4315;37;45
NOYON;LOUVROIL;123;135
NOYON;MERU;110;120
NOYON;NOGENT SUR OISE;59;60
NOYON;NOYELLES GODAULT;113;120
NOYON;NOYON;0;0
NOYON;OSNY;118;120
NOYON;PETITE FORET;127;135
NOYON;ROISSY;83;90
NOYON;RONCQ;153;165
NOYON;SOISY;103;105
NOYON;ST OMER;176;180
NOYON;ST QUENTIN;51;60
NOYON;TAVERNY;113;120
NOYON;VALENCIENNES;124;135
NOYON;VIRY NOUREUIL;24;30
OSNY;4313 CANTELEU SUPER;129;135
OSNY;BEAUVAIS;50;60
OSNY;CERGY;7;15
OSNY;CERGY CHRONODRIVE 469;10;15
OSNY;CORMEILLES EN PARISIS CHRONODRIVE 413;21;30
OSNY;DRIVE BEAUVAIS;50;60
OSNY;DRIVE CERGY;7;15
OSNY;DRIVE NOGENT SUR OISE;62;75
OSNY;DRIVE NOYON;123;135
OSNY;DRIVE OSNY;0;0
OSNY;DRIVE ROISSY;47;60
OSNY;DRIVE TAVERNY;19;30
OSNY;DURY;105;105
OSNY;ENT AMIENS SAINT SAUVEUR FLEG;131;135
OSNY;ENT AMIENS SAINT SAUVEUR PF;131;135
OSNY;ENT AMIENS SUPER POULAINVILLE PGC;133;135
OSNY;ENT SERRIS 1;74;75
OSNY;ENT SERRIS 2;74;75
OSNY;ENT V DHL;73;75
OSNY;ENT V GEODIS;73;75
OSNY;FRANQUEVILLE CHRONODRIVE 4475;86;90
OSNY;HERBLAY CHRONODRIVE 444;15;15
OSNY;HOUILLES SUPER 1073;33;45
OSNY;LE CHESNAY PARLY 2 SUPER 1144;35;45
OSNY;LES MUREAUX HALLES AUCHAN;25;30
OSNY;LONGUEIL SAINTE MARIE SUPER 4315;87;90
OSNY;MAUREPAS SUPER 4492;49;60
OSNY;MERS LES BAINS;203;210
OSNY;MERU;22;30
OSNY;NOGENT SUR OISE;58;60
OSNY;NOYON;123;135
OSNY;OSNY;0;0
OSNY;ROISSY;46;60
OSNY;SOISY;27;30
OSNY;TAVERNY;19;30
OSNY;VAL DE REUIL SUPER 1209;98;105
OSNY;VERNEUIL 1 VERGER SUPER 4981;25;30
PETITE FORET;1186 ST QUENTIN SCHUMANN SUPER;82;90
PETITE FORET;1267 CALAIS DELAROCHE SUPER;153;165
PETITE FORET;4926 BILLY BERCLAU SUPER;67;75
PETITE FORET;914 MARQUETTE LES PARTISANS DU GOUT;51;60
PETITE FORET;ARRAS;69;75
PETITE FORET;AUCHAN CITY TOURCOING;56;60
PETITE FORET;BEAUVAIS;182;195
PETITE FORET;BETHUNE;82;90
PETITE FORET;BOULOGNE;160;165
PETITE FORET;CALAIS;160;165
PETITE FORET;CAMBRAI;32;45
PETITE FORET;CHRONO AVELIN 4361;37;45
PETITE FORET;CHRONO BONDUES 4703;56;60
PETITE FORET;CHRONO COMPIEGNE 4345;137;150
PETITE FORET;CHRONO COUDEKERQUE 4242;112;120
PETITE FORET;CHRONO CROIX 4154;50;60
PETITE FORET;CHRONO ELEU DIT LEAUWETTE 4462;64;75
PETITE FORET;CHRONO HALLENNES 4167;55;60
PETITE FORET;CHRONO LAMBERSART 4424;50;60
PETITE FORET;CHRONO MARCQ 4128;52;60
PETITE FORET;CHRONO VALENCIENNES 4370;6;15
PETITE FORET;CHRONO WASQUEHAL 4303;49;60
PETITE FORET;DIEPPE;236;240
PETITE FORET;DIEPPE;237;240
PETITE FORET;DOUAI;44;45
PETITE FORET;DRIVE BEAUVAIS;181;195
PETITE FORET;DRIVE BETHUNE;82;90
PETITE FORET;DRIVE CALAIS;158;165
PETITE FORET;DRIVE CAMBRAI;32;45
PETITE FORET;DRIVE DOUAI;44;45
PETITE FORET;DRIVE DUNKERQUE;121;135
PETITE FORET;DRIVE DURY;127;135
PETITE FORET;DRIVE ENGLOS;55;60
PETITE FORET;DRIVE FACHES;45;45
PETITE FORET;DRIVE LEERS;54;60
PETITE FORET;DRIVE LOUVROIL;44;45
PETITE FORET;DRIVE NOYELLES;55;60
PETITE FORET;DRIVE PETITE FORET;0;0
PETITE FORET;DRIVE RONCQ;58;60
PETITE FORET;DRIVE ST OMER;113;120
PETITE FORET;DRIVE VALENCIENNES;7;15
PETITE FORET;DRIVE VILLENEUVE D'ASCQ;42;45
PETITE FORET;DUNKERQUE;122;135
PETITE FORET;DURY;127;135
PETITE FORET;ENGLOS;55;60
PETITE FORET;ENT AMIENS BINAT;112;120
PETITE FORET;ENT AMIENS SAINT SAUVEUR FLEG;135;135
PETITE FORET;ENT AMIENS SAINT SAUVEUR PF;135;135
PETITE FORET;ENT AMIENS SUPER POULAINVILLE PGC;131;135
PETITE FORET;ENT IENA;42;45
PETITE FORET;ENT IENA1;42;45
PETITE FORET;ENT IENA2;42;45
PETITE FORET;ENT SAINGHIN1;40;45
PETITE FORET;ENT SERRIS 1;227;240
PETITE FORET;ENT V DHL;243;255
PETITE FORET;ENT V GEODIS;243;255
PETITE FORET;FACHES;45;45
PETITE FORET;HIRSON;86;90
PETITE FORET;LEERS;54;60
PETITE FORET;LOUVROIL;44;45
PETITE FORET;MERS LES BAINS;210;210
PETITE FORET;MONTIVILLIERS;299;300
PETITE FORET;NOGENT SUR OISE;166;180
PETITE FORET;NOYELLES GODAULT;51;60
PETITE FORET;NOYON;128;135
PETITE FORET;PETITE FORET;0;0
PETITE FORET;RONCQ;58;60
PETITE FORET;ST OMER;110;120
PETITE FORET;ST QUENTIN;79;90
PETITE FORET;VALENCIENNES;7;15
PETITE FORET;VILLENEUVE 2;42;45
PETITE FORET;VIRY NOUREUIL;107;120
ROISSY;AUCHAN CITY TOURCOING;208;210
ROISSY;BEAUVAIS;69;75
ROISSY;CERGY;43;45
ROISSY;CERGY CHRONODRIVE 469;47;60
ROISSY;CHERBOURG;373;375
ROISSY;CORMEILLES EN PARISIS CHRONODRIVE 413;32;45
ROISSY;DIEPPE;178;180
ROISSY;DOUAI;172;180
ROISSY;DRIVE CERGY;42;45
ROISSY;DRIVE CHERBOURG;373;375
ROISSY;DRIVE DOUAI;172;180
ROISSY;DRIVE OSNY;45;45
ROISSY;DRIVE ROISSY;3;15
ROISSY;DRIVE TAVERNY;35;45
ROISSY;DURY;124;135
ROISSY;ENT AMIENS SAINT SAUVEUR FLEG;133;135
ROISSY;ENT AMIENS SAINT SAUVEUR PF;133;135
ROISSY;ENT SERRIS 1;38;45
ROISSY;ENT SERRIS 2;40;45
ROISSY;ENT V DHL;60;60
ROISSY;ENT V GEODIS;61;75
ROISSY;HERBLAY CHRONODRIVE 444;35;45
ROISSY;HOUILLES SUPER 1073;30;30
ROISSY;LES MUREAUX HALLES AUCHAN;61;75
ROISSY;MERU;47;60
ROISSY;NOGENT SUR OISE;41;45
ROISSY;NOYON;81;90
ROISSY;OSNY;44;45
ROISSY;ROISSY;0;0
ROISSY;SOISY;25;30
ROISSY;TAVERNY;34;45
RONCQ;1186 ST QUENTIN SCHUMANN SUPER;124;135
RONCQ;1297 HARNES SUPER;42;45
RONCQ;4536 LILLE WAZEMMES MY AUCHAN;17;30
RONCQ;4926 BILLY BERCLAU SUPER;42;45
RONCQ;914 MARQUETTE LES PARTISANS DU GOUT;12;15
RONCQ;ARRAS;70;75
RONCQ;AUCHAN CITY TOURCOING;4;15
RONCQ;BETHUNE;54;60
RONCQ;BOULOGNE;125;135
RONCQ;CALAIS;128;135
RONCQ;CAMBRAI;86;90
RONCQ;CHRONO AVELIN 4361;29;30
RONCQ;CHRONO BONDUES 4703;7;15
RONCQ;CHRONO COUDEKERQUE 4242;80;90
RONCQ;CHRONO CROIX 4154;12;15
RONCQ;CHRONO ELEU DIT LEAUWETTE 4462;54;60
RONCQ;CHRONO HALLENNES 4167;23;30
RONCQ;CHRONO LAMBERSART 4424;17;30
RONCQ;CHRONO MARCQ 4128;10;15
RONCQ;CHRONO VALENCIENNES 4370;63;75
RONCQ;CHRONO WASQUEHAL 4303;12;15
RONCQ;DOUAI;56;60
RONCQ;DRIVE ARRAS;70;75
RONCQ;DRIVE BETHUNE;54;60
RONCQ;DRIVE BOULOGNE;128;135
RONCQ;DRIVE CAMBRAI;86;90
RONCQ;DRIVE DOUAI;56;60
RONCQ;DRIVE DUNKERQUE;88;90
RONCQ;DRIVE ENGLOS;21;30
RONCQ;DRIVE FACHES;23;30
RONCQ;DRIVE LEERS;14;15
RONCQ;DRIVE MONTIVILLIERS;327;330
RONCQ;DRIVE NOYELLES;45;45
RONCQ;DRIVE PETITE FORET;58;60
RONCQ;DRIVE RONCQ;0;0
RONCQ;DRIVE ST OMER;78;90
RONCQ;DRIVE VALENCIENNES;65;75
RONCQ;DRIVE VILLENEUVE D'ASCQ;18;30
RONCQ;DUNKERQUE;90;90
RONCQ;DURY;137;150
RONCQ;ENGLOS;21;30
RONCQ;ENT AMIENS BINAT;133;135
RONCQ;ENT AMIENS SAINT SAUVEUR FLEG;139;150
RONCQ;ENT AMIENS SAINT SAUVEUR PF;139;150
RONCQ;ENT AMIENS SUPER POULAINVILLE PGC;135;135
RONCQ;ENT CARVIN FL;37;45
RONCQ;ENT CARVIN PF;37;45
RONCQ;ENT IENA;24;30
RONCQ;ENT IENA1;22;30
RONCQ;ENT IENA2;22;30
RONCQ;ENT SAINGHIN1;23;30
RONCQ;ENT SOCOPAL DIEPPE;238;240
RONCQ;ENT V GEODIS;268;270
RONCQ;FACHES;24;30
RONCQ;HIRSON;141;150
RONCQ;LEERS;14;15
RONCQ;LOUVROIL;98;105
RONCQ;MONTIVILLIERS;305;315
RONCQ;NOGENT SUR OISE;191;195
RONCQ;NOYELLES GODAULT;45;45
RONCQ;NOYON;154;165
RONCQ;PETITE FORET;58;60
RONCQ;RONCQ;0;0
RONCQ;SOCOPAL;238;240
RONCQ;ST OMER;78;90
RONCQ;ST QUENTIN;119;120
RONCQ;VALENCIENNES;65;75
RONCQ;VILLENEUVE 2;17;30
RONCQ;VIRY NOUREUIL;150;150
SCHWEIGHOUSE;DRIVE SCHWEIGHOUSE;0;0
SCHWEIGHOUSE;ENT CARVIN FL;527;540
SCHWEIGHOUSE;ENT CARVIN PF;527;540
SCHWEIGHOUSE;ILLKIRCH;40;45
SCHWEIGHOUSE;SCHWEIGHOUSE;0;0
SEMECOURT;AUCHAN LUXEMBOURG SUPPLY;42;45
SEMECOURT;DIFFERDANGE;63;75
SEMECOURT;DRIVE SCHWEIGHOUSE;165;165
SEMECOURT;ENT IENA;357;360
SEMECOURT;ENT SERRIS 1;284;285
SEMECOURT;ENT V DHL;337;345
SEMECOURT;ENT V GEODIS;337;345
SEMECOURT;KIRCHBERG;56;60
SEMECOURT;LA CLOCHE D'OR;64;75
SEMECOURT;MONT SAINT MARTIN;64;75
SEMECOURT;SEMECOURT;0;0
SEMECOURT;TOMBLAINE;69;75
SOCOPAL;1186 ST QUENTIN SCHUMANN SUPER;169;180
SOCOPAL;1267 CALAIS DELAROCHE SUPER;184;195
SOCOPAL;1297 HARNES SUPER;207;210
SOCOPAL;4313 CANTELEU SUPER;39;45
SOCOPAL;4536 LILLE WAZEMMES MY AUCHAN;227;240
SOCOPAL;4926 BILLY BERCLAU SUPER;183;195
SOCOPAL;4977 RUE SUPER;101;105
SOCOPAL;914 MARQUETTE LES PARTISANS DU GOUT;231;240
SOCOPAL;ARRAS;161;165
SOCOPAL;AUCHAN CITY TOURCOING;237;240
SOCOPAL;BEAUVAIS;88;90
SOCOPAL;BETHUNE;165;165
SOCOPAL;BOULOGNE;153;165
SOCOPAL;CAEN CHRONO 352;159;165
SOCOPAL;CALAIS;181;195
SOCOPAL;CAMBRAI;186;195
SOCOPAL;CERGY;109;120
SOCOPAL;CERGY CHRONODRIVE 469;104;105
SOCOPAL;CHERBOURG;281;285
SOCOPAL;CHRONO AVELIN 4361;216;225
SOCOPAL;CHRONO BONDUES 4703;237;240
SOCOPAL;CHRONO COMPIEGNE 4345;147;150
SOCOPAL;CHRONO COUDEKERQUE 4242;226;240
SOCOPAL;CHRONO CROIX 4154;233;240
SOCOPAL;CHRONO ELEU DIT LEAUWETTE 4462;176;180
SOCOPAL;CHRONO HALLENNES 4167;199;210
SOCOPAL;CHRONO IFS;161;165
SOCOPAL;CHRONO LAMBERSART 4424;231;240
SOCOPAL;CHRONO MARCQ 4128;233;240
SOCOPAL;CHRONO VALENCIENNES 4370;212;225
SOCOPAL;CHRONO WASQUEHAL 4303;233;240
SOCOPAL;CORMEILLES EN PARISIS CHRONODRIVE 413;124;135
SOCOPAL;DIEPPE;51;60
SOCOPAL;DIEPPE;39;45
SOCOPAL;DOUAI;202;210
SOCOPAL;DRIVE ARRAS;161;165
SOCOPAL;DRIVE BEAUVAIS;88;90
SOCOPAL;DRIVE BETHUNE;165;165
SOCOPAL;DRIVE BOULOGNE;151;165
SOCOPAL;DRIVE CALAIS;180;180
SOCOPAL;DRIVE CAMBRAI;186;195
SOCOPAL;DRIVE CERGY;110;120
SOCOPAL;DRIVE CHERBOURG;281;285
SOCOPAL;DRIVE DIEPPE;52;60
SOCOPAL;DRIVE DOUAI;202;210
SOCOPAL;DRIVE DUNKERQUE;218;225
SOCOPAL;DRIVE DURY;90;90
SOCOPAL;DRIVE ENGLOS;234;240
SOCOPAL;DRIVE FACHES;219;225
SOCOPAL;DRIVE LE HAVRE;95;105
SOCOPAL;DRIVE LEERS;237;240
SOCOPAL;DRIVE LOUVROIL;244;255
SOCOPAL;DRIVE MONTIVILLIERS;88;90
SOCOPAL;DRIVE NOGENT SUR OISE;121;135
SOCOPAL;DRIVE NOYELLES;198;210
SOCOPAL;DRIVE NOYON;158;165
SOCOPAL;DRIVE PETITE FORET;214;225
SOCOPAL;DRIVE RONCQ;240;240
SOCOPAL;DRIVE ST OMER;200;210
SOCOPAL;DRIVE ST QUENTIN;164;165
SOCOPAL;DRIVE VALENCIENNES;211;225
SOCOPAL;DRIVE VILLENEUVE D'ASCQ;226;240
SOCOPAL;DUNKERQUE;217;225
SOCOPAL;DURY;90;90
SOCOPAL;ENGLOS;234;240
SOCOPAL;ENT AMIENS BINAT;95;105
SOCOPAL;ENT AMIENS SAINT SAUVEUR FLEG;92;105
SOCOPAL;ENT AMIENS SAINT SAUVEUR PF;92;105
SOCOPAL;ENT AMIENS SUPER POULAINVILLE PGC;94;105
SOCOPAL;ENT CARVIN FL;210;210
SOCOPAL;ENT CARVIN PF;210;210
SOCOPAL;ENT IENA;221;225
SOCOPAL;ENT SAINGHIN1;224;225
SOCOPAL;ENT SOCOPAL DIEPPE;0;0
SOCOPAL;FACHES;220;225
SOCOPAL;FRANQUEVILLE CHRONODRIVE 4475;39;45
SOCOPAL;HERBLAY CHRONODRIVE 444;117;120
SOCOPAL;HIRSON;236;240
SOCOPAL;HOUILLES SUPER 1073;155;165
SOCOPAL;IFS CHRONODRIVE 4253;156;165
SOCOPAL;LA QUEUE LES YVELINES SUPER 1096;147;150
SOCOPAL;LE CHESNAY PARLY 2 SUPER 1144;153;165
SOCOPAL;LE HAVRE;97;105
SOCOPAL;LEERS;237;240
SOCOPAL;LONGUEIL SAINTE MARIE SUPER 4315;141;150
SOCOPAL;LOUVROIL;245;255
SOCOPAL;MAUREPAS SUPER 4492;162;165
SOCOPAL;MERS LES BAINS;71;75
SOCOPAL;MERU;101;105
SOCOPAL;MONTIVILLIERS;88;90
SOCOPAL;NOGENT SUR OISE;123;135
SOCOPAL;NOYELLES GODAULT;199;210
SOCOPAL;NOYON;158;165
SOCOPAL;OSNY;109;120
SOCOPAL;PETITE FORET;214;225
SOCOPAL;ROISSY;155;165
SOCOPAL;RONCQ;240;240
SOCOPAL;SOCOPAL;0;0
SOCOPAL;SOISY;129;135
SOCOPAL;ST OMER;201;210
SOCOPAL;ST QUENTIN;165;165
SOCOPAL;TAVERNY;123;135
SOCOPAL;VAL DE REUIL SUPER 1209;58;60
SOCOPAL;VALENCIENNES;211;225
SOCOPAL;VERNEUIL 1 VERGER SUPER 4981;135;135
SOCOPAL;VILLENEUVE 2;225;225
SOCOPAL;VIRY NOUREUIL;190;195
SOISY;BEAUVAIS;60;60
SOISY;CERGY;22;30
SOISY;CERGY CHRONODRIVE 469;27;30
SOISY;CHRONO COMPIEGNE 4345;81;90
SOISY;DRIVE BEAUVAIS;60;60
SOISY;DRIVE CERGY;22;30
SOISY;DRIVE NOGENT SUR OISE;43;45
SOISY;DRIVE OSNY;26;30
SOISY;DRIVE ROISSY;24;30
SOISY;ENT AMIENS BINAT;131;135
SOISY;ENT AMIENS SAINT SAUVEUR FLEG;128;135
SOISY;ENT AMIENS SAINT SAUVEUR PF;128;135
SOISY;ENT AMIENS SUPER POULAINVILLE PGC;131;135
SOISY;ENT CARVIN FL;210;210
SOISY;ENT CARVIN PF;210;210
SOISY;ENT SAINGHIN1;217;225
SOISY;ENT SERRIS 1;51;60
SOISY;ENT SERRIS 2;58;60
SOISY;ENT V DHL;58;60
SOISY;ENT V GEODIS;58;60
SOISY;FRANQUEVILLE CHRONODRIVE 4475;103;105
SOISY;HERBLAY CHRONODRIVE 444;13;15
SOISY;LE CHESNAY PARLY 2 SUPER 1144;34;45
SOISY;MERU;38;45
SOISY;NOGENT SUR OISE;43;45
SOISY;OSNY;26;30
SOISY;ROISSY;23;30
SOISY;SOISY;0;0
SOISY;TAVERNY;7;15
SOISY;TOMBLAINE;322;330
ST OMER;1186 ST QUENTIN SCHUMANN SUPER;152;165
ST OMER;1267 CALAIS DELAROCHE SUPER;45;45
ST OMER;1297 HARNES SUPER;81;90
ST OMER;ARRAS;75;75
ST OMER;AUCHAN CITY TOURCOING;78;90
ST OMER;BETHUNE;41;45
ST OMER;BOULOGNE;48;60
ST OMER;CALAIS;48;60
ST OMER;CAMBRAI;119;120
ST OMER;CHRONO AVELIN 4361;78;90
ST OMER;CHRONO BONDUES 4703;71;75
ST OMER;CHRONO COUDEKERQUE 4242;37;45
ST OMER;CHRONO CROIX 4154;74;75
ST OMER;CHRONO ELEU DIT LEAUWETTE 4462;64;75
ST OMER;CHRONO HALLENNES 4167;59;60
ST OMER;CHRONO LAMBERSART 4424;64;75
ST OMER;CHRONO MARCQ 4128;70;75
ST OMER;CORMEILLES EN PARISIS CHRONODRIVE 413;270;270
ST OMER;DIEPPE;191;195
ST OMER;DOUAI;91;105
ST OMER;DRIVE BETHUNE;41;45
ST OMER;DRIVE BOULOGNE;51;60
ST OMER;DRIVE CALAIS;45;45
ST OMER;DRIVE CAMBRAI;119;120
ST OMER;DRIVE DOUAI;91;105
ST OMER;DRIVE DUNKERQUE;38;45
ST OMER;DRIVE ENGLOS;59;60
ST OMER;DRIVE LEERS;82;90
ST OMER;DRIVE NOYELLES;77;90
ST OMER;DRIVE PETITE FORET;110;120
ST OMER;DRIVE RONCQ;78;90
ST OMER;DRIVE ST OMER;3;15
ST OMER;DRIVE VALENCIENNES;116;120
ST OMER;DRIVE VILLENEUVE D'ASCQ;69;75
ST OMER;DUNKERQUE;40;45
ST OMER;DURY;180;180
ST OMER;ENGLOS;59;60
ST OMER;ENT AMIENS SAINT SAUVEUR FLEG;168;180
ST OMER;ENT AMIENS SAINT SAUVEUR PF;168;180
ST OMER;ENT AMIENS SUPER POULAINVILLE PGC;108;120
ST OMER;ENT CARVIN FL;87;90
ST OMER;ENT CARVIN PF;87;90
ST OMER;ENT IENA;73;75
ST OMER;ENT IENA1;73;75
ST OMER;ENT IENA2;73;75
ST OMER;ENT V DHL;296;300
ST OMER;FACHES;72;75
ST OMER;HIRSON;178;180
ST OMER;LE HAVRE;294;300
ST OMER;LEERS;82;90
ST OMER;LOUVROIL;150;150
ST OMER;MERS LES BAINS;117;120
ST OMER;MONTIVILLIERS;246;255
ST OMER;NOYELLES GODAULT;78;90
ST OMER;PETITE FORET;110;120
ST OMER;RONCQ;78;90
ST OMER;ST OMER;0;0
ST OMER;ST QUENTIN;138;150
ST OMER;TOMBLAINE;443;450
ST OMER;VALENCIENNES;116;120
ST OMER;VILLENEUVE 2;70;75
ST OMER;VIRY NOUREUIL;177;180
ST QUENTIN;1186 ST QUENTIN SCHUMANN SUPER;5;15
ST QUENTIN;1297 HARNES SUPER;84;90
ST QUENTIN;914 MARQUETTE LES PARTISANS DU GOUT;109;120
ST QUENTIN;ARRAS;73;75
ST QUENTIN;BETHUNE;97;105
ST QUENTIN;BOULOGNE;174;180
ST QUENTIN;CALAIS;179;180
ST QUENTIN;CAMBRAI;48;60
ST QUENTIN;CHRONO AVELIN 4361;94;105
ST QUENTIN;CHRONO BONDUES 4703;115;120
ST QUENTIN;CHRONO COMPIEGNE 4345;80;90
ST QUENTIN;CHRONO COUDEKERQUE 4242;170;180
ST QUENTIN;CHRONO ELEU DIT LEAUWETTE 4462;82;90
ST QUENTIN;CHRONO HALLENNES 4167;112;120
ST QUENTIN;CHRONO VALENCIENNES 4370;74;75
ST QUENTIN;CHRONO WASQUEHAL 4303;111;120
ST QUENTIN;DIEPPE;186;195
ST QUENTIN;DIEPPE;188;195
ST QUENTIN;DOUAI;64;75
ST QUENTIN;DRIVE ARRAS;84;90
ST QUENTIN;DRIVE BETHUNE;97;105
ST QUENTIN;DRIVE CAMBRAI;48;60
ST QUENTIN;DRIVE DOUAI;64;75
ST QUENTIN;DRIVE DURY;77;90
ST QUENTIN;DRIVE LEERS;115;120
ST QUENTIN;DRIVE LOUVROIL;77;90
ST QUENTIN;DRIVE NOGENT SUR OISE;108;120
ST QUENTIN;DRIVE NOYON;50;60
ST QUENTIN;DRIVE PETITE FORET;76;90
ST QUENTIN;DRIVE ST QUENTIN;1;15
ST QUENTIN;DRIVE VALENCIENNES;73;75
ST QUENTIN;DURY;77;90
ST QUENTIN;ENGLOS;113;120
ST QUENTIN;ENT AMIENS BINAT;80;90
ST QUENTIN;ENT AMIENS SAINT SAUVEUR FLEG;86;90
ST QUENTIN;ENT AMIENS SAINT SAUVEUR PF;86;90
ST QUENTIN;ENT AMIENS SUPER POULAINVILLE PGC;81;90
ST QUENTIN;ENT CARVIN FL;87;90
ST QUENTIN;ENT CARVIN PF;87;90
ST QUENTIN;ENT IENA;99;105
ST QUENTIN;ENT SOCOPAL DIEPPE;164;165
ST QUENTIN;FACHES;97;105
ST QUENTIN;HIRSON;71;75
ST QUENTIN;LEERS;115;120
ST QUENTIN;LONGUEIL SAINTE MARIE SUPER 4315;87;90
ST QUENTIN;LOUVROIL;78;90
ST QUENTIN;MERS LES BAINS;157;165
ST QUENTIN;MERU;159;165
ST QUENTIN;MONTIVILLIERS;250;255
ST QUENTIN;NOGENT SUR OISE;108;120
ST QUENTIN;NOYELLES GODAULT;77;90
ST QUENTIN;NOYON;50;60
ST QUENTIN;PETITE FORET;76;90
ST QUENTIN;SOCOPAL;164;165
ST QUENTIN;ST QUENTIN;0;0
ST QUENTIN;TOMBLAINE;307;315
ST QUENTIN;VAL DE REUIL SUPER 1209;226;240
ST QUENTIN;VALENCIENNES;73;75
ST QUENTIN;VILLENEUVE 2;103;105
ST QUENTIN;VIRY NOUREUIL;29;30
STRASBOURG;DIFFERDANGE;231;240
STRASBOURG;DRIVE SCHWEIGHOUSE;38;45
STRASBOURG;ENT CARVIN FL;538;540
STRASBOURG;ENT CARVIN PF;538;540
STRASBOURG;ENT SERRIS 1;456;465
STRASBOURG;ILLKIRCH;10;15
STRASBOURG;STRASBOURG;0;0
TAVERNY;BEAUVAIS;58;60
TAVERNY;CERGY;16;30
TAVERNY;CERGY CHRONODRIVE 469;21;30
TAVERNY;CORMEILLES EN PARISIS CHRONODRIVE 413;16;30
TAVERNY;DRIVE CERGY;16;30
TAVERNY;DRIVE OSNY;19;30
TAVERNY;DRIVE ROISSY;34;45
TAVERNY;DRIVE TAVERNY;0;0
TAVERNY;DURY;113;120
TAVERNY;ENT AMIENS BINAT;126;135
TAVERNY;ENT AMIENS SAINT SAUVEUR FLEG;123;135
TAVERNY;ENT AMIENS SAINT SAUVEUR PF;123;135
TAVERNY;ENT AMIENS SUPER POULAINVILLE PGC;125;135
TAVERNY;ENT SAINGHIN1;227;240
TAVERNY;ENT SERRIS 1;61;75
TAVERNY;ENT SERRIS 2;62;75
TAVERNY;ENT V DHL;59;60
TAVERNY;ENT V GEODIS;60;60
TAVERNY;FRANQUEVILLE CHRONODRIVE 4475;97;105
TAVERNY;HERBLAY CHRONODRIVE 444;6;15
TAVERNY;HOUILLES SUPER 1073;21;30
TAVERNY;LAXOU;331;345
TAVERNY;LES MUREAUX HALLES AUCHAN;37;45
TAVERNY;MAUREPAS SUPER 4492;52;60
TAVERNY;MERU;35;45
TAVERNY;NOGENT SUR OISE;52;60
TAVERNY;NOYON;113;120
TAVERNY;OSNY;19;30
TAVERNY;ROISSY;39;45
TAVERNY;SOISY;10;15
TAVERNY;TAVERNY;0;0
TAVERNY;VAL DE REUIL SUPER 1209;117;120
VALENCIENNES;1186 ST QUENTIN SCHUMANN SUPER;79;90
VALENCIENNES;1267 CALAIS DELAROCHE SUPER;159;165
VALENCIENNES;1297 HARNES SUPER;55;60
VALENCIENNES;914 MARQUETTE LES PARTISANS DU GOUT;56;60
VALENCIENNES;ARRAS;71;75
VALENCIENNES;AUCHAN CITY TOURCOING;61;75
VALENCIENNES;BEAUVAIS;179;180
VALENCIENNES;BETHUNE;84;90
VALENCIENNES;BOULOGNE;161;165
VALENCIENNES;CALAIS;165;165
VALENCIENNES;CAMBRAI;28;30
VALENCIENNES;CHRONO AVELIN 4361;42;45
VALENCIENNES;CHRONO BONDUES 4703;62;75
VALENCIENNES;CHRONO COMPIEGNE 4345;134;135
VALENCIENNES;CHRONO COUDEKERQUE 4242;119;120
VALENCIENNES;CHRONO CROIX 4154;56;60
VALENCIENNES;CHRONO ELEU DIT LEAUWETTE 4462;60;60
VALENCIENNES;CHRONO HALLENNES 4167;61;75
VALENCIENNES;CHRONO LAMBERSART 4424;58;60
VALENCIENNES;CHRONO MARCQ 4128;58;60
VALENCIENNES;CHRONO VALENCIENNES 4370;2;15
VALENCIENNES;CHRONO WASQUEHAL 4303;58;60
VALENCIENNES;DOUAI;42;45
VALENCIENNES;DRIVE ARRAS;80;90
VALENCIENNES;DRIVE BETHUNE;84;90
VALENCIENNES;DRIVE CAMBRAI;28;30
VALENCIENNES;DRIVE DOUAI;42;45
VALENCIENNES;DRIVE DUNKERQUE;126;135
VALENCIENNES;DRIVE DURY;124;135
VALENCIENNES;DRIVE ENGLOS;61;75
VALENCIENNES;DRIVE FACHES;50;60
VALENCIENNES;DRIVE LEERS;59;60
VALENCIENNES;DRIVE LOUVROIL;37;45
VALENCIENNES;DRIVE NOYELLES;52;60
VALENCIENNES;DRIVE PETITE FORET;8;15
VALENCIENNES;DRIVE RONCQ;63;75
VALENCIENNES;DRIVE ST OMER;115;120
VALENCIENNES;DRIVE ST QUENTIN;74;75
VALENCIENNES;DRIVE VALENCIENNES;0;0
VALENCIENNES;DRIVE VILLENEUVE D'ASCQ;47;60
VALENCIENNES;DUNKERQUE;127;135
VALENCIENNES;DURY;124;135
VALENCIENNES;ENGLOS;60;60
VALENCIENNES;ENT AMIENS BINAT;110;120
VALENCIENNES;ENT AMIENS SAINT SAUVEUR FLEG;132;135
VALENCIENNES;ENT AMIENS SAINT SAUVEUR PF;132;135
VALENCIENNES;ENT AMIENS SUPER POULAINVILLE PGC;127;135
VALENCIENNES;ENT CARVIN FL;66;75
VALENCIENNES;ENT CARVIN PF;66;75
VALENCIENNES;ENT IENA;47;60
VALENCIENNES;ENT SAINGHIN1;45;45
VALENCIENNES;ENT V DHL;239;240
VALENCIENNES;FACHES;50;60
VALENCIENNES;HIRSON;80;90
VALENCIENNES;LE HAVRE;306;315
VALENCIENNES;LEERS;59;60
VALENCIENNES;LOUVROIL;38;45
VALENCIENNES;MERU;205;210
VALENCIENNES;NOGENT SUR OISE;163;165
VALENCIENNES;NOYELLES GODAULT;53;60
VALENCIENNES;NOYON;125;135
VALENCIENNES;PETITE FORET;8;15
VALENCIENNES;RONCQ;63;75
VALENCIENNES;ST OMER;115;120
VALENCIENNES;ST QUENTIN;77;90
VALENCIENNES;VALENCIENNES;0;0
VALENCIENNES;VILLENEUVE 2;47;60
VALENCIENNES;VIRY NOUREUIL;104;105
VERNEUIL 1 VERGER SUPER 4981;CERGY;19;30
VERNEUIL 1 VERGER SUPER 4981;ENT AMIENS SAINT SAUVEUR FLEG;140;150
VERNEUIL 1 VERGER SUPER 4981;ENT AMIENS SAINT SAUVEUR PF;140;150
VERNEUIL 1 VERGER SUPER 4981;ENT AMIENS SUPER POULAINVILLE PGC;142;150
VERNEUIL 1 VERGER SUPER 4981;ENT SAINGHIN1;244;255
VERNEUIL 1 VERGER SUPER 4981;LE CHESNAY PARLY 2 SUPER 1144;25;30
VERNEUIL 1 VERGER SUPER 4981;SOISY;36;45
VERNEUIL 1 VERGER SUPER 4981;VERNEUIL 1 VERGER SUPER 4981;0;0
VILLENEUVE 2;1297 HARNES SUPER;28;30
VILLENEUVE 2;4536 LILLE WAZEMMES MY AUCHAN;7;15
VILLENEUVE 2;4926 BILLY BERCLAU SUPER;36;45
VILLENEUVE 2;914 MARQUETTE LES PARTISANS DU GOUT;11;15
VILLENEUVE 2;ARRAS;54;60
VILLENEUVE 2;AUCHAN CITY TOURCOING;16;30
VILLENEUVE 2;BEAUVAIS;193;195
VILLENEUVE 2;BETHUNE;46;60
VILLENEUVE 2;BOULOGNE;118;120
VILLENEUVE 2;CALAIS;121;135
VILLENEUVE 2;CAMBRAI;70;75
VILLENEUVE 2;CHRONO AVELIN 4361;13;15
VILLENEUVE 2;CHRONO BONDUES 4703;15;15
VILLENEUVE 2;CHRONO COMPIEGNE 4345;148;150
VILLENEUVE 2;CHRONO COUDEKERQUE 4242;75;75
VILLENEUVE 2;CHRONO CROIX 4154;10;15
VILLENEUVE 2;CHRONO ELEU DIT LEAUWETTE 4462;39;45
VILLENEUVE 2;CHRONO HALLENNES 4167;18;30
VILLENEUVE 2;CHRONO LAMBERSART 4424;10;15
VILLENEUVE 2;CHRONO MARCQ 4128;11;15
VILLENEUVE 2;CHRONO VALENCIENNES 4370;47;60
VILLENEUVE 2;CHRONO WASQUEHAL 4303;8;15
VILLENEUVE 2;DOUAI;40;45
VILLENEUVE 2;DRIVE BETHUNE;46;60
VILLENEUVE 2;DRIVE CAMBRAI;70;75
VILLENEUVE 2;DRIVE DOUAI;40;45
VILLENEUVE 2;DRIVE DUNKERQUE;82;90
VILLENEUVE 2;DRIVE ENGLOS;16;30
VILLENEUVE 2;DRIVE FACHES;7;15
VILLENEUVE 2;DRIVE LEERS;14;15
VILLENEUVE 2;DRIVE NOYELLES;29;30
VILLENEUVE 2;DRIVE PETITE FORET;42;45
VILLENEUVE 2;DRIVE RONCQ;17;30
VILLENEUVE 2;DRIVE ST OMER;71;75
VILLENEUVE 2;DRIVE VALENCIENNES;49;60
VILLENEUVE 2;DRIVE VILLENEUVE D'ASCQ;1;15
VILLENEUVE 2;DUNKERQUE;83;90
VILLENEUVE 2;DURY;138;150
VILLENEUVE 2;ENGLOS;16;30
VILLENEUVE 2;ENT AMIENS SAINT SAUVEUR FLEG;125;135
VILLENEUVE 2;ENT AMIENS SAINT SAUVEUR PF;125;135
VILLENEUVE 2;ENT AMIENS SUPER POULAINVILLE PGC;121;135
VILLENEUVE 2;ENT CARVIN FL;23;30
VILLENEUVE 2;ENT CARVIN PF;23;30
VILLENEUVE 2;ENT IENA1;6;15
VILLENEUVE 2;ENT IENA2;6;15
VILLENEUVE 2;ENT SOCOPAL DIEPPE;224;225
VILLENEUVE 2;ENT V GEODIS;254;255
VILLENEUVE 2;FACHES;8;15
VILLENEUVE 2;HIRSON;133;135
VILLENEUVE 2;LE HAVRE;299;300
VILLENEUVE 2;LEERS;14;15
VILLENEUVE 2;LOUVROIL;82;90
VILLENEUVE 2;NOGENT SUR OISE;177;180
VILLENEUVE 2;NOYELLES GODAULT;29;30
VILLENEUVE 2;PETITE FORET;42;45
VILLENEUVE 2;RONCQ;17;30
VILLENEUVE 2;SOCOPAL;224;225
VILLENEUVE 2;ST OMER;71;75
VILLENEUVE 2;ST QUENTIN;105;105
VILLENEUVE 2;VALENCIENNES;49;60
VILLENEUVE 2;VILLENEUVE 2;0;0
VILLENEUVE 2;VIRY NOUREUIL;134;135
VIRY NOUREUIL;1186 ST QUENTIN SCHUMANN SUPER;29;30
VIRY NOUREUIL;ARRAS;102;105
VIRY NOUREUIL;BEAUVAIS;104;105
VIRY NOUREUIL;BETHUNE;126;135
VIRY NOUREUIL;CAMBRAI;77;90
VIRY NOUREUIL;CHRONO COMPIEGNE 4345;54;60
VIRY NOUREUIL;CHRONO COUDEKERQUE 4242;199;210
VIRY NOUREUIL;CHRONO CROIX 4154;140;150
VIRY NOUREUIL;CHRONO ELEU DIT LEAUWETTE 4462;111;120
VIRY NOUREUIL;CHRONO MARCQ 4128;138;150
VIRY NOUREUIL;CHRONO VALENCIENNES 4370;103;105
VIRY NOUREUIL;DOUAI;93;105
VIRY NOUREUIL;DRIVE ARRAS;102;105
VIRY NOUREUIL;DRIVE BETHUNE;126;135
VIRY NOUREUIL;DRIVE CAMBRAI;77;90
VIRY NOUREUIL;DRIVE DOUAI;93;105
VIRY NOUREUIL;DRIVE DURY;102;105
VIRY NOUREUIL;DRIVE FACHES;126;135
VIRY NOUREUIL;DRIVE LEERS;144;150
VIRY NOUREUIL;DRIVE LOUVROIL;136;150
VIRY NOUREUIL;DRIVE NOGENT SUR OISE;82;90
VIRY NOUREUIL;DRIVE NOYELLES;104;105
VIRY NOUREUIL;DRIVE NOYON;24;30
VIRY NOUREUIL;DRIVE PETITE FORET;105;105
VIRY NOUREUIL;DRIVE RONCQ;147;150
VIRY NOUREUIL;DRIVE ST QUENTIN;29;30
VIRY NOUREUIL;DRIVE VALENCIENNES;102;105
VIRY NOUREUIL;DURY;103;105
VIRY NOUREUIL;ENGLOS;142;150
VIRY NOUREUIL;ENT AMIENS SAINT SAUVEUR FLEG;111;120
VIRY NOUREUIL;ENT AMIENS SAINT SAUVEUR PF;111;120
VIRY NOUREUIL;ENT AMIENS SUPER POULAINVILLE PGC;106;120
VIRY NOUREUIL;ENT CARVIN FL;116;120
VIRY NOUREUIL;ENT CARVIN PF;116;120
VIRY NOUREUIL;ENT IENA1;128;135
VIRY NOUREUIL;ENT IENA2;128;135
VIRY NOUREUIL;ENT SERRIS 1;128;135
VIRY NOUREUIL;FACHES;126;135
VIRY NOUREUIL;HIRSON;85;90
VIRY NOUREUIL;LEERS;144;150
VIRY NOUREUIL;LOUVROIL;102;105
VIRY NOUREUIL;MERS LES BAINS;182;195
VIRY NOUREUIL;MERU;133;135
VIRY NOUREUIL;NOGENT SUR OISE;83;90
VIRY NOUREUIL;NOYELLES GODAULT;106;120
VIRY NOUREUIL;NOYON;24;30
VIRY NOUREUIL;PETITE FORET;105;105
VIRY NOUREUIL;RONCQ;147;150
VIRY NOUREUIL;ST OMER;165;165
VIRY NOUREUIL;ST QUENTIN;29;30
VIRY NOUREUIL;VALENCIENNES;102;105
VIRY NOUREUIL;VILLENEUVE 2;132;135
VIRY NOUREUIL;VIRY NOUREUIL;0;0
