Zone Entrepôt;Entrepôt de départ;Zone Livraison;Centre Commercial;Lieu de livraison;Marchandise;UT;Jour de chargement
AMS;ENT AMIENS BINAT;AISNE;;1186 ST QUENTIN SCHUMANN SUPER;PGC;1,0;LUNDI
AMS;ENT AMIENS BINAT;LENS;;1297 HARNES SUPER;PGC;3,7;LUNDI
AMS;ENT AMIENS BINAT;LILLE;;4536 LILLE WAZEMMES MY AUCHAN;PGC;1,1;LUNDI
AMS;ENT AMIENS BINAT;LENS;;4926 BILLY BERCLAU SUPER;PGC;2,4;LUNDI
AMS;ENT AMIENS BINAT;LENS;;ARRAS;PGC;9,3;LUNDI
AMS;ENT AMIENS BINAT;LILLE;;AUCHAN CITY TOURCOING;PGC;7,1;LUNDI
AMS;ENT AMIENS BINAT;LENS;;BETHUNE;PGC;12,7;LUNDI
AMS;ENT AMIENS BINAT;COTE OPALE;;BOULOGNE;PGC;10,1;LUNDI
AMS;ENT AMIENS BINAT;COTE OPALE;;CALAIS;PGC;8,7;LUNDI
AMS;ENT AMIENS BINAT;COTE NORMANDE;;CHERBOURG;PGC;13,5;LUNDI
AMS;ENT AMIENS BINAT;LILLE;;CHRONO AVELIN 4361;PGC;9,0;LUNDI
AMS;ENT AMIENS BINAT;COTE OPALE;;CHRONO COUDEKERQUE 4242;PGC;8,1;LUNDI
AMS;ENT AMIENS BINAT;LILLE;;CHRONO CROIX 4154;PGC;7,4;LUNDI
AMS;ENT AMIENS BINAT;LILLE;;CHRONO HALLENNES 4167;PGC;5,3;LUNDI
AMS;ENT AMIENS BINAT;LILLE;;CHRONO MARCQ 4128;PGC;12,7;LUNDI
AMS;ENT AMIENS BINAT;AVESNOIS;;CHRONO VALENCIENNES 4370;PGC;4,2;LUNDI
AMS;ENT AMIENS BINAT;COTE NORMANDE;;DIEPPE;PGC;5,6;LUNDI
AMS;ENT AMIENS BINAT;LENS;;DOUAI;PGC;10,5;LUNDI
AMS;ENT AMIENS BINAT;LENS;;DRIVE ARRAS;PGC;2,4;LUNDI
AMS;ENT AMIENS BINAT;LENS;;DRIVE BETHUNE;PGC;2,5;LUNDI
AMS;ENT AMIENS BINAT;COTE OPALE;;DRIVE BOULOGNE;PGC;5,5;LUNDI
AMS;ENT AMIENS BINAT;COTE OPALE;;DRIVE CALAIS;PGC;3,4;LUNDI
AMS;ENT AMIENS BINAT;LENS;;DRIVE CAMBRAI;PGC;3,8;LUNDI
AMS;ENT AMIENS BINAT;COTE NORMANDE;;DRIVE CHERBOURG;PGC;1,9;LUNDI
AMS;ENT AMIENS BINAT;COTE NORMANDE;;DRIVE DIEPPE;PGC;3,6;LUNDI
AMS;ENT AMIENS BINAT;LENS;;DRIVE DOUAI;PGC;2,3;LUNDI
AMS;ENT AMIENS BINAT;COTE OPALE;;DRIVE DUNKERQUE;PGC;1,8;LUNDI
AMS;ENT AMIENS BINAT;AMIENS;;DRIVE DURY;PGC;3,0;LUNDI
AMS;ENT AMIENS BINAT;LILLE;;DRIVE ENGLOS;PGC;8,1;LUNDI
AMS;ENT AMIENS BINAT;LILLE;;DRIVE FACHES;PGC;6,3;LUNDI
AMS;ENT AMIENS BINAT;COTE NORMANDE;;DRIVE LE HAVRE;PGC;3,9;LUNDI
AMS;ENT AMIENS BINAT;LILLE;;DRIVE LEERS;PGC;4,6;LUNDI
AMS;ENT AMIENS BINAT;AVESNOIS;;DRIVE LOUVROIL;PGC;2,7;LUNDI
AMS;ENT AMIENS BINAT;COTE NORMANDE;;DRIVE MONTIVILLIERS;PGC;5,6;LUNDI
AMS;ENT AMIENS BINAT;OISE;;DRIVE NOGENT SUR OISE;PGC;4,1;LUNDI
AMS;ENT AMIENS BINAT;AISNE;;DRIVE NOYON;PGC;1,3;LUNDI
AMS;ENT AMIENS BINAT;AVESNOIS;;DRIVE PETITE FORET;PGC;2,5;LUNDI
AMS;ENT AMIENS BINAT;LILLE;;DRIVE RONCQ;PGC;7,1;LUNDI
AMS;ENT AMIENS BINAT;COTE OPALE;;DRIVE ST OMER;PGC;5,7;LUNDI
AMS;ENT AMIENS BINAT;AISNE;;DRIVE ST QUENTIN;PGC;1,3;LUNDI
AMS;ENT AMIENS BINAT;LILLE;;DRIVE VILLENEUVE D'ASCQ;PGC;1,3;LUNDI
AMS;ENT AMIENS BINAT;COTE OPALE;;DUNKERQUE;PGC;17,0;LUNDI
AMS;ENT AMIENS BINAT;AMIENS;;DURY;PGC;13,7;LUNDI
AMS;ENT AMIENS BINAT;LILLE;;ENGLOS;PGC;9,2;LUNDI
AMS;ENT AMIENS BINAT;LILLE;;FACHES;PGC;9,6;LUNDI
AMS;ENT AMIENS BINAT;AVESNOIS;;HIRSON;PGC;7,7;LUNDI
AMS;ENT AMIENS BINAT;COTE NORMANDE;;LE HAVRE;PGC;13,6;LUNDI
AMS;ENT AMIENS BINAT;LILLE;;LEERS;PGC;25,1;LUNDI
AMS;ENT AMIENS BINAT;OISE;;LONGUEIL SAINTE MARIE SUPER 4315;PGC;2,0;LUNDI
AMS;ENT AMIENS BINAT;AVESNOIS;;LOUVROIL;PGC;25,6;LUNDI
AMS;ENT AMIENS BINAT;COTE NORMANDE;;MERS LES BAINS;PGC;9,7;LUNDI
AMS;ENT AMIENS BINAT;OISE;;MERU;PGC;12,3;LUNDI
AMS;ENT AMIENS BINAT;COTE NORMANDE;;MONTIVILLIERS;PGC;7,9;LUNDI
AMS;ENT AMIENS BINAT;OISE;;NOGENT SUR OISE;PGC;6,8;LUNDI
AMS;ENT AMIENS BINAT;LENS;;NOYELLES GODAULT;PGC;22,0;LUNDI
AMS;ENT AMIENS BINAT;AISNE;;NOYON;PGC;10,6;LUNDI
AMS;ENT AMIENS BINAT;AVESNOIS;;PETITE FORET;PGC;11,5;LUNDI
AMS;ENT AMIENS BINAT;LILLE;;RONCQ;PGC;27,3;LUNDI
AMS;ENT AMIENS BINAT;COTE OPALE;;ST OMER;PGC;13,6;LUNDI
AMS;ENT AMIENS BINAT;AISNE;;ST QUENTIN;PGC;5,9;LUNDI
AMS;ENT AMIENS BINAT;ROUEN;;VAL DE REUIL SUPER 1209;PGC;0,1;LUNDI
AMS;ENT AMIENS BINAT;AVESNOIS;;VALENCIENNES;PGC;3,8;LUNDI
AMS;ENT AMIENS BINAT;LILLE;;VILLENEUVE 2;PGC;9,1;LUNDI
AMS;ENT AMIENS BINAT;AISNE;;VIRY NOUREUIL;PGC;9,5;LUNDI
SAU;ENT AMIENS SAINT SAUVEUR FLEG;ROUEN;;4313 CANTELEU SUPER;FLEG;1,6;LUNDI
SAU;ENT AMIENS SAINT SAUVEUR FLEG;COTE OPALE;;4977 RUE SUPER;FLEG;1,5;LUNDI
SAU;ENT AMIENS SAINT SAUVEUR FLEG;OISE;;BEAUVAIS;FLEG;8,9;LUNDI
SAU;ENT AMIENS SAINT SAUVEUR FLEG;CAEN;;CAEN CHRONO 352;FLEG;2,0;LUNDI
SAU;ENT AMIENS SAINT SAUVEUR FLEG;IDF;;CERGY;FLEG;14,5;LUNDI
SAU;ENT AMIENS SAINT SAUVEUR FLEG;IDF;;CERGY CHRONODRIVE 469;FLEG;2,3;LUNDI
SAU;ENT AMIENS SAINT SAUVEUR FLEG;COTE NORMANDE;;CHERBOURG;FLEG;8,1;LUNDI
SAU;ENT AMIENS SAINT SAUVEUR FLEG;OISE;;CHRONO COMPIEGNE 4345;FLEG;2,8;LUNDI
SAU;ENT AMIENS SAINT SAUVEUR FLEG;IDF;;CORMEILLES EN PARISIS CHRONODRIVE 413;FLEG;2,8;LUNDI
SAU;ENT AMIENS SAINT SAUVEUR FLEG;COTE NORMANDE;;DIEPPE;FLEG;7,8;LUNDI
SAU;ENT AMIENS SAINT SAUVEUR FLEG;OISE;;DRIVE BEAUVAIS;FLEG;1,9;LUNDI
SAU;ENT AMIENS SAINT SAUVEUR FLEG;IDF;;DRIVE CERGY;FLEG;2,8;LUNDI
SAU;ENT AMIENS SAINT SAUVEUR FLEG;COTE NORMANDE;;DRIVE CHERBOURG;FLEG;2,0;LUNDI
SAU;ENT AMIENS SAINT SAUVEUR FLEG;COTE NORMANDE;;DRIVE DIEPPE;FLEG;2,8;LUNDI
SAU;ENT AMIENS SAINT SAUVEUR FLEG;AMIENS;;DRIVE DURY;FLEG;6,1;LUNDI
SAU;ENT AMIENS SAINT SAUVEUR FLEG;COTE NORMANDE;;DRIVE LE HAVRE;FLEG;4,9;LUNDI
SAU;ENT AMIENS SAINT SAUVEUR FLEG;COTE NORMANDE;;DRIVE MONTIVILLIERS;FLEG;4,5;LUNDI
SAU;ENT AMIENS SAINT SAUVEUR FLEG;OISE;;DRIVE NOGENT SUR OISE;FLEG;2,0;LUNDI
SAU;ENT AMIENS SAINT SAUVEUR FLEG;AISNE;;DRIVE NOYON;FLEG;2,0;LUNDI
SAU;ENT AMIENS SAINT SAUVEUR FLEG;IDF;;DRIVE OSNY;FLEG;1,9;LUNDI
SAU;ENT AMIENS SAINT SAUVEUR FLEG;IDF;;DRIVE ROISSY;FLEG;2,3;LUNDI
SAU;ENT AMIENS SAINT SAUVEUR FLEG;IDF;;DRIVE TAVERNY;FLEG;2,9;LUNDI
SAU;ENT AMIENS SAINT SAUVEUR FLEG;AMIENS;;DURY;FLEG;12,0;LUNDI
SAU;ENT AMIENS SAINT SAUVEUR FLEG;ROUEN;;FRANQUEVILLE CHRONODRIVE 4475;FLEG;1,5;LUNDI
SAU;ENT AMIENS SAINT SAUVEUR FLEG;IDF;;HERBLAY CHRONODRIVE 444;FLEG;1,5;LUNDI
SAU;ENT AMIENS SAINT SAUVEUR FLEG;IDF;;HOUILLES SUPER 1073;FLEG;5,3;LUNDI
SAU;ENT AMIENS SAINT SAUVEUR FLEG;COTE NORMANDE;;LE HAVRE;FLEG;15,8;LUNDI
SAU;ENT AMIENS SAINT SAUVEUR FLEG;IDF;;LES MUREAUX HALLES AUCHAN;FLEG;4,1;LUNDI
SAU;ENT AMIENS SAINT SAUVEUR FLEG;OISE;;LONGUEIL SAINTE MARIE SUPER 4315;FLEG;2,0;LUNDI
SAU;ENT AMIENS SAINT SAUVEUR FLEG;COTE NORMANDE;;MERS LES BAINS;FLEG;9,5;LUNDI
SAU;ENT AMIENS SAINT SAUVEUR FLEG;OISE;;MERU;FLEG;6,9;LUNDI
SAU;ENT AMIENS SAINT SAUVEUR FLEG;COTE NORMANDE;;MONTIVILLIERS;FLEG;12,8;LUNDI
SAU;ENT AMIENS SAINT SAUVEUR FLEG;OISE;;NOGENT SUR OISE;FLEG;6,3;LUNDI
SAU;ENT AMIENS SAINT SAUVEUR FLEG;AISNE;;NOYON;FLEG;7,2;LUNDI
SAU;ENT AMIENS SAINT SAUVEUR FLEG;IDF;;OSNY;FLEG;9,1;LUNDI
SAU;ENT AMIENS SAINT SAUVEUR FLEG;IDF;;ROISSY;FLEG;4,1;LUNDI
SAU;ENT AMIENS SAINT SAUVEUR FLEG;IDF;;SOISY;FLEG;14,1;LUNDI
SAU;ENT AMIENS SAINT SAUVEUR FLEG;IDF;;TAVERNY;FLEG;13,3;LUNDI
SAU;ENT AMIENS SAINT SAUVEUR FLEG;ROUEN;;VAL DE REUIL SUPER 1209;FLEG;3,0;LUNDI
SAU;ENT AMIENS SAINT SAUVEUR PF;ROUEN;;4313 CANTELEU SUPER;PF;4,5;LUNDI
SAU;ENT AMIENS SAINT SAUVEUR PF;COTE OPALE;;4977 RUE SUPER;PF;3,0;LUNDI
SAU;ENT AMIENS SAINT SAUVEUR PF;OISE;;BEAUVAIS;PF;20,7;LUNDI
SAU;ENT AMIENS SAINT SAUVEUR PF;CAEN;;CAEN CHRONO 352;PF;3,0;LUNDI
SAU;ENT AMIENS SAINT SAUVEUR PF;COTE NORMANDE;;CHERBOURG;PF;14,7;LUNDI
SAU;ENT AMIENS SAINT SAUVEUR PF;OISE;;CHRONO COMPIEGNE 4345;PF;6,0;LUNDI
SAU;ENT AMIENS SAINT SAUVEUR PF;COTE NORMANDE;;DIEPPE;PF;21,2;LUNDI
SAU;ENT AMIENS SAINT SAUVEUR PF;OISE;;DRIVE BEAUVAIS;PF;4,8;LUNDI
SAU;ENT AMIENS SAINT SAUVEUR PF;COTE NORMANDE;;DRIVE CHERBOURG;PF;3,3;LUNDI
SAU;ENT AMIENS SAINT SAUVEUR PF;COTE NORMANDE;;DRIVE DIEPPE;PF;6,0;LUNDI
SAU;ENT AMIENS SAINT SAUVEUR PF;AMIENS;;DRIVE DURY;PF;11,3;LUNDI
SAU;ENT AMIENS SAINT SAUVEUR PF;COTE NORMANDE;;DRIVE LE HAVRE;PF;9,3;LUNDI
SAU;ENT AMIENS SAINT SAUVEUR PF;COTE NORMANDE;;DRIVE MONTIVILLIERS;PF;9,8;LUNDI
SAU;ENT AMIENS SAINT SAUVEUR PF;AISNE;;DRIVE NOYON;PF;3,3;LUNDI
SAU;ENT AMIENS SAINT SAUVEUR PF;AMIENS;;DURY;PF;25,4;LUNDI
SAU;ENT AMIENS SAINT SAUVEUR PF;ROUEN;;FRANQUEVILLE CHRONODRIVE 4475;PF;3,5;LUNDI
SAU;ENT AMIENS SAINT SAUVEUR PF;COTE NORMANDE;;LE HAVRE;PF;28,5;LUNDI
SAU;ENT AMIENS SAINT SAUVEUR PF;OISE;;LONGUEIL SAINTE MARIE SUPER 4315;PF;2,3;LUNDI
SAU;ENT AMIENS SAINT SAUVEUR PF;COTE NORMANDE;;MERS LES BAINS;PF;14,8;LUNDI
SAU;ENT AMIENS SAINT SAUVEUR PF;COTE NORMANDE;;MONTIVILLIERS;PF;27,6;LUNDI
SAU;ENT AMIENS SAINT SAUVEUR PF;AISNE;;NOYON;PF;17,6;LUNDI
SAU;ENT AMIENS SAINT SAUVEUR PF;ROUEN;;VAL DE REUIL SUPER 1209;PF;1,3;LUNDI
AMS;ENT AMIENS SUPER POULAINVILLE PGC;AISNE;;1186 ST QUENTIN SCHUMANN SUPER;PGC;10,7;LUNDI
AMS;ENT AMIENS SUPER POULAINVILLE PGC;LENS;;1297 HARNES SUPER;PGC;3,3;LUNDI
AMS;ENT AMIENS SUPER POULAINVILLE PGC;LILLE;;4536 LILLE WAZEMMES MY AUCHAN;PGC;1,6;LUNDI
AMS;ENT AMIENS SUPER POULAINVILLE PGC;LENS;;4926 BILLY BERCLAU SUPER;PGC;3,0;LUNDI
AMS;ENT AMIENS SUPER POULAINVILLE PGC;LENS;;ARRAS;PGC;14,5;LUNDI
AMS;ENT AMIENS SUPER POULAINVILLE PGC;LILLE;;AUCHAN CITY TOURCOING;PGC;6,8;LUNDI
AMS;ENT AMIENS SUPER POULAINVILLE PGC;LENS;;BETHUNE;PGC;15,8;LUNDI
AMS;ENT AMIENS SUPER POULAINVILLE PGC;COTE OPALE;;BOULOGNE;PGC;50,7;LUNDI
AMS;ENT AMIENS SUPER POULAINVILLE PGC;COTE OPALE;;CALAIS;PGC;14,6;LUNDI
AMS;ENT AMIENS SUPER POULAINVILLE PGC;COTE NORMANDE;;CHERBOURG;PGC;17,7;LUNDI
AMS;ENT AMIENS SUPER POULAINVILLE PGC;LILLE;;CHRONO AVELIN 4361;PGC;3,6;LUNDI
AMS;ENT AMIENS SUPER POULAINVILLE PGC;COTE OPALE;;CHRONO COUDEKERQUE 4242;PGC;3,8;LUNDI
AMS;ENT AMIENS SUPER POULAINVILLE PGC;LILLE;;CHRONO CROIX 4154;PGC;3,9;LUNDI
AMS;ENT AMIENS SUPER POULAINVILLE PGC;LILLE;;CHRONO HALLENNES 4167;PGC;4,4;LUNDI
AMS;ENT AMIENS SUPER POULAINVILLE PGC;LILLE;;CHRONO MARCQ 4128;PGC;3,6;LUNDI
AMS;ENT AMIENS SUPER POULAINVILLE PGC;AVESNOIS;;CHRONO VALENCIENNES 4370;PGC;3,1;LUNDI
AMS;ENT AMIENS SUPER POULAINVILLE PGC;COTE NORMANDE;;DIEPPE;PGC;21,4;LUNDI
AMS;ENT AMIENS SUPER POULAINVILLE PGC;LENS;;DOUAI;PGC;17,4;LUNDI
AMS;ENT AMIENS SUPER POULAINVILLE PGC;LENS;;DRIVE ARRAS;PGC;3,0;LUNDI
AMS;ENT AMIENS SUPER POULAINVILLE PGC;LENS;;DRIVE BETHUNE;PGC;2,5;LUNDI
AMS;ENT AMIENS SUPER POULAINVILLE PGC;COTE OPALE;;DRIVE BOULOGNE;PGC;16,4;LUNDI
AMS;ENT AMIENS SUPER POULAINVILLE PGC;COTE OPALE;;DRIVE CALAIS;PGC;4,1;LUNDI
AMS;ENT AMIENS SUPER POULAINVILLE PGC;LENS;;DRIVE CAMBRAI;PGC;3,7;LUNDI
AMS;ENT AMIENS SUPER POULAINVILLE PGC;COTE NORMANDE;;DRIVE CHERBOURG;PGC;4,0;LUNDI
AMS;ENT AMIENS SUPER POULAINVILLE PGC;COTE NORMANDE;;DRIVE DIEPPE;PGC;8,5;LUNDI
AMS;ENT AMIENS SUPER POULAINVILLE PGC;LENS;;DRIVE DOUAI;PGC;2,4;LUNDI
AMS;ENT AMIENS SUPER POULAINVILLE PGC;COTE OPALE;;DRIVE DUNKERQUE;PGC;2,6;LUNDI
AMS;ENT AMIENS SUPER POULAINVILLE PGC;AMIENS;;DRIVE DURY;PGC;14,0;LUNDI
AMS;ENT AMIENS SUPER POULAINVILLE PGC;LILLE;;DRIVE ENGLOS;PGC;4,8;LUNDI
AMS;ENT AMIENS SUPER POULAINVILLE PGC;LILLE;;DRIVE FACHES;PGC;2,9;LUNDI
AMS;ENT AMIENS SUPER POULAINVILLE PGC;COTE NORMANDE;;DRIVE LE HAVRE;PGC;8,6;LUNDI
AMS;ENT AMIENS SUPER POULAINVILLE PGC;LILLE;;DRIVE LEERS;PGC;3,0;LUNDI
AMS;ENT AMIENS SUPER POULAINVILLE PGC;AVESNOIS;;DRIVE LOUVROIL;PGC;3,1;LUNDI
AMS;ENT AMIENS SUPER POULAINVILLE PGC;COTE NORMANDE;;DRIVE MONTIVILLIERS;PGC;17,0;LUNDI
AMS;ENT AMIENS SUPER POULAINVILLE PGC;OISE;;DRIVE NOGENT SUR OISE;PGC;8,0;LUNDI
AMS;ENT AMIENS SUPER POULAINVILLE PGC;AISNE;;DRIVE NOYON;PGC;5,3;LUNDI
AMS;ENT AMIENS SUPER POULAINVILLE PGC;AVESNOIS;;DRIVE PETITE FORET;PGC;2,8;LUNDI
AMS;ENT AMIENS SUPER POULAINVILLE PGC;LILLE;;DRIVE RONCQ;PGC;5,0;LUNDI
AMS;ENT AMIENS SUPER POULAINVILLE PGC;COTE OPALE;;DRIVE ST OMER;PGC;4,0;LUNDI
AMS;ENT AMIENS SUPER POULAINVILLE PGC;AISNE;;DRIVE ST QUENTIN;PGC;7,4;LUNDI
AMS;ENT AMIENS SUPER POULAINVILLE PGC;LILLE;;DRIVE VILLENEUVE D'ASCQ;PGC;3,9;LUNDI
AMS;ENT AMIENS SUPER POULAINVILLE PGC;COTE OPALE;;DUNKERQUE;PGC;24,6;LUNDI
AMS;ENT AMIENS SUPER POULAINVILLE PGC;AMIENS;;DURY;PGC;37,2;LUNDI
AMS;ENT AMIENS SUPER POULAINVILLE PGC;LILLE;;ENGLOS;PGC;38,0;LUNDI
AMS;ENT AMIENS SUPER POULAINVILLE PGC;LILLE;;FACHES;PGC;31,0;LUNDI
AMS;ENT AMIENS SUPER POULAINVILLE PGC;AVESNOIS;;HIRSON;PGC;14,5;LUNDI
AMS;ENT AMIENS SUPER POULAINVILLE PGC;COTE NORMANDE;;LE HAVRE;PGC;51,9;LUNDI
AMS;ENT AMIENS SUPER POULAINVILLE PGC;LILLE;;LEERS;PGC;30,8;LUNDI
AMS;ENT AMIENS SUPER POULAINVILLE PGC;OISE;;LONGUEIL SAINTE MARIE SUPER 4315;PGC;5,5;LUNDI
AMS;ENT AMIENS SUPER POULAINVILLE PGC;AVESNOIS;;LOUVROIL;PGC;25,6;LUNDI
AMS;ENT AMIENS SUPER POULAINVILLE PGC;COTE NORMANDE;;MERS LES BAINS;PGC;31,1;LUNDI
AMS;ENT AMIENS SUPER POULAINVILLE PGC;OISE;;MERU;PGC;26,2;LUNDI
AMS;ENT AMIENS SUPER POULAINVILLE PGC;COTE NORMANDE;;MONTIVILLIERS;PGC;51,5;LUNDI
AMS;ENT AMIENS SUPER POULAINVILLE PGC;OISE;;NOGENT SUR OISE;PGC;28,3;LUNDI
AMS;ENT AMIENS SUPER POULAINVILLE PGC;LENS;;NOYELLES GODAULT;PGC;14,9;LUNDI
AMS;ENT AMIENS SUPER POULAINVILLE PGC;AISNE;;NOYON;PGC;27,3;LUNDI
AMS;ENT AMIENS SUPER POULAINVILLE PGC;AVESNOIS;;PETITE FORET;PGC;21,9;LUNDI
AMS;ENT AMIENS SUPER POULAINVILLE PGC;LILLE;;RONCQ;PGC;33,4;LUNDI
AMS;ENT AMIENS SUPER POULAINVILLE PGC;COTE OPALE;;ST OMER;PGC;19,4;LUNDI
AMS;ENT AMIENS SUPER POULAINVILLE PGC;AISNE;;ST QUENTIN;PGC;17,0;LUNDI
AMS;ENT AMIENS SUPER POULAINVILLE PGC;AVESNOIS;;VALENCIENNES;PGC;7,5;LUNDI
AMS;ENT AMIENS SUPER POULAINVILLE PGC;LILLE;;VILLENEUVE 2;PGC;20,4;LUNDI
AMS;ENT AMIENS SUPER POULAINVILLE PGC;AISNE;;VIRY NOUREUIL;PGC;21,8;LUNDI
CAR;ENT CARVIN FL;AISNE;;1186 ST QUENTIN SCHUMANN SUPER;FLEG;2,0;LUNDI
CAR;ENT CARVIN FL;COTE OPALE;;1267 CALAIS DELAROCHE SUPER;FLEG;2,0;LUNDI
CAR;ENT CARVIN FL;LENS;;1297 HARNES SUPER;FLEG;2,0;LUNDI
CAR;ENT CARVIN FL;LILLE;;4536 LILLE WAZEMMES MY AUCHAN;FLEG;2,0;LUNDI
CAR;ENT CARVIN FL;LENS;;4926 BILLY BERCLAU SUPER;FLEG;1,7;LUNDI
CAR;ENT CARVIN FL;LENS;;ARRAS;FLEG;8,4;LUNDI
CAR;ENT CARVIN FL;LILLE;;AUCHAN CITY TOURCOING;FLEG;5,7;LUNDI
CAR;ENT CARVIN FL;LENS;;BETHUNE;FLEG;10,5;LUNDI
CAR;ENT CARVIN FL;COTE OPALE;;BOULOGNE;FLEG;11,5;LUNDI
CAR;ENT CARVIN FL;COTE OPALE;;CALAIS;FLEG;13,0;LUNDI
CAR;ENT CARVIN FL;LENS;;CAMBRAI;FLEG;8,8;LUNDI
CAR;ENT CARVIN FL;LILLE;;CHRONO AVELIN 4361;FLEG;2,8;LUNDI
CAR;ENT CARVIN FL;LILLE;;CHRONO BONDUES 4703;FLEG;3,5;LUNDI
CAR;ENT CARVIN FL;COTE OPALE;;CHRONO COUDEKERQUE 4242;FLEG;2,5;LUNDI
CAR;ENT CARVIN FL;LILLE;;CHRONO CROIX 4154;FLEG;3,0;LUNDI
CAR;ENT CARVIN FL;LENS;;CHRONO ELEU DIT LEAUWETTE 4462;FLEG;2,0;LUNDI
CAR;ENT CARVIN FL;LILLE;;CHRONO HALLENNES 4167;FLEG;3,0;LUNDI
CAR;ENT CARVIN FL;LILLE;;CHRONO LAMBERSART 4424;FLEG;3,5;LUNDI
CAR;ENT CARVIN FL;LILLE;;CHRONO MARCQ 4128;FLEG;4,5;LUNDI
CAR;ENT CARVIN FL;AVESNOIS;;CHRONO VALENCIENNES 4370;FLEG;1,8;LUNDI
CAR;ENT CARVIN FL;LILLE;;CHRONO WASQUEHAL 4303;FLEG;2,3;LUNDI
CAR;ENT CARVIN FL;LENS;;DOUAI;FLEG;9,1;LUNDI
CAR;ENT CARVIN FL;LENS;;DRIVE ARRAS;FLEG;3,8;LUNDI
CAR;ENT CARVIN FL;LENS;;DRIVE BETHUNE;FLEG;3,8;LUNDI
CAR;ENT CARVIN FL;COTE OPALE;;DRIVE BOULOGNE;FLEG;4,1;LUNDI
CAR;ENT CARVIN FL;COTE OPALE;;DRIVE CALAIS;FLEG;3,4;LUNDI
CAR;ENT CARVIN FL;LENS;;DRIVE CAMBRAI;FLEG;5,4;LUNDI
CAR;ENT CARVIN FL;LENS;;DRIVE DOUAI;FLEG;3,5;LUNDI
CAR;ENT CARVIN FL;COTE OPALE;;DRIVE DUNKERQUE;FLEG;3,1;LUNDI
CAR;ENT CARVIN FL;LILLE;;DRIVE ENGLOS;FLEG;5,0;LUNDI
CAR;ENT CARVIN FL;LILLE;;DRIVE FACHES;FLEG;3,1;LUNDI
CAR;ENT CARVIN FL;LILLE;;DRIVE LEERS;FLEG;5,9;LUNDI
CAR;ENT CARVIN FL;AVESNOIS;;DRIVE LOUVROIL;FLEG;4,8;LUNDI
CAR;ENT CARVIN FL;LENS;;DRIVE NOYELLES;FLEG;3,5;LUNDI
CAR;ENT CARVIN FL;AVESNOIS;;DRIVE PETITE FORET;FLEG;3,5;LUNDI
CAR;ENT CARVIN FL;LILLE;;DRIVE RONCQ;FLEG;6,1;LUNDI
CAR;ENT CARVIN FL;COTE OPALE;;DRIVE ST OMER;FLEG;4,3;LUNDI
CAR;ENT CARVIN FL;AISNE;;DRIVE ST QUENTIN;FLEG;2,4;LUNDI
CAR;ENT CARVIN FL;AVESNOIS;;DRIVE VALENCIENNES;FLEG;3,0;LUNDI
CAR;ENT CARVIN FL;LILLE;;DRIVE VILLENEUVE D'ASCQ;FLEG;3,9;LUNDI
CAR;ENT CARVIN FL;COTE OPALE;;DUNKERQUE;FLEG;12,3;LUNDI
CAR;ENT CARVIN FL;LILLE;;ENGLOS;FLEG;13,1;LUNDI
CAR;ENT CARVIN FL;LILLE;;FACHES;FLEG;16,0;LUNDI
CAR;ENT CARVIN FL;AVESNOIS;;HIRSON;FLEG;7,0;LUNDI
CAR;ENT CARVIN FL;LILLE;;LEERS;FLEG;14,1;LUNDI
CAR;ENT CARVIN FL;AVESNOIS;;LOUVROIL;FLEG;18,2;LUNDI
CAR;ENT CARVIN FL;LENS;;NOYELLES GODAULT;FLEG;11,1;LUNDI
CAR;ENT CARVIN FL;AVESNOIS;;PETITE FORET;FLEG;12,6;LUNDI
CAR;ENT CARVIN FL;LILLE;;RONCQ;FLEG;23,4;LUNDI
CAR;ENT CARVIN FL;COTE OPALE;;ST OMER;FLEG;11,8;LUNDI
CAR;ENT CARVIN FL;AISNE;;ST QUENTIN;FLEG;8,0;LUNDI
CAR;ENT CARVIN FL;AVESNOIS;;VALENCIENNES;FLEG;6,7;LUNDI
CAR;ENT CARVIN FL;LILLE;;VILLENEUVE 2;FLEG;14,2;LUNDI
CAR;ENT CARVIN FL;AISNE;;VIRY NOUREUIL;FLEG;7,0;LUNDI
CAR;ENT CARVIN PF;AISNE;;1186 ST QUENTIN SCHUMANN SUPER;PF;5,5;LUNDI
CAR;ENT CARVIN PF;COTE OPALE;;1267 CALAIS DELAROCHE SUPER;PF;5,8;LUNDI
CAR;ENT CARVIN PF;LENS;;1297 HARNES SUPER;PF;5,8;LUNDI
CAR;ENT CARVIN PF;LILLE;;4536 LILLE WAZEMMES MY AUCHAN;PF;5,8;LUNDI
CAR;ENT CARVIN PF;LENS;;4926 BILLY BERCLAU SUPER;PF;4,8;LUNDI
CAR;ENT CARVIN PF;LILLE;;914 MARQUETTE LES PARTISANS DU GOUT;PF;4,3;LUNDI
CAR;ENT CARVIN PF;LENS;;ARRAS;PF;30,8;LUNDI
CAR;ENT CARVIN PF;LILLE;;AUCHAN CITY TOURCOING;PF;13,6;LUNDI
CAR;ENT CARVIN PF;LENS;;BETHUNE;PF;29,2;LUNDI
CAR;ENT CARVIN PF;COTE OPALE;;BOULOGNE;PF;32,9;LUNDI
CAR;ENT CARVIN PF;COTE OPALE;;CALAIS;PF;38,1;LUNDI
CAR;ENT CARVIN PF;LENS;;CAMBRAI;PF;26,1;LUNDI
CAR;ENT CARVIN PF;LILLE;;CHRONO AVELIN 4361;PF;7,0;LUNDI
CAR;ENT CARVIN PF;LILLE;;CHRONO BONDUES 4703;PF;9,3;LUNDI
CAR;ENT CARVIN PF;COTE OPALE;;CHRONO COUDEKERQUE 4242;PF;7,0;LUNDI
CAR;ENT CARVIN PF;LILLE;;CHRONO CROIX 4154;PF;9,5;LUNDI
CAR;ENT CARVIN PF;LENS;;CHRONO ELEU DIT LEAUWETTE 4462;PF;5,8;LUNDI
CAR;ENT CARVIN PF;LILLE;;CHRONO HALLENNES 4167;PF;9,9;LUNDI
CAR;ENT CARVIN PF;LILLE;;CHRONO LAMBERSART 4424;PF;9,4;LUNDI
CAR;ENT CARVIN PF;LILLE;;CHRONO MARCQ 4128;PF;11,5;LUNDI
CAR;ENT CARVIN PF;AVESNOIS;;CHRONO VALENCIENNES 4370;PF;6,0;LUNDI
CAR;ENT CARVIN PF;LILLE;;CHRONO WASQUEHAL 4303;PF;7,8;LUNDI
CAR;ENT CARVIN PF;LENS;;DOUAI;PF;31,2;LUNDI
CAR;ENT CARVIN PF;LENS;;DRIVE ARRAS;PF;7,8;LUNDI
CAR;ENT CARVIN PF;LENS;;DRIVE BETHUNE;PF;8,0;LUNDI
CAR;ENT CARVIN PF;COTE OPALE;;DRIVE BOULOGNE;PF;10,0;LUNDI
CAR;ENT CARVIN PF;COTE OPALE;;DRIVE CALAIS;PF;12,6;LUNDI
CAR;ENT CARVIN PF;LENS;;DRIVE CAMBRAI;PF;7,8;LUNDI
CAR;ENT CARVIN PF;LENS;;DRIVE DOUAI;PF;6,8;LUNDI
CAR;ENT CARVIN PF;COTE OPALE;;DRIVE DUNKERQUE;PF;7,5;LUNDI
CAR;ENT CARVIN PF;LILLE;;DRIVE ENGLOS;PF;14,0;LUNDI
CAR;ENT CARVIN PF;LILLE;;DRIVE FACHES;PF;8,0;LUNDI
CAR;ENT CARVIN PF;LILLE;;DRIVE LEERS;PF;15,0;LUNDI
CAR;ENT CARVIN PF;AVESNOIS;;DRIVE LOUVROIL;PF;10,0;LUNDI
CAR;ENT CARVIN PF;LENS;;DRIVE NOYELLES;PF;8,3;LUNDI
CAR;ENT CARVIN PF;AVESNOIS;;DRIVE PETITE FORET;PF;5,5;LUNDI
CAR;ENT CARVIN PF;LILLE;;DRIVE RONCQ;PF;13,3;LUNDI
CAR;ENT CARVIN PF;COTE OPALE;;DRIVE ST OMER;PF;8,5;LUNDI
CAR;ENT CARVIN PF;AISNE;;DRIVE ST QUENTIN;PF;5,5;LUNDI
CAR;ENT CARVIN PF;AVESNOIS;;DRIVE VALENCIENNES;PF;6,0;LUNDI
CAR;ENT CARVIN PF;LILLE;;DRIVE VILLENEUVE D'ASCQ;PF;6,3;LUNDI
CAR;ENT CARVIN PF;COTE OPALE;;DUNKERQUE;PF;41,5;LUNDI
CAR;ENT CARVIN PF;LILLE;;ENGLOS;PF;43,5;LUNDI
CAR;ENT CARVIN PF;LILLE;;FACHES;PF;46,4;LUNDI
CAR;ENT CARVIN PF;AVESNOIS;;HIRSON;PF;18,0;LUNDI
CAR;ENT CARVIN PF;LILLE;;LEERS;PF;49,6;LUNDI
CAR;ENT CARVIN PF;AVESNOIS;;LOUVROIL;PF;42,7;LUNDI
CAR;ENT CARVIN PF;LENS;;NOYELLES GODAULT;PF;31,5;LUNDI
CAR;ENT CARVIN PF;AVESNOIS;;PETITE FORET;PF;31,3;LUNDI
CAR;ENT CARVIN PF;LILLE;;RONCQ;PF;55,6;LUNDI
CAR;ENT CARVIN PF;COTE OPALE;;ST OMER;PF;40,3;LUNDI
CAR;ENT CARVIN PF;AISNE;;ST QUENTIN;PF;22,6;LUNDI
CAR;ENT CARVIN PF;AVESNOIS;;VALENCIENNES;PF;18,3;LUNDI
CAR;ENT CARVIN PF;LILLE;;VILLENEUVE 2;PF;35,1;LUNDI
CAR;ENT CARVIN PF;AISNE;;VIRY NOUREUIL;PF;20,0;LUNDI
LSQ;ENT ID LOGISTICS BREBIERES;LENS;;ARRAS;PGC;1,7;LUNDI
LSQ;ENT ID LOGISTICS BREBIERES;EST;;AUCHAN LUXEMBOURG SUPPLY;PGC;21,0;LUNDI
LSQ;ENT ID LOGISTICS BREBIERES;LENS;;BETHUNE;PGC;3,5;LUNDI
LSQ;ENT ID LOGISTICS BREBIERES;COTE OPALE;;BOULOGNE;PGC;3,6;LUNDI
LSQ;ENT ID LOGISTICS BREBIERES;COTE OPALE;;CALAIS;PGC;1,5;LUNDI
LSQ;ENT ID LOGISTICS BREBIERES;COTE NORMANDE;;CHERBOURG;PGC;2,5;LUNDI
LSQ;ENT ID LOGISTICS BREBIERES;COTE NORMANDE;;DIEPPE;PGC;1,2;LUNDI
LSQ;ENT ID LOGISTICS BREBIERES;LENS;;DOUAI;PGC;1,4;LUNDI
LSQ;ENT ID LOGISTICS BREBIERES;COTE OPALE;;DUNKERQUE;PGC;2,5;LUNDI
LSQ;ENT ID LOGISTICS BREBIERES;AMIENS;;DURY;PGC;1,4;LUNDI
LSQ;ENT ID LOGISTICS BREBIERES;LILLE;;ENGLOS;PGC;4,1;LUNDI
LSQ;ENT ID LOGISTICS BREBIERES;LILLE;;FACHES;PGC;2,1;LUNDI
LSQ;ENT ID LOGISTICS BREBIERES;AVESNOIS;;HIRSON;PGC;2,3;LUNDI
LSQ;ENT ID LOGISTICS BREBIERES;COTE NORMANDE;;LE HAVRE;PGC;2,2;LUNDI
LSQ;ENT ID LOGISTICS BREBIERES;LILLE;;LEERS;PGC;4,3;LUNDI
LSQ;ENT ID LOGISTICS BREBIERES;AVESNOIS;;LOUVROIL;PGC;3,1;LUNDI
LSQ;ENT ID LOGISTICS BREBIERES;COTE NORMANDE;;MERS LES BAINS;PGC;2,2;LUNDI
LSQ;ENT ID LOGISTICS BREBIERES;OISE;;MERU;PGC;0,8;LUNDI
LSQ;ENT ID LOGISTICS BREBIERES;COTE NORMANDE;;MONTIVILLIERS;PGC;1,9;LUNDI
LSQ;ENT ID LOGISTICS BREBIERES;OISE;;NOGENT SUR OISE;PGC;1,0;LUNDI
LSQ;ENT ID LOGISTICS BREBIERES;LENS;;NOYELLES GODAULT;PGC;4,9;LUNDI
LSQ;ENT ID LOGISTICS BREBIERES;AISNE;;NOYON;PGC;1,8;LUNDI
LSQ;ENT ID LOGISTICS BREBIERES;AVESNOIS;;PETITE FORET;PGC;4,0;LUNDI
LSQ;ENT ID LOGISTICS BREBIERES;LILLE;;RONCQ;PGC;8,0;LUNDI
LSQ;ENT ID LOGISTICS BREBIERES;COTE OPALE;;ST OMER;PGC;2,6;LUNDI
LSQ;ENT ID LOGISTICS BREBIERES;AISNE;;ST QUENTIN;PGC;2,4;LUNDI
LSQ;ENT ID LOGISTICS BREBIERES;AVESNOIS;;VALENCIENNES;PGC;2,2;LUNDI
LSQ;ENT ID LOGISTICS BREBIERES;LILLE;;VILLENEUVE 2;PGC;3,0;LUNDI
LSQ;ENT ID LOGISTICS BREBIERES;AISNE;;VIRY NOUREUIL;PGC;0,6;LUNDI
LSQ;ENT IENA1;AISNE;;1186 ST QUENTIN SCHUMANN SUPER;PGC;1,0;LUNDI
LSQ;ENT IENA1;LENS;;1297 HARNES SUPER;PGC;4,4;LUNDI
LSQ;ENT IENA1;LILLE;;4536 LILLE WAZEMMES MY AUCHAN;PGC;2,8;LUNDI
LSQ;ENT IENA1;LENS;;4926 BILLY BERCLAU SUPER;PGC;2,0;LUNDI
LSQ;ENT IENA1;LENS;;ARRAS;PGC;11,1;LUNDI
LSQ;ENT IENA1;LILLE;;AUCHAN CITY TOURCOING;PGC;6,5;LUNDI
LSQ;ENT IENA1;EST;;AUCHAN LUXEMBOURG SUPPLY;PGC;1,0;LUNDI
LSQ;ENT IENA1;LENS;;BETHUNE;PGC;15,7;LUNDI
LSQ;ENT IENA1;COTE OPALE;;BOULOGNE;PGC;4,0;LUNDI
LSQ;ENT IENA1;COTE OPALE;;CALAIS;PGC;14,7;LUNDI
LSQ;ENT IENA1;COTE NORMANDE;;CHERBOURG;PGC;1,0;LUNDI
LSQ;ENT IENA1;LILLE;;CHRONO AVELIN 4361;PGC;7,7;LUNDI
LSQ;ENT IENA1;COTE OPALE;;CHRONO COUDEKERQUE 4242;PGC;7,0;LUNDI
LSQ;ENT IENA1;LILLE;;CHRONO CROIX 4154;PGC;6,5;LUNDI
LSQ;ENT IENA1;LILLE;;CHRONO HALLENNES 4167;PGC;14,0;LUNDI
LSQ;ENT IENA1;LILLE;;CHRONO MARCQ 4128;PGC;3,8;LUNDI
LSQ;ENT IENA1;AVESNOIS;;CHRONO VALENCIENNES 4370;PGC;3,7;LUNDI
LSQ;ENT IENA1;COTE NORMANDE;;DIEPPE;PGC;3,4;LUNDI
LSQ;ENT IENA1;LENS;;DOUAI;PGC;15,4;LUNDI
LSQ;ENT IENA1;LENS;;DRIVE ARRAS;PGC;5,6;LUNDI
LSQ;ENT IENA1;LENS;;DRIVE BETHUNE;PGC;6,9;LUNDI
LSQ;ENT IENA1;COTE OPALE;;DRIVE CALAIS;PGC;9,5;LUNDI
LSQ;ENT IENA1;LENS;;DRIVE CAMBRAI;PGC;4,0;LUNDI
LSQ;ENT IENA1;LENS;;DRIVE DOUAI;PGC;3,8;LUNDI
LSQ;ENT IENA1;COTE OPALE;;DRIVE DUNKERQUE;PGC;8,9;LUNDI
LSQ;ENT IENA1;LILLE;;DRIVE ENGLOS;PGC;10,2;LUNDI
LSQ;ENT IENA1;LILLE;;DRIVE FACHES;PGC;5,3;LUNDI
LSQ;ENT IENA1;LILLE;;DRIVE LEERS;PGC;12,4;LUNDI
LSQ;ENT IENA1;AVESNOIS;;DRIVE LOUVROIL;PGC;10,4;LUNDI
LSQ;ENT IENA1;AISNE;;DRIVE NOYON;PGC;0,4;LUNDI
LSQ;ENT IENA1;AVESNOIS;;DRIVE PETITE FORET;PGC;6,1;LUNDI
LSQ;ENT IENA1;LILLE;;DRIVE RONCQ;PGC;12,0;LUNDI
LSQ;ENT IENA1;COTE OPALE;;DRIVE ST OMER;PGC;6,2;LUNDI
LSQ;ENT IENA1;LILLE;;DRIVE VILLENEUVE D'ASCQ;PGC;5,6;LUNDI
LSQ;ENT IENA1;COTE OPALE;;DUNKERQUE;PGC;21,8;LUNDI
LSQ;ENT IENA1;AMIENS;;DURY;PGC;4,5;LUNDI
LSQ;ENT IENA1;LILLE;;ENGLOS;PGC;32,6;LUNDI
LSQ;ENT IENA1;LILLE;;FACHES;PGC;33,4;LUNDI
LSQ;ENT IENA1;AVESNOIS;;HIRSON;PGC;15,2;LUNDI
LSQ;ENT IENA1;EST;;ILLKIRCH;PGC;6,0;LUNDI
LSQ;ENT IENA1;EST;;KIRCHBERG;PGC;4,4;LUNDI
LSQ;ENT IENA1;COTE NORMANDE;;LE HAVRE;PGC;5,3;LUNDI
LSQ;ENT IENA1;LILLE;;LEERS;PGC;38,0;LUNDI
LSQ;ENT IENA1;OISE;;LONGUEIL SAINTE MARIE SUPER 4315;PGC;1,0;LUNDI
LSQ;ENT IENA1;AVESNOIS;;LOUVROIL;PGC;34,2;LUNDI
LSQ;ENT IENA1;COTE NORMANDE;;MERS LES BAINS;PGC;3,7;LUNDI
LSQ;ENT IENA1;OISE;;MERU;PGC;1,0;LUNDI
LSQ;ENT IENA1;EST;;MONT SAINT MARTIN;PGC;5,8;LUNDI
LSQ;ENT IENA1;COTE NORMANDE;;MONTIVILLIERS;PGC;8,4;LUNDI
LSQ;ENT IENA1;OISE;;NOGENT SUR OISE;PGC;10,7;LUNDI
LSQ;ENT IENA1;LENS;;NOYELLES GODAULT;PGC;17,2;LUNDI
LSQ;ENT IENA1;AISNE;;NOYON;PGC;6,6;LUNDI
LSQ;ENT IENA1;AVESNOIS;;PETITE FORET;PGC;19,2;LUNDI
LSQ;ENT IENA1;LILLE;;RONCQ;PGC;51,2;LUNDI
LSQ;ENT IENA1;EST;;SCHWEIGHOUSE;PGC;4,2;LUNDI
LSQ;ENT IENA1;EST;;SEMECOURT;PGC;4,8;LUNDI
LSQ;ENT IENA1;COTE OPALE;;ST OMER;PGC;18,0;LUNDI
LSQ;ENT IENA1;AISNE;;ST QUENTIN;PGC;4,1;LUNDI
LSQ;ENT IENA1;EST;;STRASBOURG;PGC;5,3;LUNDI
LSQ;ENT IENA1;ROUEN;;VAL DE REUIL SUPER 1209;PGC;1,0;LUNDI
LSQ;ENT IENA1;AVESNOIS;;VALENCIENNES;PGC;9,1;LUNDI
LSQ;ENT IENA1;LILLE;;VILLENEUVE 2;PGC;15,1;LUNDI
LSQ;ENT IENA1;AISNE;;VIRY NOUREUIL;PGC;3,4;LUNDI
LSQ;ENT IENA2;LENS;;ARRAS;NAL;1,1;LUNDI
LSQ;ENT IENA2;EST;;AUCHAN LUXEMBOURG SUPPLY;NAL;1,3;LUNDI
LSQ;ENT IENA2;LENS;;BETHUNE;NAL;1,1;LUNDI
LSQ;ENT IENA2;COTE OPALE;;BOULOGNE;NAL;9,3;LUNDI
LSQ;ENT IENA2;COTE OPALE;;CALAIS;NAL;10,8;LUNDI
LSQ;ENT IENA2;COTE NORMANDE;;DIEPPE;NAL;1,4;LUNDI
LSQ;ENT IENA2;LENS;;DOUAI;NAL;1,1;LUNDI
LSQ;ENT IENA2;COTE OPALE;;DUNKERQUE;NAL;1,1;LUNDI
LSQ;ENT IENA2;AMIENS;;DURY;NAL;1,7;LUNDI
LSQ;ENT IENA2;LILLE;;ENGLOS;NAL;7,3;LUNDI
LSQ;ENT IENA2;LILLE;;FACHES;NAL;2,0;LUNDI
LSQ;ENT IENA2;AVESNOIS;;HIRSON;NAL;1,4;LUNDI
LSQ;ENT IENA2;EST;;ILLKIRCH;NAL;1,1;LUNDI
LSQ;ENT IENA2;EST;;KIRCHBERG;NAL;8,3;LUNDI
LSQ;ENT IENA2;COTE NORMANDE;;LE HAVRE;NAL;1,1;LUNDI
LSQ;ENT IENA2;LILLE;;LEERS;NAL;1,1;LUNDI
LSQ;ENT IENA2;AVESNOIS;;LOUVROIL;NAL;1,1;LUNDI
LSQ;ENT IENA2;COTE NORMANDE;;MERS LES BAINS;NAL;1,3;LUNDI
LSQ;ENT IENA2;EST;;MONT SAINT MARTIN;NAL;5,1;LUNDI
LSQ;ENT IENA2;COTE NORMANDE;;MONTIVILLIERS;NAL;1,4;LUNDI
LSQ;ENT IENA2;LENS;;NOYELLES GODAULT;NAL;1,1;LUNDI
LSQ;ENT IENA2;AISNE;;NOYON;NAL;1,8;LUNDI
LSQ;ENT IENA2;AVESNOIS;;PETITE FORET;NAL;7,2;LUNDI
LSQ;ENT IENA2;LILLE;;RONCQ;NAL;1,1;LUNDI
LSQ;ENT IENA2;EST;;SCHWEIGHOUSE;NAL;0,8;LUNDI
LSQ;ENT IENA2;EST;;SEMECOURT;NAL;7,0;LUNDI
LSQ;ENT IENA2;COTE OPALE;;ST OMER;NAL;1,5;LUNDI
LSQ;ENT IENA2;AISNE;;ST QUENTIN;NAL;2,4;LUNDI
LSQ;ENT IENA2;EST;;STRASBOURG;NAL;1,3;LUNDI
LSQ;ENT IENA2;AVESNOIS;;VALENCIENNES;NAL;1,1;LUNDI
LSQ;ENT IENA2;LILLE;;VILLENEUVE 2;NAL;0,7;LUNDI
LSQ;ENT IENA2;AISNE;;VIRY NOUREUIL;NAL;2,0;LUNDI
LSQ;ENT MEYZIEU MEDLEY SUD;LENS;;ARRAS;NAL;1,0;LUNDI
LSQ;ENT MEYZIEU MEDLEY SUD;LENS;;BETHUNE;NAL;1,0;LUNDI
LSQ;ENT MEYZIEU MEDLEY SUD;COTE OPALE;;BOULOGNE;NAL;1,3;LUNDI
LSQ;ENT MEYZIEU MEDLEY SUD;COTE OPALE;;CALAIS;NAL;1,3;LUNDI
LSQ;ENT MEYZIEU MEDLEY SUD;COTE NORMANDE;;CHERBOURG;NAL;1,0;LUNDI
LSQ;ENT MEYZIEU MEDLEY SUD;COTE NORMANDE;;DIEPPE;NAL;1,0;LUNDI
LSQ;ENT MEYZIEU MEDLEY SUD;LENS;;DOUAI;NAL;1,0;LUNDI
LSQ;ENT MEYZIEU MEDLEY SUD;COTE OPALE;;DUNKERQUE;NAL;2,3;LUNDI
LSQ;ENT MEYZIEU MEDLEY SUD;AMIENS;;DURY;NAL;1,0;LUNDI
LSQ;ENT MEYZIEU MEDLEY SUD;LILLE;;ENGLOS;NAL;2,3;LUNDI
LSQ;ENT MEYZIEU MEDLEY SUD;LILLE;;FACHES;NAL;1,3;LUNDI
LSQ;ENT MEYZIEU MEDLEY SUD;AVESNOIS;;HIRSON;NAL;1,3;LUNDI
LSQ;ENT MEYZIEU MEDLEY SUD;COTE NORMANDE;;LE HAVRE;NAL;1,0;LUNDI
LSQ;ENT MEYZIEU MEDLEY SUD;LILLE;;LEERS;NAL;2,0;LUNDI
LSQ;ENT MEYZIEU MEDLEY SUD;AVESNOIS;;LOUVROIL;NAL;1,0;LUNDI
LSQ;ENT MEYZIEU MEDLEY SUD;COTE NORMANDE;;MERS LES BAINS;NAL;1,3;LUNDI
LSQ;ENT MEYZIEU MEDLEY SUD;OISE;;MERU;NAL;1,0;LUNDI
LSQ;ENT MEYZIEU MEDLEY SUD;COTE NORMANDE;;MONTIVILLIERS;NAL;2,3;LUNDI
LSQ;ENT MEYZIEU MEDLEY SUD;OISE;;NOGENT SUR OISE;NAL;2,0;LUNDI
LSQ;ENT MEYZIEU MEDLEY SUD;LENS;;NOYELLES GODAULT;NAL;1,3;LUNDI
LSQ;ENT MEYZIEU MEDLEY SUD;AISNE;;NOYON;NAL;1,3;LUNDI
LSQ;ENT MEYZIEU MEDLEY SUD;AVESNOIS;;PETITE FORET;NAL;2,3;LUNDI
LSQ;ENT MEYZIEU MEDLEY SUD;LILLE;;RONCQ;NAL;2,5;LUNDI
LSQ;ENT MEYZIEU MEDLEY SUD;COTE OPALE;;ST OMER;NAL;1,3;LUNDI
LSQ;ENT MEYZIEU MEDLEY SUD;AISNE;;ST QUENTIN;NAL;1,3;LUNDI
LSQ;ENT MEYZIEU MEDLEY SUD;AVESNOIS;;VALENCIENNES;NAL;1,5;LUNDI
LSQ;ENT MEYZIEU MEDLEY SUD;LILLE;;VILLENEUVE 2;NAL;1,3;LUNDI
LSQ;ENT MEYZIEU MEDLEY SUD;AISNE;;VIRY NOUREUIL;NAL;1,3;LUNDI
LSQ;ENT SAINGHIN1;AISNE;;1186 ST QUENTIN SCHUMANN SUPER;PGC;5,4;LUNDI
LSQ;ENT SAINGHIN1;LENS;;1297 HARNES SUPER;PGC;6,0;LUNDI
LSQ;ENT SAINGHIN1;LILLE;;4536 LILLE WAZEMMES MY AUCHAN;PGC;2,6;LUNDI
LSQ;ENT SAINGHIN1;LENS;;4926 BILLY BERCLAU SUPER;PGC;1,5;LUNDI
LSQ;ENT SAINGHIN1;LENS;;ARRAS;PGC;13,7;LUNDI
LSQ;ENT SAINGHIN1;LILLE;;AUCHAN CITY TOURCOING;PGC;8,8;LUNDI
LSQ;ENT SAINGHIN1;LENS;;BETHUNE;PGC;19,1;LUNDI
LSQ;ENT SAINGHIN1;COTE OPALE;;BOULOGNE;PGC;14,7;LUNDI
LSQ;ENT SAINGHIN1;COTE OPALE;;CALAIS;PGC;23,5;LUNDI
LSQ;ENT SAINGHIN1;COTE NORMANDE;;CHERBOURG;PGC;18,5;LUNDI
LSQ;ENT SAINGHIN1;LILLE;;CHRONO AVELIN 4361;PGC;7,8;LUNDI
LSQ;ENT SAINGHIN1;COTE OPALE;;CHRONO COUDEKERQUE 4242;PGC;7,4;LUNDI
LSQ;ENT SAINGHIN1;LILLE;;CHRONO CROIX 4154;PGC;5,0;LUNDI
LSQ;ENT SAINGHIN1;LILLE;;CHRONO HALLENNES 4167;PGC;14,6;LUNDI
LSQ;ENT SAINGHIN1;LILLE;;CHRONO MARCQ 4128;PGC;6,4;LUNDI
LSQ;ENT SAINGHIN1;AVESNOIS;;CHRONO VALENCIENNES 4370;PGC;4,4;LUNDI
LSQ;ENT SAINGHIN1;COTE NORMANDE;;DIEPPE;PGC;21,2;LUNDI
LSQ;ENT SAINGHIN1;LENS;;DOUAI;PGC;15,2;LUNDI
LSQ;ENT SAINGHIN1;LENS;;DRIVE ARRAS;PGC;4,3;LUNDI
LSQ;ENT SAINGHIN1;LENS;;DRIVE BETHUNE;PGC;3,3;LUNDI
LSQ;ENT SAINGHIN1;COTE OPALE;;DRIVE BOULOGNE;PGC;2,5;LUNDI
LSQ;ENT SAINGHIN1;COTE OPALE;;DRIVE CALAIS;PGC;14,1;LUNDI
LSQ;ENT SAINGHIN1;LENS;;DRIVE CAMBRAI;PGC;6,8;LUNDI
LSQ;ENT SAINGHIN1;COTE NORMANDE;;DRIVE CHERBOURG;PGC;2,0;LUNDI
LSQ;ENT SAINGHIN1;COTE NORMANDE;;DRIVE DIEPPE;PGC;2,3;LUNDI
LSQ;ENT SAINGHIN1;LENS;;DRIVE DOUAI;PGC;6,0;LUNDI
LSQ;ENT SAINGHIN1;COTE OPALE;;DRIVE DUNKERQUE;PGC;12,5;LUNDI
LSQ;ENT SAINGHIN1;AMIENS;;DRIVE DURY;PGC;3,5;LUNDI
LSQ;ENT SAINGHIN1;LILLE;;DRIVE ENGLOS;PGC;11,9;LUNDI
LSQ;ENT SAINGHIN1;LILLE;;DRIVE FACHES;PGC;3,5;LUNDI
LSQ;ENT SAINGHIN1;COTE NORMANDE;;DRIVE LE HAVRE;PGC;4,0;LUNDI
LSQ;ENT SAINGHIN1;LILLE;;DRIVE LEERS;PGC;7,9;LUNDI
LSQ;ENT SAINGHIN1;AVESNOIS;;DRIVE LOUVROIL;PGC;4,6;LUNDI
LSQ;ENT SAINGHIN1;COTE NORMANDE;;DRIVE MONTIVILLIERS;PGC;2,8;LUNDI
LSQ;ENT SAINGHIN1;OISE;;DRIVE NOGENT SUR OISE;PGC;1,9;LUNDI
LSQ;ENT SAINGHIN1;AISNE;;DRIVE NOYON;PGC;1,5;LUNDI
LSQ;ENT SAINGHIN1;AVESNOIS;;DRIVE PETITE FORET;PGC;2,0;LUNDI
LSQ;ENT SAINGHIN1;LILLE;;DRIVE RONCQ;PGC;8,5;LUNDI
LSQ;ENT SAINGHIN1;COTE OPALE;;DRIVE ST OMER;PGC;15,8;LUNDI
LSQ;ENT SAINGHIN1;AISNE;;DRIVE ST QUENTIN;PGC;1,8;LUNDI
LSQ;ENT SAINGHIN1;LILLE;;DRIVE VILLENEUVE D'ASCQ;PGC;3,3;LUNDI
LSQ;ENT SAINGHIN1;COTE OPALE;;DUNKERQUE;PGC;18,3;LUNDI
LSQ;ENT SAINGHIN1;AMIENS;;DURY;PGC;10,1;LUNDI
LSQ;ENT SAINGHIN1;LILLE;;ENGLOS;PGC;20,5;LUNDI
LSQ;ENT SAINGHIN1;LILLE;;FACHES;PGC;17,7;LUNDI
LSQ;ENT SAINGHIN1;AVESNOIS;;HIRSON;PGC;9,0;LUNDI
LSQ;ENT SAINGHIN1;COTE NORMANDE;;LE HAVRE;PGC;28,9;LUNDI
LSQ;ENT SAINGHIN1;LILLE;;LEERS;PGC;18,8;LUNDI
LSQ;ENT SAINGHIN1;OISE;;LONGUEIL SAINTE MARIE SUPER 4315;PGC;2,1;LUNDI
LSQ;ENT SAINGHIN1;AVESNOIS;;LOUVROIL;PGC;51,1;LUNDI
LSQ;ENT SAINGHIN1;COTE NORMANDE;;MERS LES BAINS;PGC;19,4;LUNDI
LSQ;ENT SAINGHIN1;OISE;;MERU;PGC;13,6;LUNDI
LSQ;ENT SAINGHIN1;COTE NORMANDE;;MONTIVILLIERS;PGC;30,9;LUNDI
LSQ;ENT SAINGHIN1;OISE;;NOGENT SUR OISE;PGC;12,8;LUNDI
LSQ;ENT SAINGHIN1;LENS;;NOYELLES GODAULT;PGC;18,2;LUNDI
LSQ;ENT SAINGHIN1;AISNE;;NOYON;PGC;11,0;LUNDI
LSQ;ENT SAINGHIN1;AVESNOIS;;PETITE FORET;PGC;24,5;LUNDI
LSQ;ENT SAINGHIN1;LILLE;;RONCQ;PGC;21,1;LUNDI
LSQ;ENT SAINGHIN1;COTE OPALE;;ST OMER;PGC;23,0;LUNDI
LSQ;ENT SAINGHIN1;AISNE;;ST QUENTIN;PGC;7,1;LUNDI
LSQ;ENT SAINGHIN1;ROUEN;;VAL DE REUIL SUPER 1209;PGC;1,5;LUNDI
LSQ;ENT SAINGHIN1;AVESNOIS;;VALENCIENNES;PGC;13,1;LUNDI
LSQ;ENT SAINGHIN1;LILLE;;VILLENEUVE 2;PGC;11,8;LUNDI
LSQ;ENT SAINGHIN1;AISNE;;VIRY NOUREUIL;PGC;12,5;LUNDI
LSQ;ENT SERRIS 1;LENS;;1297 HARNES SUPER;PGC;0,5;LUNDI
LSQ;ENT SERRIS 1;LILLE;;4536 LILLE WAZEMMES MY AUCHAN;PGC;0,5;LUNDI
LSQ;ENT SERRIS 1;LENS;;ARRAS;PGC;0,5;LUNDI
LSQ;ENT SERRIS 1;LILLE;;AUCHAN CITY TOURCOING;PGC;1,0;LUNDI
LSQ;ENT SERRIS 1;LENS;;BETHUNE;PGC;0,5;LUNDI
LSQ;ENT SERRIS 1;COTE OPALE;;BOULOGNE;PGC;1,3;LUNDI
LSQ;ENT SERRIS 1;COTE OPALE;;CALAIS;PGC;0,5;LUNDI
AMS;ENT SERRIS 1;COTE NORMANDE;;CHERBOURG;PGC;2,3;LUNDI
LSQ;ENT SERRIS 1;LILLE;;CHRONO AVELIN 4361;PGC;1,0;LUNDI
LSQ;ENT SERRIS 1;COTE OPALE;;CHRONO COUDEKERQUE 4242;PGC;0,8;LUNDI
LSQ;ENT SERRIS 1;LILLE;;CHRONO CROIX 4154;PGC;0,5;LUNDI
LSQ;ENT SERRIS 1;LILLE;;CHRONO HALLENNES 4167;PGC;0,9;LUNDI
LSQ;ENT SERRIS 1;LILLE;;CHRONO MARCQ 4128;PGC;0,6;LUNDI
LSQ;ENT SERRIS 1;AVESNOIS;;CHRONO VALENCIENNES 4370;PGC;0,6;LUNDI
AMS;ENT SERRIS 1;COTE NORMANDE;;DIEPPE;PGC;1,1;LUNDI
LSQ;ENT SERRIS 1;LENS;;DOUAI;PGC;0,5;LUNDI
LSQ;ENT SERRIS 1;LENS;;DRIVE ARRAS;PGC;0,5;LUNDI
LSQ;ENT SERRIS 1;LENS;;DRIVE BETHUNE;PGC;0,5;LUNDI
LSQ;ENT SERRIS 1;COTE OPALE;;DRIVE BOULOGNE;PGC;1,0;LUNDI
LSQ;ENT SERRIS 1;COTE OPALE;;DRIVE CALAIS;PGC;0,5;LUNDI
LSQ;ENT SERRIS 1;LENS;;DRIVE CAMBRAI;PGC;0,6;LUNDI
AMS;ENT SERRIS 1;COTE NORMANDE;;DRIVE CHERBOURG;PGC;0,8;LUNDI
AMS;ENT SERRIS 1;COTE NORMANDE;;DRIVE DIEPPE;PGC;0,6;LUNDI
LSQ;ENT SERRIS 1;LENS;;DRIVE DOUAI;PGC;0,5;LUNDI
LSQ;ENT SERRIS 1;COTE OPALE;;DRIVE DUNKERQUE;PGC;0,5;LUNDI
AMS;ENT SERRIS 1;AMIENS;;DRIVE DURY;PGC;0,5;LUNDI
LSQ;ENT SERRIS 1;LILLE;;DRIVE ENGLOS;PGC;1,0;LUNDI
LSQ;ENT SERRIS 1;LILLE;;DRIVE FACHES;PGC;0,6;LUNDI
AMS;ENT SERRIS 1;COTE NORMANDE;;DRIVE LE HAVRE;PGC;0,5;LUNDI
LSQ;ENT SERRIS 1;LILLE;;DRIVE LEERS;PGC;0,5;LUNDI
LSQ;ENT SERRIS 1;AVESNOIS;;DRIVE LOUVROIL;PGC;0,5;LUNDI
AMS;ENT SERRIS 1;COTE NORMANDE;;DRIVE MONTIVILLIERS;PGC;1,1;LUNDI
AMS;ENT SERRIS 1;OISE;;DRIVE NOGENT SUR OISE;PGC;0,5;LUNDI
AMS;ENT SERRIS 1;AISNE;;DRIVE NOYON;PGC;0,5;LUNDI
LSQ;ENT SERRIS 1;AVESNOIS;;DRIVE PETITE FORET;PGC;0,8;LUNDI
LSQ;ENT SERRIS 1;LILLE;;DRIVE RONCQ;PGC;0,8;LUNDI
LSQ;ENT SERRIS 1;COTE OPALE;;DRIVE ST OMER;PGC;0,6;LUNDI
LSQ;ENT SERRIS 1;AISNE;;DRIVE ST QUENTIN;PGC;0,5;LUNDI
LSQ;ENT SERRIS 1;LILLE;;DRIVE VILLENEUVE D'ASCQ;PGC;0,8;LUNDI
LSQ;ENT SERRIS 1;COTE OPALE;;DUNKERQUE;PGC;1,8;LUNDI
AMS;ENT SERRIS 1;AMIENS;;DURY;PGC;1,4;LUNDI
LSQ;ENT SERRIS 1;LILLE;;ENGLOS;PGC;0,5;LUNDI
LSQ;ENT SERRIS 1;LILLE;;FACHES;PGC;0,5;LUNDI
LSQ;ENT SERRIS 1;AVESNOIS;;HIRSON;PGC;1,3;LUNDI
AMS;ENT SERRIS 1;COTE NORMANDE;;LE HAVRE;PGC;0,5;LUNDI
LSQ;ENT SERRIS 1;LILLE;;LEERS;PGC;1,5;LUNDI
AMS;ENT SERRIS 1;OISE;;LONGUEIL SAINTE MARIE SUPER 4315;PGC;0,5;LUNDI
LSQ;ENT SERRIS 1;AVESNOIS;;LOUVROIL;PGC;0,5;LUNDI
AMS;ENT SERRIS 1;COTE NORMANDE;;MERS LES BAINS;PGC;0,5;LUNDI
AMS;ENT SERRIS 1;OISE;;MERU;PGC;1,3;LUNDI
AMS;ENT SERRIS 1;COTE NORMANDE;;MONTIVILLIERS;PGC;0,5;LUNDI
AMS;ENT SERRIS 1;OISE;;NOGENT SUR OISE;PGC;0,5;LUNDI
LSQ;ENT SERRIS 1;LENS;;NOYELLES GODAULT;PGC;1,4;LUNDI
AMS;ENT SERRIS 1;AISNE;;NOYON;PGC;0,5;LUNDI
LSQ;ENT SERRIS 1;AVESNOIS;;PETITE FORET;PGC;1,1;LUNDI
LSQ;ENT SERRIS 1;LILLE;;RONCQ;PGC;0,5;LUNDI
LSQ;ENT SERRIS 1;COTE OPALE;;ST OMER;PGC;0,5;LUNDI
LSQ;ENT SERRIS 1;AISNE;;ST QUENTIN;PGC;0,5;LUNDI
LSQ;ENT SERRIS 1;AVESNOIS;;VALENCIENNES;PGC;0,5;LUNDI
LSQ;ENT SERRIS 1;LILLE;;VILLENEUVE 2;PGC;0,5;LUNDI
LSQ;ENT SERRIS 1;AISNE;;VIRY NOUREUIL;PGC;1,1;LUNDI
DIEP;ENT SOCOPAL DIEPPE;COTE OPALE;;1267 CALAIS DELAROCHE SUPER;SURG;1,0;LUNDI
DIEP;ENT SOCOPAL DIEPPE;LENS;;1297 HARNES SUPER;SURG;2,8;LUNDI
DIEP;ENT SOCOPAL DIEPPE;LENS;;4926 BILLY BERCLAU SUPER;SURG;1,8;LUNDI
DIEP;ENT SOCOPAL DIEPPE;LILLE;;AUCHAN CITY TOURCOING;SURG;1,8;LUNDI
DIEP;ENT SOCOPAL DIEPPE;LENS;;BETHUNE;SURG;5,3;LUNDI
DIEP;ENT SOCOPAL DIEPPE;COTE OPALE;;CALAIS;SURG;6,8;LUNDI
DIEP;ENT SOCOPAL DIEPPE;IDF;;CERGY;SURG;7,0;LUNDI
DIEP;ENT SOCOPAL DIEPPE;COTE NORMANDE;;CHERBOURG;SURG;2,3;LUNDI
DIEP;ENT SOCOPAL DIEPPE;OISE;;CHRONO COMPIEGNE 4345;SURG;1,8;LUNDI
DIEP;ENT SOCOPAL DIEPPE;LENS;;DOUAI;SURG;5,0;LUNDI
DIEP;ENT SOCOPAL DIEPPE;LENS;;DRIVE BETHUNE;SURG;1,3;LUNDI
DIEP;ENT SOCOPAL DIEPPE;COTE OPALE;;DRIVE CALAIS;SURG;1,8;LUNDI
DIEP;ENT SOCOPAL DIEPPE;IDF;;DRIVE CERGY;SURG;1,5;LUNDI
DIEP;ENT SOCOPAL DIEPPE;COTE NORMANDE;;DRIVE CHERBOURG;SURG;1,0;LUNDI
DIEP;ENT SOCOPAL DIEPPE;LENS;;DRIVE DOUAI;SURG;2,0;LUNDI
DIEP;ENT SOCOPAL DIEPPE;LILLE;;DRIVE ENGLOS;SURG;2,0;LUNDI
DIEP;ENT SOCOPAL DIEPPE;LILLE;;DRIVE FACHES;SURG;1,8;LUNDI
DIEP;ENT SOCOPAL DIEPPE;COTE NORMANDE;;DRIVE LE HAVRE;SURG;3,0;LUNDI
DIEP;ENT SOCOPAL DIEPPE;AVESNOIS;;DRIVE LOUVROIL;SURG;2,0;LUNDI
DIEP;ENT SOCOPAL DIEPPE;COTE NORMANDE;;DRIVE MONTIVILLIERS;SURG;2,0;LUNDI
DIEP;ENT SOCOPAL DIEPPE;LENS;;DRIVE NOYELLES;SURG;1,0;LUNDI
DIEP;ENT SOCOPAL DIEPPE;AVESNOIS;;DRIVE PETITE FORET;SURG;1,0;LUNDI
DIEP;ENT SOCOPAL DIEPPE;LILLE;;DRIVE RONCQ;SURG;2,3;LUNDI
DIEP;ENT SOCOPAL DIEPPE;COTE OPALE;;DRIVE ST OMER;SURG;2,3;LUNDI
DIEP;ENT SOCOPAL DIEPPE;LILLE;;DRIVE VILLENEUVE D'ASCQ;SURG;1,0;LUNDI
DIEP;ENT SOCOPAL DIEPPE;LILLE;;ENGLOS;SURG;7,0;LUNDI
DIEP;ENT SOCOPAL DIEPPE;LILLE;;FACHES;SURG;7,0;LUNDI
DIEP;ENT SOCOPAL DIEPPE;AVESNOIS;;HIRSON;SURG;2,8;LUNDI
DIEP;ENT SOCOPAL DIEPPE;IDF;;LE CHESNAY PARLY 2 SUPER 1144;SURG;2,5;LUNDI
DIEP;ENT SOCOPAL DIEPPE;LILLE;;LEERS;SURG;8,3;LUNDI
DIEP;ENT SOCOPAL DIEPPE;OISE;;LONGUEIL SAINTE MARIE SUPER 4315;SURG;1,0;LUNDI
DIEP;ENT SOCOPAL DIEPPE;AVESNOIS;;LOUVROIL;SURG;4,5;LUNDI
DIEP;ENT SOCOPAL DIEPPE;COTE NORMANDE;;MONTIVILLIERS;SURG;5,0;LUNDI
DIEP;ENT SOCOPAL DIEPPE;LENS;;NOYELLES GODAULT;SURG;6,8;LUNDI
DIEP;ENT SOCOPAL DIEPPE;AVESNOIS;;PETITE FORET;SURG;4,0;LUNDI
DIEP;ENT SOCOPAL DIEPPE;LILLE;;RONCQ;SURG;8,3;LUNDI
DIEP;ENT SOCOPAL DIEPPE;IDF;;SOISY;SURG;3,0;LUNDI
DIEP;ENT SOCOPAL DIEPPE;COTE OPALE;;ST OMER;SURG;5,5;LUNDI
DIEP;ENT SOCOPAL DIEPPE;ROUEN;;VAL DE REUIL SUPER 1209;SURG;3,0;LUNDI
DIEP;ENT SOCOPAL DIEPPE;AVESNOIS;;VALENCIENNES;SURG;3,0;LUNDI
DIEP;ENT SOCOPAL DIEPPE;LILLE;;VILLENEUVE 2;SURG;5,8;LUNDI
LSQ;ENT V DHL;AVESNOIS;;CHRONO VALENCIENNES 4370;NAL;2,4;LUNDI
LSQ;ENT V GEODIS;AISNE;;1186 ST QUENTIN SCHUMANN SUPER;NAL;1,3;LUNDI
LSQ;ENT V GEODIS;LENS;;1297 HARNES SUPER;NAL;1,4;LUNDI
LSQ;ENT V GEODIS;LENS;;4926 BILLY BERCLAU SUPER;NAL;1,3;LUNDI
AMS;ENT AMIENS BINAT;COTE OPALE;;1267 CALAIS DELAROCHE SUPER;PGC;3,0;MARDI
AMS;ENT AMIENS BINAT;ROUEN;;4313 CANTELEU SUPER;PGC;2,7;MARDI
AMS;ENT AMIENS BINAT;COTE OPALE;;4977 RUE SUPER;PGC;2,1;MARDI
AMS;ENT AMIENS BINAT;LENS;;ARRAS;PGC;5,8;MARDI
AMS;ENT AMIENS BINAT;OISE;;BEAUVAIS;PGC;12,3;MARDI
AMS;ENT AMIENS BINAT;LENS;;BETHUNE;PGC;10,8;MARDI
AMS;ENT AMIENS BINAT;COTE OPALE;;BOULOGNE;PGC;14,3;MARDI
AMS;ENT AMIENS BINAT;COTE OPALE;;CALAIS;PGC;9,5;MARDI
AMS;ENT AMIENS BINAT;LENS;;CAMBRAI;PGC;16,7;MARDI
AMS;ENT AMIENS BINAT;COTE NORMANDE;;CHERBOURG;PGC;7,0;MARDI
AMS;ENT AMIENS BINAT;LILLE;;CHRONO BONDUES 4703;PGC;1,2;MARDI
AMS;ENT AMIENS BINAT;OISE;;CHRONO COMPIEGNE 4345;PGC;7,1;MARDI
AMS;ENT AMIENS BINAT;LENS;;CHRONO ELEU DIT LEAUWETTE 4462;PGC;2,2;MARDI
AMS;ENT AMIENS BINAT;LILLE;;CHRONO HALLENNES 4167;PGC;13,7;MARDI
AMS;ENT AMIENS BINAT;CAEN;;CHRONO IFS;PGC;3,9;MARDI
AMS;ENT AMIENS BINAT;LILLE;;CHRONO LAMBERSART 4424;PGC;5,7;MARDI
AMS;ENT AMIENS BINAT;LILLE;;CHRONO MARCQ 4128;PGC;5,8;MARDI
AMS;ENT AMIENS BINAT;LILLE;;CHRONO WASQUEHAL 4303;PGC;2,2;MARDI
AMS;ENT AMIENS BINAT;COTE NORMANDE;;DIEPPE;PGC;8,7;MARDI
AMS;ENT AMIENS BINAT;LENS;;DOUAI;PGC;9,0;MARDI
AMS;ENT AMIENS BINAT;LENS;;DRIVE ARRAS;PGC;3,1;MARDI
AMS;ENT AMIENS BINAT;OISE;;DRIVE BEAUVAIS;PGC;3,2;MARDI
AMS;ENT AMIENS BINAT;LENS;;DRIVE BETHUNE;PGC;4,5;MARDI
AMS;ENT AMIENS BINAT;COTE OPALE;;DRIVE BOULOGNE;PGC;2,1;MARDI
AMS;ENT AMIENS BINAT;COTE OPALE;;DRIVE CALAIS;PGC;5,3;MARDI
AMS;ENT AMIENS BINAT;LENS;;DRIVE CAMBRAI;PGC;1,3;MARDI
AMS;ENT AMIENS BINAT;COTE NORMANDE;;DRIVE CHERBOURG;PGC;1,9;MARDI
AMS;ENT AMIENS BINAT;COTE NORMANDE;;DRIVE DIEPPE;PGC;2,1;MARDI
AMS;ENT AMIENS BINAT;LENS;;DRIVE DOUAI;PGC;3,3;MARDI
AMS;ENT AMIENS BINAT;COTE OPALE;;DRIVE DUNKERQUE;PGC;3,1;MARDI
AMS;ENT AMIENS BINAT;AMIENS;;DRIVE DURY;PGC;4,1;MARDI
AMS;ENT AMIENS BINAT;LILLE;;DRIVE ENGLOS;PGC;1,9;MARDI
AMS;ENT AMIENS BINAT;LILLE;;DRIVE FACHES;PGC;1,2;MARDI
AMS;ENT AMIENS BINAT;COTE NORMANDE;;DRIVE LE HAVRE;PGC;4,2;MARDI
AMS;ENT AMIENS BINAT;LILLE;;DRIVE LEERS;PGC;6,8;MARDI
AMS;ENT AMIENS BINAT;AVESNOIS;;DRIVE LOUVROIL;PGC;4,8;MARDI
AMS;ENT AMIENS BINAT;COTE NORMANDE;;DRIVE MONTIVILLIERS;PGC;5,1;MARDI
AMS;ENT AMIENS BINAT;OISE;;DRIVE NOGENT SUR OISE;PGC;3,3;MARDI
AMS;ENT AMIENS BINAT;LENS;;DRIVE NOYELLES;PGC;6,8;MARDI
AMS;ENT AMIENS BINAT;AISNE;;DRIVE NOYON;PGC;2,7;MARDI
AMS;ENT AMIENS BINAT;AVESNOIS;;DRIVE PETITE FORET;PGC;1,2;MARDI
AMS;ENT AMIENS BINAT;LILLE;;DRIVE RONCQ;PGC;2,2;MARDI
AMS;ENT AMIENS BINAT;COTE OPALE;;DRIVE ST OMER;PGC;1,9;MARDI
AMS;ENT AMIENS BINAT;AISNE;;DRIVE ST QUENTIN;PGC;1,5;MARDI
AMS;ENT AMIENS BINAT;AVESNOIS;;DRIVE VALENCIENNES;PGC;4,6;MARDI
AMS;ENT AMIENS BINAT;LILLE;;DRIVE VILLENEUVE D'ASCQ;PGC;5,8;MARDI
AMS;ENT AMIENS BINAT;COTE OPALE;;DUNKERQUE;PGC;24,0;MARDI
AMS;ENT AMIENS BINAT;AMIENS;;DURY;PGC;18,2;MARDI
AMS;ENT AMIENS BINAT;LILLE;;ENGLOS;PGC;29,4;MARDI
AMS;ENT AMIENS BINAT;LILLE;;FACHES;PGC;9,8;MARDI
AMS;ENT AMIENS BINAT;ROUEN;;FRANQUEVILLE CHRONODRIVE 4475;PGC;2,1;MARDI
AMS;ENT AMIENS BINAT;AVESNOIS;;HIRSON;PGC;5,9;MARDI
AMS;ENT AMIENS BINAT;COTE NORMANDE;;LE HAVRE;PGC;14,4;MARDI
AMS;ENT AMIENS BINAT;LILLE;;LEERS;PGC;22,0;MARDI
AMS;ENT AMIENS BINAT;AVESNOIS;;LOUVROIL;PGC;14,1;MARDI
AMS;ENT AMIENS BINAT;COTE NORMANDE;;MERS LES BAINS;PGC;6,3;MARDI
AMS;ENT AMIENS BINAT;COTE NORMANDE;;MONTIVILLIERS;PGC;12,9;MARDI
AMS;ENT AMIENS BINAT;OISE;;NOGENT SUR OISE;PGC;8,9;MARDI
AMS;ENT AMIENS BINAT;AISNE;;NOYON;PGC;8,1;MARDI
AMS;ENT AMIENS BINAT;AVESNOIS;;PETITE FORET;PGC;8,6;MARDI
AMS;ENT AMIENS BINAT;LILLE;;RONCQ;PGC;40,2;MARDI
AMS;ENT AMIENS BINAT;COTE OPALE;;ST OMER;PGC;12,8;MARDI
AMS;ENT AMIENS BINAT;AISNE;;ST QUENTIN;PGC;13,7;MARDI
AMS;ENT AMIENS BINAT;AVESNOIS;;VALENCIENNES;PGC;12,2;MARDI
AMS;ENT AMIENS BINAT;LILLE;;VILLENEUVE 2;PGC;8,8;MARDI
SAU;ENT AMIENS SAINT SAUVEUR FLEG;ROUEN;;4313 CANTELEU SUPER;FLEG;1,8;MARDI
SAU;ENT AMIENS SAINT SAUVEUR FLEG;COTE OPALE;;4977 RUE SUPER;FLEG;1,0;MARDI
SAU;ENT AMIENS SAINT SAUVEUR FLEG;OISE;;BEAUVAIS;FLEG;7,7;MARDI
SAU;ENT AMIENS SAINT SAUVEUR FLEG;CAEN;;CAEN CHRONO 352;FLEG;1,5;MARDI
SAU;ENT AMIENS SAINT SAUVEUR FLEG;IDF;;CERGY;FLEG;17,5;MARDI
SAU;ENT AMIENS SAINT SAUVEUR FLEG;IDF;;CERGY CHRONODRIVE 469;FLEG;2,8;MARDI
SAU;ENT AMIENS SAINT SAUVEUR FLEG;COTE NORMANDE;;CHERBOURG;FLEG;7,1;MARDI
SAU;ENT AMIENS SAINT SAUVEUR FLEG;OISE;;CHRONO COMPIEGNE 4345;FLEG;1,8;MARDI
SAU;ENT AMIENS SAINT SAUVEUR FLEG;IDF;;CORMEILLES EN PARISIS CHRONODRIVE 413;FLEG;3,0;MARDI
SAU;ENT AMIENS SAINT SAUVEUR FLEG;COTE NORMANDE;;DIEPPE;FLEG;7,6;MARDI
SAU;ENT AMIENS SAINT SAUVEUR FLEG;OISE;;DRIVE BEAUVAIS;FLEG;1,8;MARDI
SAU;ENT AMIENS SAINT SAUVEUR FLEG;IDF;;DRIVE CERGY;FLEG;3,0;MARDI
SAU;ENT AMIENS SAINT SAUVEUR FLEG;COTE NORMANDE;;DRIVE CHERBOURG;FLEG;1,3;MARDI
SAU;ENT AMIENS SAINT SAUVEUR FLEG;COTE NORMANDE;;DRIVE DIEPPE;FLEG;1,8;MARDI
SAU;ENT AMIENS SAINT SAUVEUR FLEG;AMIENS;;DRIVE DURY;FLEG;4,9;MARDI
SAU;ENT AMIENS SAINT SAUVEUR FLEG;COTE NORMANDE;;DRIVE LE HAVRE;FLEG;5,4;MARDI
SAU;ENT AMIENS SAINT SAUVEUR FLEG;COTE NORMANDE;;DRIVE MONTIVILLIERS;FLEG;3,8;MARDI
SAU;ENT AMIENS SAINT SAUVEUR FLEG;OISE;;DRIVE NOGENT SUR OISE;FLEG;2,5;MARDI
SAU;ENT AMIENS SAINT SAUVEUR FLEG;AISNE;;DRIVE NOYON;FLEG;1,0;MARDI
SAU;ENT AMIENS SAINT SAUVEUR FLEG;IDF;;DRIVE OSNY;FLEG;2,0;MARDI
SAU;ENT AMIENS SAINT SAUVEUR FLEG;IDF;;DRIVE ROISSY;FLEG;1,7;MARDI
SAU;ENT AMIENS SAINT SAUVEUR FLEG;IDF;;DRIVE TAVERNY;FLEG;3,3;MARDI
SAU;ENT AMIENS SAINT SAUVEUR FLEG;AMIENS;;DURY;FLEG;11,6;MARDI
SAU;ENT AMIENS SAINT SAUVEUR FLEG;ROUEN;;FRANQUEVILLE CHRONODRIVE 4475;FLEG;1,0;MARDI
SAU;ENT AMIENS SAINT SAUVEUR FLEG;IDF;;HERBLAY CHRONODRIVE 444;FLEG;1,5;MARDI
SAU;ENT AMIENS SAINT SAUVEUR FLEG;IDF;;HOUILLES SUPER 1073;FLEG;6,3;MARDI
SAU;ENT AMIENS SAINT SAUVEUR FLEG;COTE NORMANDE;;LE HAVRE;FLEG;14,4;MARDI
SAU;ENT AMIENS SAINT SAUVEUR FLEG;IDF;;LES MUREAUX HALLES AUCHAN;FLEG;3,4;MARDI
SAU;ENT AMIENS SAINT SAUVEUR FLEG;OISE;;LONGUEIL SAINTE MARIE SUPER 4315;FLEG;2,0;MARDI
SAU;ENT AMIENS SAINT SAUVEUR FLEG;COTE NORMANDE;;MERS LES BAINS;FLEG;9,3;MARDI
SAU;ENT AMIENS SAINT SAUVEUR FLEG;OISE;;MERU;FLEG;7,3;MARDI
SAU;ENT AMIENS SAINT SAUVEUR FLEG;COTE NORMANDE;;MONTIVILLIERS;FLEG;11,1;MARDI
SAU;ENT AMIENS SAINT SAUVEUR FLEG;OISE;;NOGENT SUR OISE;FLEG;5,7;MARDI
SAU;ENT AMIENS SAINT SAUVEUR FLEG;AISNE;;NOYON;FLEG;8,1;MARDI
SAU;ENT AMIENS SAINT SAUVEUR FLEG;IDF;;OSNY;FLEG;8,8;MARDI
SAU;ENT AMIENS SAINT SAUVEUR FLEG;IDF;;ROISSY;FLEG;4,0;MARDI
SAU;ENT AMIENS SAINT SAUVEUR FLEG;IDF;;SOISY;FLEG;16,8;MARDI
SAU;ENT AMIENS SAINT SAUVEUR FLEG;IDF;;TAVERNY;FLEG;12,8;MARDI
SAU;ENT AMIENS SAINT SAUVEUR FLEG;ROUEN;;VAL DE REUIL SUPER 1209;FLEG;2,0;MARDI
SAU;ENT AMIENS SAINT SAUVEUR PF;ROUEN;;4313 CANTELEU SUPER;PF;5,3;MARDI
SAU;ENT AMIENS SAINT SAUVEUR PF;COTE OPALE;;4977 RUE SUPER;PF;3,8;MARDI
SAU;ENT AMIENS SAINT SAUVEUR PF;OISE;;BEAUVAIS;PF;23,5;MARDI
SAU;ENT AMIENS SAINT SAUVEUR PF;CAEN;;CAEN CHRONO 352;PF;3,0;MARDI
SAU;ENT AMIENS SAINT SAUVEUR PF;COTE NORMANDE;;CHERBOURG;PF;18,3;MARDI
SAU;ENT AMIENS SAINT SAUVEUR PF;OISE;;CHRONO COMPIEGNE 4345;PF;3,3;MARDI
SAU;ENT AMIENS SAINT SAUVEUR PF;COTE NORMANDE;;DIEPPE;PF;24,8;MARDI
SAU;ENT AMIENS SAINT SAUVEUR PF;OISE;;DRIVE BEAUVAIS;PF;5,1;MARDI
SAU;ENT AMIENS SAINT SAUVEUR PF;COTE NORMANDE;;DRIVE CHERBOURG;PF;3,5;MARDI
SAU;ENT AMIENS SAINT SAUVEUR PF;COTE NORMANDE;;DRIVE DIEPPE;PF;7,1;MARDI
SAU;ENT AMIENS SAINT SAUVEUR PF;AMIENS;;DRIVE DURY;PF;11,7;MARDI
SAU;ENT AMIENS SAINT SAUVEUR PF;COTE NORMANDE;;DRIVE LE HAVRE;PF;12,8;MARDI
SAU;ENT AMIENS SAINT SAUVEUR PF;COTE NORMANDE;;DRIVE MONTIVILLIERS;PF;12,3;MARDI
SAU;ENT AMIENS SAINT SAUVEUR PF;AISNE;;DRIVE NOYON;PF;3,8;MARDI
SAU;ENT AMIENS SAINT SAUVEUR PF;AMIENS;;DURY;PF;27,6;MARDI
SAU;ENT AMIENS SAINT SAUVEUR PF;ROUEN;;FRANQUEVILLE CHRONODRIVE 4475;PF;2,8;MARDI
SAU;ENT AMIENS SAINT SAUVEUR PF;COTE NORMANDE;;LE HAVRE;PF;32,8;MARDI
SAU;ENT AMIENS SAINT SAUVEUR PF;OISE;;LONGUEIL SAINTE MARIE SUPER 4315;PF;5,3;MARDI
SAU;ENT AMIENS SAINT SAUVEUR PF;COTE NORMANDE;;MERS LES BAINS;PF;22,4;MARDI
SAU;ENT AMIENS SAINT SAUVEUR PF;COTE NORMANDE;;MONTIVILLIERS;PF;32,6;MARDI
SAU;ENT AMIENS SAINT SAUVEUR PF;AISNE;;NOYON;PF;22,0;MARDI
SAU;ENT AMIENS SAINT SAUVEUR PF;ROUEN;;VAL DE REUIL SUPER 1209;PF;3,0;MARDI
AMS;ENT AMIENS SUPER POULAINVILLE PGC;COTE OPALE;;1267 CALAIS DELAROCHE SUPER;PGC;4,5;MARDI
AMS;ENT AMIENS SUPER POULAINVILLE PGC;ROUEN;;4313 CANTELEU SUPER;PGC;13,4;MARDI
AMS;ENT AMIENS SUPER POULAINVILLE PGC;COTE OPALE;;4977 RUE SUPER;PGC;11,9;MARDI
AMS;ENT AMIENS SUPER POULAINVILLE PGC;LILLE;;914 MARQUETTE LES PARTISANS DU GOUT;PGC;2,0;MARDI
AMS;ENT AMIENS SUPER POULAINVILLE PGC;LENS;;ARRAS;PGC;15,4;MARDI
AMS;ENT AMIENS SUPER POULAINVILLE PGC;OISE;;BEAUVAIS;PGC;36,4;MARDI
AMS;ENT AMIENS SUPER POULAINVILLE PGC;LENS;;BETHUNE;PGC;16,6;MARDI
AMS;ENT AMIENS SUPER POULAINVILLE PGC;COTE OPALE;;BOULOGNE;PGC;34,0;MARDI
AMS;ENT AMIENS SUPER POULAINVILLE PGC;COTE OPALE;;CALAIS;PGC;16,9;MARDI
AMS;ENT AMIENS SUPER POULAINVILLE PGC;LENS;;CAMBRAI;PGC;17,4;MARDI
AMS;ENT AMIENS SUPER POULAINVILLE PGC;COTE NORMANDE;;CHERBOURG;PGC;23,6;MARDI
AMS;ENT AMIENS SUPER POULAINVILLE PGC;LILLE;;CHRONO BONDUES 4703;PGC;3,8;MARDI
AMS;ENT AMIENS SUPER POULAINVILLE PGC;OISE;;CHRONO COMPIEGNE 4345;PGC;10,7;MARDI
AMS;ENT AMIENS SUPER POULAINVILLE PGC;LENS;;CHRONO ELEU DIT LEAUWETTE 4462;PGC;2,6;MARDI
AMS;ENT AMIENS SUPER POULAINVILLE PGC;LILLE;;CHRONO HALLENNES 4167;PGC;6,5;MARDI
AMS;ENT AMIENS SUPER POULAINVILLE PGC;CAEN;;CHRONO IFS;PGC;8,6;MARDI
AMS;ENT AMIENS SUPER POULAINVILLE PGC;LILLE;;CHRONO LAMBERSART 4424;PGC;4,8;MARDI
AMS;ENT AMIENS SUPER POULAINVILLE PGC;LILLE;;CHRONO MARCQ 4128;PGC;4,8;MARDI
AMS;ENT AMIENS SUPER POULAINVILLE PGC;LILLE;;CHRONO WASQUEHAL 4303;PGC;4,5;MARDI
AMS;ENT AMIENS SUPER POULAINVILLE PGC;COTE NORMANDE;;DIEPPE;PGC;23,8;MARDI
AMS;ENT AMIENS SUPER POULAINVILLE PGC;LENS;;DOUAI;PGC;11,9;MARDI
AMS;ENT AMIENS SUPER POULAINVILLE PGC;LENS;;DRIVE ARRAS;PGC;4,1;MARDI
AMS;ENT AMIENS SUPER POULAINVILLE PGC;OISE;;DRIVE BEAUVAIS;PGC;9,7;MARDI
AMS;ENT AMIENS SUPER POULAINVILLE PGC;LENS;;DRIVE BETHUNE;PGC;4,1;MARDI
AMS;ENT AMIENS SUPER POULAINVILLE PGC;COTE OPALE;;DRIVE BOULOGNE;PGC;20,1;MARDI
AMS;ENT AMIENS SUPER POULAINVILLE PGC;COTE OPALE;;DRIVE CALAIS;PGC;4,8;MARDI
AMS;ENT AMIENS SUPER POULAINVILLE PGC;LENS;;DRIVE CAMBRAI;PGC;3,3;MARDI
AMS;ENT AMIENS SUPER POULAINVILLE PGC;COTE NORMANDE;;DRIVE CHERBOURG;PGC;4,4;MARDI
AMS;ENT AMIENS SUPER POULAINVILLE PGC;COTE NORMANDE;;DRIVE DIEPPE;PGC;9,2;MARDI
AMS;ENT AMIENS SUPER POULAINVILLE PGC;LENS;;DRIVE DOUAI;PGC;4,1;MARDI
AMS;ENT AMIENS SUPER POULAINVILLE PGC;COTE OPALE;;DRIVE DUNKERQUE;PGC;4,3;MARDI
AMS;ENT AMIENS SUPER POULAINVILLE PGC;AMIENS;;DRIVE DURY;PGC;14,7;MARDI
AMS;ENT AMIENS SUPER POULAINVILLE PGC;LILLE;;DRIVE ENGLOS;PGC;4,3;MARDI
AMS;ENT AMIENS SUPER POULAINVILLE PGC;LILLE;;DRIVE FACHES;PGC;3,9;MARDI
AMS;ENT AMIENS SUPER POULAINVILLE PGC;COTE NORMANDE;;DRIVE LE HAVRE;PGC;12,8;MARDI
AMS;ENT AMIENS SUPER POULAINVILLE PGC;LILLE;;DRIVE LEERS;PGC;5,8;MARDI
AMS;ENT AMIENS SUPER POULAINVILLE PGC;AVESNOIS;;DRIVE LOUVROIL;PGC;4,8;MARDI
AMS;ENT AMIENS SUPER POULAINVILLE PGC;COTE NORMANDE;;DRIVE MONTIVILLIERS;PGC;13,2;MARDI
AMS;ENT AMIENS SUPER POULAINVILLE PGC;OISE;;DRIVE NOGENT SUR OISE;PGC;10,5;MARDI
AMS;ENT AMIENS SUPER POULAINVILLE PGC;LENS;;DRIVE NOYELLES;PGC;3,4;MARDI
AMS;ENT AMIENS SUPER POULAINVILLE PGC;AISNE;;DRIVE NOYON;PGC;4,7;MARDI
AMS;ENT AMIENS SUPER POULAINVILLE PGC;AVESNOIS;;DRIVE PETITE FORET;PGC;2,4;MARDI
AMS;ENT AMIENS SUPER POULAINVILLE PGC;LILLE;;DRIVE RONCQ;PGC;3,9;MARDI
AMS;ENT AMIENS SUPER POULAINVILLE PGC;COTE OPALE;;DRIVE ST OMER;PGC;3,3;MARDI
AMS;ENT AMIENS SUPER POULAINVILLE PGC;AISNE;;DRIVE ST QUENTIN;PGC;6,8;MARDI
AMS;ENT AMIENS SUPER POULAINVILLE PGC;AVESNOIS;;DRIVE VALENCIENNES;PGC;6,1;MARDI
AMS;ENT AMIENS SUPER POULAINVILLE PGC;LILLE;;DRIVE VILLENEUVE D'ASCQ;PGC;3,9;MARDI
AMS;ENT AMIENS SUPER POULAINVILLE PGC;COTE OPALE;;DUNKERQUE;PGC;20,9;MARDI
AMS;ENT AMIENS SUPER POULAINVILLE PGC;AMIENS;;DURY;PGC;23,8;MARDI
AMS;ENT AMIENS SUPER POULAINVILLE PGC;LILLE;;ENGLOS;PGC;17,2;MARDI
AMS;ENT AMIENS SUPER POULAINVILLE PGC;LILLE;;FACHES;PGC;18,8;MARDI
AMS;ENT AMIENS SUPER POULAINVILLE PGC;ROUEN;;FRANQUEVILLE CHRONODRIVE 4475;PGC;7,5;MARDI
AMS;ENT AMIENS SUPER POULAINVILLE PGC;AVESNOIS;;HIRSON;PGC;8,0;MARDI
AMS;ENT AMIENS SUPER POULAINVILLE PGC;COTE NORMANDE;;LE HAVRE;PGC;29,1;MARDI
AMS;ENT AMIENS SUPER POULAINVILLE PGC;LILLE;;LEERS;PGC;24,4;MARDI
AMS;ENT AMIENS SUPER POULAINVILLE PGC;AVESNOIS;;LOUVROIL;PGC;23,9;MARDI
AMS;ENT AMIENS SUPER POULAINVILLE PGC;COTE NORMANDE;;MERS LES BAINS;PGC;15,9;MARDI
AMS;ENT AMIENS SUPER POULAINVILLE PGC;COTE NORMANDE;;MONTIVILLIERS;PGC;25,5;MARDI
AMS;ENT AMIENS SUPER POULAINVILLE PGC;OISE;;NOGENT SUR OISE;PGC;24,0;MARDI
AMS;ENT AMIENS SUPER POULAINVILLE PGC;AISNE;;NOYON;PGC;24,7;MARDI
AMS;ENT AMIENS SUPER POULAINVILLE PGC;AVESNOIS;;PETITE FORET;PGC;16,7;MARDI
AMS;ENT AMIENS SUPER POULAINVILLE PGC;LILLE;;RONCQ;PGC;31,1;MARDI
AMS;ENT AMIENS SUPER POULAINVILLE PGC;COTE OPALE;;ST OMER;PGC;24,7;MARDI
AMS;ENT AMIENS SUPER POULAINVILLE PGC;AISNE;;ST QUENTIN;PGC;20,9;MARDI
AMS;ENT AMIENS SUPER POULAINVILLE PGC;AVESNOIS;;VALENCIENNES;PGC;10,3;MARDI
AMS;ENT AMIENS SUPER POULAINVILLE PGC;LILLE;;VILLENEUVE 2;PGC;13,8;MARDI
CAR;ENT CARVIN FL;AISNE;;1186 ST QUENTIN SCHUMANN SUPER;FLEG;2,1;MARDI
CAR;ENT CARVIN FL;COTE OPALE;;1267 CALAIS DELAROCHE SUPER;FLEG;1,8;MARDI
CAR;ENT CARVIN FL;LENS;;1297 HARNES SUPER;FLEG;2,0;MARDI
CAR;ENT CARVIN FL;LILLE;;4536 LILLE WAZEMMES MY AUCHAN;FLEG;2,0;MARDI
CAR;ENT CARVIN FL;LENS;;ARRAS;FLEG;8,4;MARDI
CAR;ENT CARVIN FL;LILLE;;AUCHAN CITY TOURCOING;FLEG;6,3;MARDI
CAR;ENT CARVIN FL;LENS;;BETHUNE;FLEG;8,0;MARDI
CAR;ENT CARVIN FL;COTE OPALE;;BOULOGNE;FLEG;12,1;MARDI
CAR;ENT CARVIN FL;COTE OPALE;;CALAIS;FLEG;10,3;MARDI
CAR;ENT CARVIN FL;LENS;;CAMBRAI;FLEG;9,3;MARDI
CAR;ENT CARVIN FL;LILLE;;CHRONO AVELIN 4361;FLEG;2,0;MARDI
CAR;ENT CARVIN FL;LILLE;;CHRONO BONDUES 4703;FLEG;3,0;MARDI
CAR;ENT CARVIN FL;COTE OPALE;;CHRONO COUDEKERQUE 4242;FLEG;2,5;MARDI
CAR;ENT CARVIN FL;LILLE;;CHRONO CROIX 4154;FLEG;3,8;MARDI
CAR;ENT CARVIN FL;LENS;;CHRONO ELEU DIT LEAUWETTE 4462;FLEG;2,0;MARDI
CAR;ENT CARVIN FL;LILLE;;CHRONO HALLENNES 4167;FLEG;2,8;MARDI
CAR;ENT CARVIN FL;LILLE;;CHRONO LAMBERSART 4424;FLEG;3,8;MARDI
CAR;ENT CARVIN FL;LILLE;;CHRONO MARCQ 4128;FLEG;5,3;MARDI
CAR;ENT CARVIN FL;AVESNOIS;;CHRONO VALENCIENNES 4370;FLEG;2,0;MARDI
CAR;ENT CARVIN FL;LILLE;;CHRONO WASQUEHAL 4303;FLEG;2,5;MARDI
CAR;ENT CARVIN FL;LENS;;DOUAI;FLEG;8,5;MARDI
CAR;ENT CARVIN FL;LENS;;DRIVE ARRAS;FLEG;3,0;MARDI
CAR;ENT CARVIN FL;LENS;;DRIVE BETHUNE;FLEG;3,0;MARDI
CAR;ENT CARVIN FL;COTE OPALE;;DRIVE BOULOGNE;FLEG;3,8;MARDI
CAR;ENT CARVIN FL;COTE OPALE;;DRIVE CALAIS;FLEG;3,5;MARDI
CAR;ENT CARVIN FL;LENS;;DRIVE CAMBRAI;FLEG;3,5;MARDI
CAR;ENT CARVIN FL;LENS;;DRIVE DOUAI;FLEG;3,3;MARDI
CAR;ENT CARVIN FL;COTE OPALE;;DRIVE DUNKERQUE;FLEG;3,4;MARDI
CAR;ENT CARVIN FL;LILLE;;DRIVE ENGLOS;FLEG;3,9;MARDI
CAR;ENT CARVIN FL;LILLE;;DRIVE FACHES;FLEG;3,4;MARDI
CAR;ENT CARVIN FL;LILLE;;DRIVE LEERS;FLEG;5,6;MARDI
CAR;ENT CARVIN FL;AVESNOIS;;DRIVE LOUVROIL;FLEG;4,3;MARDI
CAR;ENT CARVIN FL;LENS;;DRIVE NOYELLES;FLEG;3,1;MARDI
CAR;ENT CARVIN FL;AVESNOIS;;DRIVE PETITE FORET;FLEG;3,1;MARDI
CAR;ENT CARVIN FL;LILLE;;DRIVE RONCQ;FLEG;4,8;MARDI
CAR;ENT CARVIN FL;COTE OPALE;;DRIVE ST OMER;FLEG;3,9;MARDI
CAR;ENT CARVIN FL;AISNE;;DRIVE ST QUENTIN;FLEG;1,5;MARDI
CAR;ENT CARVIN FL;AVESNOIS;;DRIVE VALENCIENNES;FLEG;3,1;MARDI
CAR;ENT CARVIN FL;LILLE;;DRIVE VILLENEUVE D'ASCQ;FLEG;3,3;MARDI
CAR;ENT CARVIN FL;COTE OPALE;;DUNKERQUE;FLEG;10,9;MARDI
CAR;ENT CARVIN FL;LILLE;;ENGLOS;FLEG;17,8;MARDI
CAR;ENT CARVIN FL;LILLE;;FACHES;FLEG;15,6;MARDI
CAR;ENT CARVIN FL;AVESNOIS;;HIRSON;FLEG;6,3;MARDI
CAR;ENT CARVIN FL;LILLE;;LEERS;FLEG;17,3;MARDI
CAR;ENT CARVIN FL;AVESNOIS;;LOUVROIL;FLEG;18,4;MARDI
CAR;ENT CARVIN FL;LENS;;NOYELLES GODAULT;FLEG;10,5;MARDI
CAR;ENT CARVIN FL;AVESNOIS;;PETITE FORET;FLEG;14,1;MARDI
CAR;ENT CARVIN FL;LILLE;;RONCQ;FLEG;21,3;MARDI
CAR;ENT CARVIN FL;COTE OPALE;;ST OMER;FLEG;12,1;MARDI
CAR;ENT CARVIN FL;AISNE;;ST QUENTIN;FLEG;6,3;MARDI
CAR;ENT CARVIN FL;AVESNOIS;;VALENCIENNES;FLEG;6,1;MARDI
CAR;ENT CARVIN FL;LILLE;;VILLENEUVE 2;FLEG;15,7;MARDI
CAR;ENT CARVIN FL;AISNE;;VIRY NOUREUIL;FLEG;5,5;MARDI
CAR;ENT CARVIN PF;AISNE;;1186 ST QUENTIN SCHUMANN SUPER;PF;4,3;MARDI
CAR;ENT CARVIN PF;COTE OPALE;;1267 CALAIS DELAROCHE SUPER;PF;3,3;MARDI
CAR;ENT CARVIN PF;LENS;;1297 HARNES SUPER;PF;5,0;MARDI
CAR;ENT CARVIN PF;LILLE;;4536 LILLE WAZEMMES MY AUCHAN;PF;4,8;MARDI
CAR;ENT CARVIN PF;LENS;;4926 BILLY BERCLAU SUPER;PF;3,3;MARDI
CAR;ENT CARVIN PF;LILLE;;914 MARQUETTE LES PARTISANS DU GOUT;PF;2,5;MARDI
CAR;ENT CARVIN PF;LENS;;ARRAS;PF;25,3;MARDI
CAR;ENT CARVIN PF;LILLE;;AUCHAN CITY TOURCOING;PF;14,0;MARDI
CAR;ENT CARVIN PF;LENS;;BETHUNE;PF;27,0;MARDI
CAR;ENT CARVIN PF;COTE OPALE;;BOULOGNE;PF;33,1;MARDI
CAR;ENT CARVIN PF;COTE OPALE;;CALAIS;PF;32,5;MARDI
CAR;ENT CARVIN PF;LENS;;CAMBRAI;PF;31,0;MARDI
CAR;ENT CARVIN PF;LILLE;;CHRONO AVELIN 4361;PF;4,8;MARDI
CAR;ENT CARVIN PF;LILLE;;CHRONO BONDUES 4703;PF;5,5;MARDI
CAR;ENT CARVIN PF;COTE OPALE;;CHRONO COUDEKERQUE 4242;PF;5,3;MARDI
CAR;ENT CARVIN PF;LILLE;;CHRONO CROIX 4154;PF;5,8;MARDI
CAR;ENT CARVIN PF;LENS;;CHRONO ELEU DIT LEAUWETTE 4462;PF;4,0;MARDI
CAR;ENT CARVIN PF;LILLE;;CHRONO HALLENNES 4167;PF;5,8;MARDI
CAR;ENT CARVIN PF;LILLE;;CHRONO LAMBERSART 4424;PF;5,8;MARDI
CAR;ENT CARVIN PF;LILLE;;CHRONO MARCQ 4128;PF;7,3;MARDI
CAR;ENT CARVIN PF;AVESNOIS;;CHRONO VALENCIENNES 4370;PF;3,8;MARDI
CAR;ENT CARVIN PF;LILLE;;CHRONO WASQUEHAL 4303;PF;5,0;MARDI
CAR;ENT CARVIN PF;LENS;;DOUAI;PF;27,7;MARDI
CAR;ENT CARVIN PF;LENS;;DRIVE ARRAS;PF;7,3;MARDI
CAR;ENT CARVIN PF;LENS;;DRIVE BETHUNE;PF;7,0;MARDI
CAR;ENT CARVIN PF;COTE OPALE;;DRIVE BOULOGNE;PF;9,5;MARDI
CAR;ENT CARVIN PF;COTE OPALE;;DRIVE CALAIS;PF;12,0;MARDI
CAR;ENT CARVIN PF;LENS;;DRIVE CAMBRAI;PF;7,3;MARDI
CAR;ENT CARVIN PF;LENS;;DRIVE DOUAI;PF;7,0;MARDI
CAR;ENT CARVIN PF;COTE OPALE;;DRIVE DUNKERQUE;PF;7,0;MARDI
CAR;ENT CARVIN PF;LILLE;;DRIVE ENGLOS;PF;14,3;MARDI
CAR;ENT CARVIN PF;LILLE;;DRIVE FACHES;PF;8,8;MARDI
CAR;ENT CARVIN PF;LILLE;;DRIVE LEERS;PF;13,6;MARDI
CAR;ENT CARVIN PF;AVESNOIS;;DRIVE LOUVROIL;PF;9,5;MARDI
CAR;ENT CARVIN PF;LENS;;DRIVE NOYELLES;PF;7,5;MARDI
CAR;ENT CARVIN PF;AVESNOIS;;DRIVE PETITE FORET;PF;5,0;MARDI
CAR;ENT CARVIN PF;LILLE;;DRIVE RONCQ;PF;11,0;MARDI
CAR;ENT CARVIN PF;COTE OPALE;;DRIVE ST OMER;PF;8,5;MARDI
CAR;ENT CARVIN PF;AISNE;;DRIVE ST QUENTIN;PF;4,8;MARDI
CAR;ENT CARVIN PF;AVESNOIS;;DRIVE VALENCIENNES;PF;5,8;MARDI
CAR;ENT CARVIN PF;LILLE;;DRIVE VILLENEUVE D'ASCQ;PF;7,0;MARDI
CAR;ENT CARVIN PF;COTE OPALE;;DUNKERQUE;PF;35,1;MARDI
CAR;ENT CARVIN PF;LILLE;;ENGLOS;PF;44,0;MARDI
CAR;ENT CARVIN PF;LILLE;;FACHES;PF;34,7;MARDI
CAR;ENT CARVIN PF;AVESNOIS;;HIRSON;PF;16,5;MARDI
CAR;ENT CARVIN PF;LILLE;;LEERS;PF;47,2;MARDI
CAR;ENT CARVIN PF;AVESNOIS;;LOUVROIL;PF;47,1;MARDI
CAR;ENT CARVIN PF;LENS;;NOYELLES GODAULT;PF;28,3;MARDI
CAR;ENT CARVIN PF;AVESNOIS;;PETITE FORET;PF;33,2;MARDI
CAR;ENT CARVIN PF;LILLE;;RONCQ;PF;53,3;MARDI
CAR;ENT CARVIN PF;COTE OPALE;;ST OMER;PF;39,0;MARDI
CAR;ENT CARVIN PF;AISNE;;ST QUENTIN;PF;21,3;MARDI
CAR;ENT CARVIN PF;AVESNOIS;;VALENCIENNES;PF;17,4;MARDI
CAR;ENT CARVIN PF;LILLE;;VILLENEUVE 2;PF;29,4;MARDI
CAR;ENT CARVIN PF;AISNE;;VIRY NOUREUIL;PF;18,0;MARDI
LSQ;ENT ID LOGISTICS BREBIERES;LENS;;ARRAS;PGC;0,9;MARDI
LSQ;ENT ID LOGISTICS BREBIERES;OISE;;BEAUVAIS;PGC;4,1;MARDI
LSQ;ENT ID LOGISTICS BREBIERES;LENS;;BETHUNE;PGC;0,6;MARDI
LSQ;ENT ID LOGISTICS BREBIERES;COTE OPALE;;BOULOGNE;PGC;0,7;MARDI
LSQ;ENT ID LOGISTICS BREBIERES;COTE OPALE;;CALAIS;PGC;2,5;MARDI
LSQ;ENT ID LOGISTICS BREBIERES;LENS;;CAMBRAI;PGC;2,5;MARDI
LSQ;ENT ID LOGISTICS BREBIERES;COTE NORMANDE;;CHERBOURG;PGC;0,4;MARDI
LSQ;ENT ID LOGISTICS BREBIERES;COTE NORMANDE;;DIEPPE;PGC;2,1;MARDI
LSQ;ENT ID LOGISTICS BREBIERES;LENS;;DOUAI;PGC;2,8;MARDI
LSQ;ENT ID LOGISTICS BREBIERES;COTE OPALE;;DUNKERQUE;PGC;1,8;MARDI
LSQ;ENT ID LOGISTICS BREBIERES;AMIENS;;DURY;PGC;2,9;MARDI
LSQ;ENT ID LOGISTICS BREBIERES;LILLE;;ENGLOS;PGC;2,5;MARDI
LSQ;ENT ID LOGISTICS BREBIERES;LILLE;;FACHES;PGC;1,6;MARDI
LSQ;ENT ID LOGISTICS BREBIERES;AVESNOIS;;HIRSON;PGC;1,6;MARDI
LSQ;ENT ID LOGISTICS BREBIERES;COTE NORMANDE;;LE HAVRE;PGC;3,3;MARDI
LSQ;ENT ID LOGISTICS BREBIERES;LILLE;;LEERS;PGC;1,0;MARDI
LSQ;ENT ID LOGISTICS BREBIERES;AVESNOIS;;LOUVROIL;PGC;4,2;MARDI
LSQ;ENT ID LOGISTICS BREBIERES;COTE NORMANDE;;MERS LES BAINS;PGC;2,1;MARDI
LSQ;ENT ID LOGISTICS BREBIERES;COTE NORMANDE;;MONTIVILLIERS;PGC;2,7;MARDI
LSQ;ENT ID LOGISTICS BREBIERES;OISE;;NOGENT SUR OISE;PGC;1,4;MARDI
LSQ;ENT ID LOGISTICS BREBIERES;AISNE;;NOYON;PGC;0,4;MARDI
LSQ;ENT ID LOGISTICS BREBIERES;AVESNOIS;;PETITE FORET;PGC;3,5;MARDI
LSQ;ENT ID LOGISTICS BREBIERES;LILLE;;RONCQ;PGC;1,1;MARDI
LSQ;ENT ID LOGISTICS BREBIERES;COTE OPALE;;ST OMER;PGC;0,8;MARDI
LSQ;ENT ID LOGISTICS BREBIERES;AISNE;;ST QUENTIN;PGC;0,6;MARDI
LSQ;ENT ID LOGISTICS BREBIERES;AVESNOIS;;VALENCIENNES;PGC;0,3;MARDI
LSQ;ENT ID LOGISTICS BREBIERES;LILLE;;VILLENEUVE 2;PGC;1,3;MARDI
LSQ;ENT IENA1;COTE OPALE;;1267 CALAIS DELAROCHE SUPER;PGC;3,4;MARDI
LSQ;ENT IENA1;ROUEN;;4313 CANTELEU SUPER;PGC;0,6;MARDI
LSQ;ENT IENA1;LILLE;;914 MARQUETTE LES PARTISANS DU GOUT;PGC;1,0;MARDI
LSQ;ENT IENA1;LENS;;ARRAS;PGC;10,6;MARDI
LSQ;ENT IENA1;OISE;;BEAUVAIS;PGC;2,7;MARDI
LSQ;ENT IENA1;LENS;;BETHUNE;PGC;24,4;MARDI
LSQ;ENT IENA1;COTE OPALE;;BOULOGNE;PGC;1,5;MARDI
LSQ;ENT IENA1;COTE OPALE;;CALAIS;PGC;28,6;MARDI
LSQ;ENT IENA1;LENS;;CAMBRAI;PGC;21,5;MARDI
LSQ;ENT IENA1;LILLE;;CHRONO BONDUES 4703;PGC;3,5;MARDI
LSQ;ENT IENA1;OISE;;CHRONO COMPIEGNE 4345;PGC;1,0;MARDI
LSQ;ENT IENA1;LENS;;CHRONO ELEU DIT LEAUWETTE 4462;PGC;3,5;MARDI
LSQ;ENT IENA1;LILLE;;CHRONO HALLENNES 4167;PGC;2,8;MARDI
LSQ;ENT IENA1;CAEN;;CHRONO IFS;PGC;1,0;MARDI
LSQ;ENT IENA1;LILLE;;CHRONO LAMBERSART 4424;PGC;5,5;MARDI
LSQ;ENT IENA1;LILLE;;CHRONO MARCQ 4128;PGC;5,0;MARDI
LSQ;ENT IENA1;LILLE;;CHRONO WASQUEHAL 4303;PGC;3,1;MARDI
LSQ;ENT IENA1;COTE NORMANDE;;DIEPPE;PGC;2,0;MARDI
LSQ;ENT IENA1;LENS;;DOUAI;PGC;19,3;MARDI
LSQ;ENT IENA1;LENS;;DRIVE ARRAS;PGC;4,3;MARDI
LSQ;ENT IENA1;OISE;;DRIVE BEAUVAIS;PGC;1,0;MARDI
LSQ;ENT IENA1;LENS;;DRIVE BETHUNE;PGC;4,9;MARDI
LSQ;ENT IENA1;COTE OPALE;;DRIVE CALAIS;PGC;5,5;MARDI
LSQ;ENT IENA1;LENS;;DRIVE CAMBRAI;PGC;5,5;MARDI
LSQ;ENT IENA1;COTE NORMANDE;;DRIVE CHERBOURG;PGC;1,0;MARDI
LSQ;ENT IENA1;COTE NORMANDE;;DRIVE DIEPPE;PGC;1,0;MARDI
LSQ;ENT IENA1;LENS;;DRIVE DOUAI;PGC;8,8;MARDI
LSQ;ENT IENA1;COTE OPALE;;DRIVE DUNKERQUE;PGC;6,8;MARDI
LSQ;ENT IENA1;LILLE;;DRIVE ENGLOS;PGC;12,3;MARDI
LSQ;ENT IENA1;LILLE;;DRIVE FACHES;PGC;6,6;MARDI
LSQ;ENT IENA1;LILLE;;DRIVE LEERS;PGC;9,9;MARDI
LSQ;ENT IENA1;AVESNOIS;;DRIVE LOUVROIL;PGC;10,8;MARDI
LSQ;ENT IENA1;OISE;;DRIVE NOGENT SUR OISE;PGC;1,0;MARDI
LSQ;ENT IENA1;LENS;;DRIVE NOYELLES;PGC;7,4;MARDI
LSQ;ENT IENA1;AISNE;;DRIVE NOYON;PGC;1,0;MARDI
LSQ;ENT IENA1;AVESNOIS;;DRIVE PETITE FORET;PGC;3,9;MARDI
LSQ;ENT IENA1;LILLE;;DRIVE RONCQ;PGC;22,0;MARDI
LSQ;ENT IENA1;COTE OPALE;;DRIVE ST OMER;PGC;10,5;MARDI
LSQ;ENT IENA1;AISNE;;DRIVE ST QUENTIN;PGC;1,0;MARDI
LSQ;ENT IENA1;AVESNOIS;;DRIVE VALENCIENNES;PGC;7,4;MARDI
LSQ;ENT IENA1;LILLE;;DRIVE VILLENEUVE D'ASCQ;PGC;7,6;MARDI
LSQ;ENT IENA1;COTE OPALE;;DUNKERQUE;PGC;21,9;MARDI
LSQ;ENT IENA1;AMIENS;;DURY;PGC;2,5;MARDI
LSQ;ENT IENA1;LILLE;;ENGLOS;PGC;25,4;MARDI
LSQ;ENT IENA1;LILLE;;FACHES;PGC;19,1;MARDI
LSQ;ENT IENA1;AVESNOIS;;HIRSON;PGC;9,3;MARDI
LSQ;ENT IENA1;EST;;ILLKIRCH;PGC;1,8;MARDI
LSQ;ENT IENA1;EST;;KIRCHBERG;PGC;1,0;MARDI
LSQ;ENT IENA1;EST;;LA CLOCHE D'OR;PGC;6,0;MARDI
LSQ;ENT IENA1;COTE NORMANDE;;LE HAVRE;PGC;2,0;MARDI
LSQ;ENT IENA1;LILLE;;LEERS;PGC;32,9;MARDI
LSQ;ENT IENA1;AVESNOIS;;LOUVROIL;PGC;41,5;MARDI
LSQ;ENT IENA1;COTE NORMANDE;;MERS LES BAINS;PGC;7,2;MARDI
LSQ;ENT IENA1;EST;;MONT SAINT MARTIN;PGC;2,8;MARDI
LSQ;ENT IENA1;COTE NORMANDE;;MONTIVILLIERS;PGC;2,5;MARDI
LSQ;ENT IENA1;OISE;;NOGENT SUR OISE;PGC;2,0;MARDI
LSQ;ENT IENA1;AISNE;;NOYON;PGC;3,0;MARDI
LSQ;ENT IENA1;AVESNOIS;;PETITE FORET;PGC;18,5;MARDI
LSQ;ENT IENA1;LILLE;;RONCQ;PGC;42,6;MARDI
LSQ;ENT IENA1;EST;;SCHWEIGHOUSE;PGC;1,8;MARDI
LSQ;ENT IENA1;EST;;SEMECOURT;PGC;1,8;MARDI
LSQ;ENT IENA1;COTE OPALE;;ST OMER;PGC;24,1;MARDI
LSQ;ENT IENA1;AISNE;;ST QUENTIN;PGC;2,0;MARDI
LSQ;ENT IENA1;EST;;STRASBOURG;PGC;1,6;MARDI
LSQ;ENT IENA1;AVESNOIS;;VALENCIENNES;PGC;12,0;MARDI
LSQ;ENT IENA1;LILLE;;VILLENEUVE 2;PGC;16,9;MARDI
LSQ;ENT IENA2;LENS;;ARRAS;NAL;6,5;MARDI
LSQ;ENT IENA2;COTE OPALE;;CALAIS;NAL;1,3;MARDI
LSQ;ENT IENA2;LENS;;CAMBRAI;NAL;0,6;MARDI
LSQ;ENT IENA2;COTE NORMANDE;;DIEPPE;NAL;7,6;MARDI
LSQ;ENT IENA2;LENS;;DOUAI;NAL;8,9;MARDI
LSQ;ENT IENA2;LILLE;;ENGLOS;NAL;1,0;MARDI
LSQ;ENT IENA2;LILLE;;FACHES;NAL;1,3;MARDI
LSQ;ENT IENA2;EST;;ILLKIRCH;NAL;5,4;MARDI
LSQ;ENT IENA2;EST;;LA CLOCHE D'OR;NAL;2,7;MARDI
LSQ;ENT IENA2;COTE NORMANDE;;LE HAVRE;NAL;6,8;MARDI
LSQ;ENT IENA2;LILLE;;LEERS;NAL;1,0;MARDI
LSQ;ENT IENA2;AVESNOIS;;LOUVROIL;NAL;1,1;MARDI
LSQ;ENT IENA2;COTE NORMANDE;;MERS LES BAINS;NAL;1,3;MARDI
LSQ;ENT IENA2;AISNE;;NOYON;NAL;1,0;MARDI
LSQ;ENT IENA2;AVESNOIS;;PETITE FORET;NAL;1,1;MARDI
LSQ;ENT IENA2;LILLE;;RONCQ;NAL;1,0;MARDI
LSQ;ENT IENA2;EST;;SCHWEIGHOUSE;NAL;4,6;MARDI
LSQ;ENT IENA2;EST;;SEMECOURT;NAL;1,3;MARDI
LSQ;ENT IENA2;COTE OPALE;;ST OMER;NAL;1,0;MARDI
LSQ;ENT IENA2;AISNE;;ST QUENTIN;NAL;1,3;MARDI
LSQ;ENT IENA2;EST;;STRASBOURG;NAL;5,2;MARDI
LSQ;ENT IENA2;LILLE;;VILLENEUVE 2;NAL;1,3;MARDI
LSQ;ENT MEYZIEU MEDLEY SUD;LENS;;ARRAS;NAL;1,0;MARDI
LSQ;ENT MEYZIEU MEDLEY SUD;OISE;;BEAUVAIS;NAL;1,8;MARDI
LSQ;ENT MEYZIEU MEDLEY SUD;LENS;;BETHUNE;NAL;1,0;MARDI
LSQ;ENT MEYZIEU MEDLEY SUD;COTE OPALE;;BOULOGNE;NAL;1,3;MARDI
LSQ;ENT MEYZIEU MEDLEY SUD;COTE OPALE;;CALAIS;NAL;1,0;MARDI
LSQ;ENT MEYZIEU MEDLEY SUD;LENS;;CAMBRAI;NAL;2,5;MARDI
LSQ;ENT MEYZIEU MEDLEY SUD;COTE NORMANDE;;CHERBOURG;NAL;1,0;MARDI
LSQ;ENT MEYZIEU MEDLEY SUD;COTE NORMANDE;;DIEPPE;NAL;1,0;MARDI
LSQ;ENT MEYZIEU MEDLEY SUD;LENS;;DOUAI;NAL;1,0;MARDI
LSQ;ENT MEYZIEU MEDLEY SUD;COTE OPALE;;DUNKERQUE;NAL;2,0;MARDI
LSQ;ENT MEYZIEU MEDLEY SUD;AMIENS;;DURY;NAL;1,0;MARDI
LSQ;ENT MEYZIEU MEDLEY SUD;LILLE;;ENGLOS;NAL;2,0;MARDI
LSQ;ENT MEYZIEU MEDLEY SUD;LILLE;;FACHES;NAL;1,0;MARDI
LSQ;ENT MEYZIEU MEDLEY SUD;AVESNOIS;;HIRSON;NAL;1,0;MARDI
LSQ;ENT MEYZIEU MEDLEY SUD;COTE NORMANDE;;LE HAVRE;NAL;1,0;MARDI
LSQ;ENT MEYZIEU MEDLEY SUD;LILLE;;LEERS;NAL;1,8;MARDI
LSQ;ENT MEYZIEU MEDLEY SUD;AVESNOIS;;LOUVROIL;NAL;1,0;MARDI
LSQ;ENT MEYZIEU MEDLEY SUD;COTE NORMANDE;;MERS LES BAINS;NAL;1,0;MARDI
LSQ;ENT MEYZIEU MEDLEY SUD;COTE NORMANDE;;MONTIVILLIERS;NAL;2,0;MARDI
LSQ;ENT MEYZIEU MEDLEY SUD;OISE;;NOGENT SUR OISE;NAL;1,8;MARDI
LSQ;ENT MEYZIEU MEDLEY SUD;AISNE;;NOYON;NAL;1,0;MARDI
LSQ;ENT MEYZIEU MEDLEY SUD;AVESNOIS;;PETITE FORET;NAL;1,8;MARDI
LSQ;ENT MEYZIEU MEDLEY SUD;LILLE;;RONCQ;NAL;1,8;MARDI
LSQ;ENT MEYZIEU MEDLEY SUD;COTE OPALE;;ST OMER;NAL;1,0;MARDI
LSQ;ENT MEYZIEU MEDLEY SUD;AISNE;;ST QUENTIN;NAL;1,0;MARDI
LSQ;ENT MEYZIEU MEDLEY SUD;AVESNOIS;;VALENCIENNES;NAL;1,0;MARDI
LSQ;ENT MEYZIEU MEDLEY SUD;LILLE;;VILLENEUVE 2;NAL;1,0;MARDI
LSQ;ENT SAINGHIN1;COTE OPALE;;1267 CALAIS DELAROCHE SUPER;PGC;6,4;MARDI
LSQ;ENT SAINGHIN1;ROUEN;;4313 CANTELEU SUPER;PGC;4,4;MARDI
LSQ;ENT SAINGHIN1;COTE OPALE;;4977 RUE SUPER;PGC;5,0;MARDI
LSQ;ENT SAINGHIN1;LILLE;;914 MARQUETTE LES PARTISANS DU GOUT;PGC;1,0;MARDI
LSQ;ENT SAINGHIN1;LENS;;ARRAS;PGC;9,4;MARDI
LSQ;ENT SAINGHIN1;OISE;;BEAUVAIS;PGC;23,5;MARDI
LSQ;ENT SAINGHIN1;LENS;;BETHUNE;PGC;15,2;MARDI
LSQ;ENT SAINGHIN1;COTE OPALE;;BOULOGNE;PGC;27,4;MARDI
LSQ;ENT SAINGHIN1;COTE OPALE;;CALAIS;PGC;31,8;MARDI
LSQ;ENT SAINGHIN1;LENS;;CAMBRAI;PGC;20,9;MARDI
LSQ;ENT SAINGHIN1;COTE NORMANDE;;CHERBOURG;PGC;6,8;MARDI
LSQ;ENT SAINGHIN1;LILLE;;CHRONO BONDUES 4703;PGC;6,2;MARDI
LSQ;ENT SAINGHIN1;OISE;;CHRONO COMPIEGNE 4345;PGC;3,6;MARDI
LSQ;ENT SAINGHIN1;LENS;;CHRONO ELEU DIT LEAUWETTE 4462;PGC;3,5;MARDI
LSQ;ENT SAINGHIN1;LILLE;;CHRONO HALLENNES 4167;PGC;6,9;MARDI
LSQ;ENT SAINGHIN1;CAEN;;CHRONO IFS;PGC;2,7;MARDI
LSQ;ENT SAINGHIN1;LILLE;;CHRONO LAMBERSART 4424;PGC;4,6;MARDI
LSQ;ENT SAINGHIN1;LILLE;;CHRONO MARCQ 4128;PGC;7,6;MARDI
LSQ;ENT SAINGHIN1;LILLE;;CHRONO WASQUEHAL 4303;PGC;5,7;MARDI
LSQ;ENT SAINGHIN1;COTE NORMANDE;;DIEPPE;PGC;8,4;MARDI
LSQ;ENT SAINGHIN1;LENS;;DOUAI;PGC;21,1;MARDI
LSQ;ENT SAINGHIN1;LENS;;DRIVE ARRAS;PGC;3,3;MARDI
LSQ;ENT SAINGHIN1;OISE;;DRIVE BEAUVAIS;PGC;2,4;MARDI
LSQ;ENT SAINGHIN1;LENS;;DRIVE BETHUNE;PGC;2,4;MARDI
LSQ;ENT SAINGHIN1;COTE OPALE;;DRIVE BOULOGNE;PGC;4,0;MARDI
LSQ;ENT SAINGHIN1;COTE OPALE;;DRIVE CALAIS;PGC;10,1;MARDI
LSQ;ENT SAINGHIN1;LENS;;DRIVE CAMBRAI;PGC;8,3;MARDI
LSQ;ENT SAINGHIN1;COTE NORMANDE;;DRIVE CHERBOURG;PGC;2,3;MARDI
LSQ;ENT SAINGHIN1;COTE NORMANDE;;DRIVE DIEPPE;PGC;2,7;MARDI
LSQ;ENT SAINGHIN1;LENS;;DRIVE DOUAI;PGC;5,7;MARDI
LSQ;ENT SAINGHIN1;COTE OPALE;;DRIVE DUNKERQUE;PGC;4,7;MARDI
LSQ;ENT SAINGHIN1;AMIENS;;DRIVE DURY;PGC;2,6;MARDI
LSQ;ENT SAINGHIN1;LILLE;;DRIVE ENGLOS;PGC;9,9;MARDI
LSQ;ENT SAINGHIN1;LILLE;;DRIVE FACHES;PGC;7,7;MARDI
LSQ;ENT SAINGHIN1;COTE NORMANDE;;DRIVE LE HAVRE;PGC;2,8;MARDI
LSQ;ENT SAINGHIN1;LILLE;;DRIVE LEERS;PGC;3,5;MARDI
LSQ;ENT SAINGHIN1;AVESNOIS;;DRIVE LOUVROIL;PGC;3,4;MARDI
LSQ;ENT SAINGHIN1;COTE NORMANDE;;DRIVE MONTIVILLIERS;PGC;4,0;MARDI
LSQ;ENT SAINGHIN1;OISE;;DRIVE NOGENT SUR OISE;PGC;2,1;MARDI
LSQ;ENT SAINGHIN1;LENS;;DRIVE NOYELLES;PGC;9,9;MARDI
LSQ;ENT SAINGHIN1;AISNE;;DRIVE NOYON;PGC;2,4;MARDI
LSQ;ENT SAINGHIN1;AVESNOIS;;DRIVE PETITE FORET;PGC;2,4;MARDI
LSQ;ENT SAINGHIN1;LILLE;;DRIVE RONCQ;PGC;4,3;MARDI
LSQ;ENT SAINGHIN1;COTE OPALE;;DRIVE ST OMER;PGC;13,2;MARDI
LSQ;ENT SAINGHIN1;AISNE;;DRIVE ST QUENTIN;PGC;1,6;MARDI
LSQ;ENT SAINGHIN1;AVESNOIS;;DRIVE VALENCIENNES;PGC;7,0;MARDI
LSQ;ENT SAINGHIN1;LILLE;;DRIVE VILLENEUVE D'ASCQ;PGC;2,9;MARDI
LSQ;ENT SAINGHIN1;COTE OPALE;;DUNKERQUE;PGC;24,3;MARDI
LSQ;ENT SAINGHIN1;AMIENS;;DURY;PGC;27,4;MARDI
LSQ;ENT SAINGHIN1;LILLE;;ENGLOS;PGC;25,3;MARDI
LSQ;ENT SAINGHIN1;LILLE;;FACHES;PGC;22,4;MARDI
LSQ;ENT SAINGHIN1;ROUEN;;FRANQUEVILLE CHRONODRIVE 4475;PGC;2,6;MARDI
LSQ;ENT SAINGHIN1;AVESNOIS;;HIRSON;PGC;14,4;MARDI
LSQ;ENT SAINGHIN1;COTE NORMANDE;;LE HAVRE;PGC;15,0;MARDI
LSQ;ENT SAINGHIN1;LILLE;;LEERS;PGC;51,8;MARDI
LSQ;ENT SAINGHIN1;AVESNOIS;;LOUVROIL;PGC;23,2;MARDI
LSQ;ENT SAINGHIN1;COTE NORMANDE;;MERS LES BAINS;PGC;9,7;MARDI
LSQ;ENT SAINGHIN1;COTE NORMANDE;;MONTIVILLIERS;PGC;12,6;MARDI
LSQ;ENT SAINGHIN1;OISE;;NOGENT SUR OISE;PGC;25,0;MARDI
LSQ;ENT SAINGHIN1;AISNE;;NOYON;PGC;21,3;MARDI
LSQ;ENT SAINGHIN1;AVESNOIS;;PETITE FORET;PGC;17,3;MARDI
LSQ;ENT SAINGHIN1;LILLE;;RONCQ;PGC;22,6;MARDI
LSQ;ENT SAINGHIN1;COTE OPALE;;ST OMER;PGC;33,2;MARDI
LSQ;ENT SAINGHIN1;AISNE;;ST QUENTIN;PGC;16,8;MARDI
LSQ;ENT SAINGHIN1;AVESNOIS;;VALENCIENNES;PGC;12,4;MARDI
LSQ;ENT SAINGHIN1;LILLE;;VILLENEUVE 2;PGC;15,8;MARDI
LSQ;ENT SERRIS 1;COTE OPALE;;1267 CALAIS DELAROCHE SUPER;PGC;0,6;MARDI
AMS;ENT SERRIS 1;ROUEN;;4313 CANTELEU SUPER;PGC;0,5;MARDI
AMS;ENT SERRIS 1;COTE OPALE;;4977 RUE SUPER;PGC;0,5;MARDI
LSQ;ENT SERRIS 1;LENS;;ARRAS;PGC;1,1;MARDI
AMS;ENT SERRIS 1;OISE;;BEAUVAIS;PGC;1,3;MARDI
LSQ;ENT SERRIS 1;LENS;;BETHUNE;PGC;3,3;MARDI
LSQ;ENT SERRIS 1;COTE OPALE;;CALAIS;PGC;1,4;MARDI
LSQ;ENT SERRIS 1;LENS;;CAMBRAI;PGC;1,1;MARDI
LSQ;ENT SERRIS 1;LILLE;;CHRONO BONDUES 4703;PGC;0,6;MARDI
AMS;ENT SERRIS 1;OISE;;CHRONO COMPIEGNE 4345;PGC;1,0;MARDI
LSQ;ENT SERRIS 1;LENS;;CHRONO ELEU DIT LEAUWETTE 4462;PGC;1,0;MARDI
AMS;ENT SERRIS 1;CAEN;;CHRONO IFS;PGC;0,6;MARDI
LSQ;ENT SERRIS 1;LILLE;;CHRONO LAMBERSART 4424;PGC;0,6;MARDI
LSQ;ENT SERRIS 1;LILLE;;CHRONO MARCQ 4128;PGC;0,5;MARDI
LSQ;ENT SERRIS 1;LILLE;;CHRONO WASQUEHAL 4303;PGC;0,6;MARDI
LSQ;ENT SERRIS 1;LENS;;DOUAI;PGC;1,1;MARDI
LSQ;ENT SERRIS 1;LENS;;DRIVE ARRAS;PGC;1,0;MARDI
AMS;ENT SERRIS 1;OISE;;DRIVE BEAUVAIS;PGC;0,6;MARDI
LSQ;ENT SERRIS 1;LENS;;DRIVE BETHUNE;PGC;0,7;MARDI
LSQ;ENT SERRIS 1;COTE OPALE;;DRIVE CALAIS;PGC;1,0;MARDI
LSQ;ENT SERRIS 1;LENS;;DRIVE DOUAI;PGC;0,5;MARDI
LSQ;ENT SERRIS 1;COTE OPALE;;DRIVE DUNKERQUE;PGC;0,5;MARDI
AMS;ENT SERRIS 1;AMIENS;;DRIVE DURY;PGC;0,9;MARDI
AMS;ENT SERRIS 1;COTE NORMANDE;;DRIVE LE HAVRE;PGC;1,0;MARDI
LSQ;ENT SERRIS 1;LILLE;;DRIVE LEERS;PGC;1,5;MARDI
LSQ;ENT SERRIS 1;AVESNOIS;;DRIVE LOUVROIL;PGC;1,5;MARDI
LSQ;ENT SERRIS 1;LENS;;DRIVE NOYELLES;PGC;0,5;MARDI
LSQ;ENT SERRIS 1;AISNE;;DRIVE ST QUENTIN;PGC;0,5;MARDI
LSQ;ENT SERRIS 1;AVESNOIS;;DRIVE VALENCIENNES;PGC;0,5;MARDI
LSQ;ENT SERRIS 1;LILLE;;ENGLOS;PGC;1,7;MARDI
LSQ;ENT SERRIS 1;LILLE;;FACHES;PGC;2,0;MARDI
AMS;ENT SERRIS 1;ROUEN;;FRANQUEVILLE CHRONODRIVE 4475;PGC;0,5;MARDI
AMS;ENT SERRIS 1;COTE NORMANDE;;LE HAVRE;PGC;7,0;MARDI
LSQ;ENT SERRIS 1;LILLE;;LEERS;PGC;1,5;MARDI
LSQ;ENT SERRIS 1;AVESNOIS;;LOUVROIL;PGC;2,1;MARDI
AMS;ENT SERRIS 1;COTE NORMANDE;;MERS LES BAINS;PGC;1,1;MARDI
AMS;ENT SERRIS 1;COTE NORMANDE;;MONTIVILLIERS;PGC;1,8;MARDI
AMS;ENT SERRIS 1;OISE;;NOGENT SUR OISE;PGC;1,3;MARDI
AMS;ENT SERRIS 1;AISNE;;NOYON;PGC;1,1;MARDI
LSQ;ENT SERRIS 1;AVESNOIS;;PETITE FORET;PGC;4,3;MARDI
LSQ;ENT SERRIS 1;LILLE;;RONCQ;PGC;2,1;MARDI
LSQ;ENT SERRIS 1;COTE OPALE;;ST OMER;PGC;6,2;MARDI
LSQ;ENT SERRIS 1;AISNE;;ST QUENTIN;PGC;1,1;MARDI
LSQ;ENT SERRIS 1;AVESNOIS;;VALENCIENNES;PGC;1,0;MARDI
LSQ;ENT SERRIS 1;LILLE;;VILLENEUVE 2;PGC;4,9;MARDI
AMS;ENT SERRIS 2;OISE;;BEAUVAIS;PGC;0,5;MARDI
LSQ;ENT SERRIS 2;LENS;;BETHUNE;PGC;0,5;MARDI
LSQ;ENT SERRIS 2;COTE OPALE;;CALAIS;PGC;0,5;MARDI
LSQ;ENT SERRIS 2;LENS;;CAMBRAI;PGC;0,5;MARDI
LSQ;ENT SERRIS 2;LENS;;DOUAI;PGC;0,5;MARDI
LSQ;ENT SERRIS 2;LILLE;;ENGLOS;PGC;0,5;MARDI
LSQ;ENT SERRIS 2;LILLE;;FACHES;PGC;0,5;MARDI
AMS;ENT SERRIS 2;COTE NORMANDE;;LE HAVRE;PGC;0,5;MARDI
LSQ;ENT SERRIS 2;LILLE;;LEERS;PGC;0,5;MARDI
LSQ;ENT SERRIS 2;AVESNOIS;;LOUVROIL;PGC;0,5;MARDI
AMS;ENT SERRIS 2;COTE NORMANDE;;MERS LES BAINS;PGC;0,5;MARDI
AMS;ENT SERRIS 2;COTE NORMANDE;;MONTIVILLIERS;PGC;0,5;MARDI
AMS;ENT SERRIS 2;OISE;;NOGENT SUR OISE;PGC;1,0;MARDI
AMS;ENT SERRIS 2;AISNE;;NOYON;PGC;0,5;MARDI
LSQ;ENT SERRIS 2;AVESNOIS;;PETITE FORET;PGC;0,5;MARDI
LSQ;ENT SERRIS 2;LILLE;;RONCQ;PGC;0,5;MARDI
LSQ;ENT SERRIS 2;COTE OPALE;;ST OMER;PGC;0,5;MARDI
LSQ;ENT SERRIS 2;AISNE;;ST QUENTIN;PGC;0,5;MARDI
LSQ;ENT SERRIS 2;AVESNOIS;;VALENCIENNES;PGC;0,5;MARDI
LSQ;ENT SERRIS 2;LILLE;;VILLENEUVE 2;PGC;0,5;MARDI
DIEP;ENT SOCOPAL DIEPPE;AISNE;;1186 ST QUENTIN SCHUMANN SUPER;SURG;3,3;MARDI
DIEP;ENT SOCOPAL DIEPPE;ROUEN;;4313 CANTELEU SUPER;SURG;2,3;MARDI
DIEP;ENT SOCOPAL DIEPPE;COTE OPALE;;4977 RUE SUPER;SURG;2,0;MARDI
DIEP;ENT SOCOPAL DIEPPE;LENS;;ARRAS;SURG;5,0;MARDI
DIEP;ENT SOCOPAL DIEPPE;LILLE;;AUCHAN CITY TOURCOING;SURG;4,3;MARDI
DIEP;ENT SOCOPAL DIEPPE;OISE;;BEAUVAIS;SURG;5,3;MARDI
DIEP;ENT SOCOPAL DIEPPE;COTE OPALE;;BOULOGNE;SURG;8,5;MARDI
DIEP;ENT SOCOPAL DIEPPE;COTE OPALE;;CALAIS;SURG;6,0;MARDI
DIEP;ENT SOCOPAL DIEPPE;LENS;;CAMBRAI;SURG;7,5;MARDI
DIEP;ENT SOCOPAL DIEPPE;IDF;;CERGY CHRONODRIVE 469;SURG;2,8;MARDI
DIEP;ENT SOCOPAL DIEPPE;COTE NORMANDE;;CHERBOURG;SURG;3,0;MARDI
DIEP;ENT SOCOPAL DIEPPE;LILLE;;CHRONO BONDUES 4703;SURG;2,8;MARDI
DIEP;ENT SOCOPAL DIEPPE;COTE OPALE;;CHRONO COUDEKERQUE 4242;SURG;2,0;MARDI
DIEP;ENT SOCOPAL DIEPPE;LILLE;;CHRONO CROIX 4154;SURG;2,8;MARDI
DIEP;ENT SOCOPAL DIEPPE;LILLE;;CHRONO HALLENNES 4167;SURG;2,5;MARDI
DIEP;ENT SOCOPAL DIEPPE;LILLE;;CHRONO LAMBERSART 4424;SURG;2,5;MARDI
DIEP;ENT SOCOPAL DIEPPE;LILLE;;CHRONO MARCQ 4128;SURG;3,3;MARDI
DIEP;ENT SOCOPAL DIEPPE;LILLE;;CHRONO WASQUEHAL 4303;SURG;1,8;MARDI
DIEP;ENT SOCOPAL DIEPPE;COTE NORMANDE;;DIEPPE;SURG;4,5;MARDI
DIEP;ENT SOCOPAL DIEPPE;LENS;;DOUAI;SURG;4,3;MARDI
DIEP;ENT SOCOPAL DIEPPE;LENS;;DRIVE ARRAS;SURG;2,3;MARDI
DIEP;ENT SOCOPAL DIEPPE;OISE;;DRIVE BEAUVAIS;SURG;1,5;MARDI
DIEP;ENT SOCOPAL DIEPPE;COTE OPALE;;DRIVE BOULOGNE;SURG;2,0;MARDI
DIEP;ENT SOCOPAL DIEPPE;LENS;;DRIVE CAMBRAI;SURG;1,8;MARDI
DIEP;ENT SOCOPAL DIEPPE;COTE NORMANDE;;DRIVE CHERBOURG;SURG;1,0;MARDI
DIEP;ENT SOCOPAL DIEPPE;COTE NORMANDE;;DRIVE DIEPPE;SURG;1,5;MARDI
DIEP;ENT SOCOPAL DIEPPE;COTE OPALE;;DRIVE DUNKERQUE;SURG;1,8;MARDI
DIEP;ENT SOCOPAL DIEPPE;AMIENS;;DRIVE DURY;SURG;2,5;MARDI
DIEP;ENT SOCOPAL DIEPPE;LILLE;;DRIVE FACHES;SURG;1,0;MARDI
DIEP;ENT SOCOPAL DIEPPE;LILLE;;DRIVE LEERS;SURG;3,5;MARDI
DIEP;ENT SOCOPAL DIEPPE;AVESNOIS;;DRIVE LOUVROIL;SURG;2,0;MARDI
DIEP;ENT SOCOPAL DIEPPE;OISE;;DRIVE NOGENT SUR OISE;SURG;1,0;MARDI
DIEP;ENT SOCOPAL DIEPPE;AISNE;;DRIVE NOYON;SURG;1,3;MARDI
DIEP;ENT SOCOPAL DIEPPE;AVESNOIS;;DRIVE PETITE FORET;SURG;1,0;MARDI
DIEP;ENT SOCOPAL DIEPPE;AISNE;;DRIVE ST QUENTIN;SURG;1,0;MARDI
DIEP;ENT SOCOPAL DIEPPE;AVESNOIS;;DRIVE VALENCIENNES;SURG;1,3;MARDI
DIEP;ENT SOCOPAL DIEPPE;LILLE;;DRIVE VILLENEUVE D'ASCQ;SURG;1,0;MARDI
DIEP;ENT SOCOPAL DIEPPE;COTE OPALE;;DUNKERQUE;SURG;7,0;MARDI
DIEP;ENT SOCOPAL DIEPPE;AMIENS;;DURY;SURG;5,8;MARDI
DIEP;ENT SOCOPAL DIEPPE;LILLE;;ENGLOS;SURG;5,8;MARDI
DIEP;ENT SOCOPAL DIEPPE;LILLE;;FACHES;SURG;6,5;MARDI
DIEP;ENT SOCOPAL DIEPPE;AVESNOIS;;HIRSON;SURG;4,0;MARDI
DIEP;ENT SOCOPAL DIEPPE;IDF;;HOUILLES SUPER 1073;SURG;5,5;MARDI
DIEP;ENT SOCOPAL DIEPPE;IDF;;LA QUEUE LES YVELINES SUPER 1096;SURG;5,5;MARDI
DIEP;ENT SOCOPAL DIEPPE;LILLE;;LEERS;SURG;7,3;MARDI
DIEP;ENT SOCOPAL DIEPPE;AVESNOIS;;LOUVROIL;SURG;5,0;MARDI
DIEP;ENT SOCOPAL DIEPPE;COTE NORMANDE;;MERS LES BAINS;SURG;4,8;MARDI
DIEP;ENT SOCOPAL DIEPPE;OISE;;MERU;SURG;5,8;MARDI
DIEP;ENT SOCOPAL DIEPPE;OISE;;NOGENT SUR OISE;SURG;5,3;MARDI
DIEP;ENT SOCOPAL DIEPPE;AISNE;;NOYON;SURG;5,8;MARDI
DIEP;ENT SOCOPAL DIEPPE;AVESNOIS;;PETITE FORET;SURG;8,5;MARDI
DIEP;ENT SOCOPAL DIEPPE;LILLE;;RONCQ;SURG;5,5;MARDI
DIEP;ENT SOCOPAL DIEPPE;IDF;;SOISY;SURG;4,5;MARDI
DIEP;ENT SOCOPAL DIEPPE;AISNE;;ST QUENTIN;SURG;5,5;MARDI
DIEP;ENT SOCOPAL DIEPPE;IDF;;TRAPPES SUPER 1383;SURG;6,0;MARDI
DIEP;ENT SOCOPAL DIEPPE;AVESNOIS;;VALENCIENNES;SURG;1,8;MARDI
DIEP;ENT SOCOPAL DIEPPE;LILLE;;VILLENEUVE 2;SURG;4,3;MARDI
DIEP;ENT SOCOPAL DIEPPE;AISNE;;VIRY NOUREUIL;SURG;4,3;MARDI
LSQ;ENT V DHL;CAEN;;CHRONO IFS;NAL;2,4;MARDI
LSQ;ENT V DHL;ROUEN;;FRANQUEVILLE CHRONODRIVE 4475;NAL;2,1;MARDI
LSQ;ENT V GEODIS;COTE OPALE;;1267 CALAIS DELAROCHE SUPER;NAL;0,9;MARDI
LSQ;ENT V GEODIS;ROUEN;;4313 CANTELEU SUPER;NAL;0,6;MARDI
AMS;ENT AMIENS BINAT;AISNE;;1186 ST QUENTIN SCHUMANN SUPER;PGC;3,5;MERCREDI
AMS;ENT AMIENS BINAT;LENS;;1297 HARNES SUPER;PGC;2,8;MERCREDI
AMS;ENT AMIENS BINAT;LILLE;;4536 LILLE WAZEMMES MY AUCHAN;PGC;1,8;MERCREDI
AMS;ENT AMIENS BINAT;LENS;;4926 BILLY BERCLAU SUPER;PGC;1,3;MERCREDI
AMS;ENT AMIENS BINAT;LENS;;ARRAS;PGC;7,6;MERCREDI
AMS;ENT AMIENS BINAT;LILLE;;AUCHAN CITY TOURCOING;PGC;7,2;MERCREDI
AMS;ENT AMIENS BINAT;OISE;;BEAUVAIS;PGC;5,8;MERCREDI
AMS;ENT AMIENS BINAT;COTE OPALE;;BOULOGNE;PGC;9,8;MERCREDI
AMS;ENT AMIENS BINAT;COTE OPALE;;CALAIS;PGC;14,1;MERCREDI
AMS;ENT AMIENS BINAT;LENS;;CAMBRAI;PGC;12,3;MERCREDI
AMS;ENT AMIENS BINAT;COTE NORMANDE;;CHERBOURG;PGC;7,3;MERCREDI
AMS;ENT AMIENS BINAT;LILLE;;CHRONO BONDUES 4703;PGC;11,3;MERCREDI
AMS;ENT AMIENS BINAT;COTE OPALE;;CHRONO COUDEKERQUE 4242;PGC;4,7;MERCREDI
AMS;ENT AMIENS BINAT;LILLE;;CHRONO CROIX 4154;PGC;5,8;MERCREDI
AMS;ENT AMIENS BINAT;LENS;;CHRONO ELEU DIT LEAUWETTE 4462;PGC;4,6;MERCREDI
AMS;ENT AMIENS BINAT;LILLE;;CHRONO HALLENNES 4167;PGC;2,0;MERCREDI
AMS;ENT AMIENS BINAT;LILLE;;CHRONO LAMBERSART 4424;PGC;7,8;MERCREDI
AMS;ENT AMIENS BINAT;LILLE;;CHRONO MARCQ 4128;PGC;5,8;MERCREDI
AMS;ENT AMIENS BINAT;AVESNOIS;;CHRONO VALENCIENNES 4370;PGC;2,8;MERCREDI
AMS;ENT AMIENS BINAT;LILLE;;CHRONO WASQUEHAL 4303;PGC;8,4;MERCREDI
AMS;ENT AMIENS BINAT;COTE NORMANDE;;DIEPPE;PGC;5,9;MERCREDI
AMS;ENT AMIENS BINAT;LENS;;DRIVE ARRAS;PGC;3,4;MERCREDI
AMS;ENT AMIENS BINAT;OISE;;DRIVE BEAUVAIS;PGC;1,9;MERCREDI
AMS;ENT AMIENS BINAT;LENS;;DRIVE BETHUNE;PGC;3,4;MERCREDI
AMS;ENT AMIENS BINAT;COTE OPALE;;DRIVE BOULOGNE;PGC;8,0;MERCREDI
AMS;ENT AMIENS BINAT;COTE OPALE;;DRIVE CALAIS;PGC;4,8;MERCREDI
AMS;ENT AMIENS BINAT;LENS;;DRIVE CAMBRAI;PGC;5,8;MERCREDI
AMS;ENT AMIENS BINAT;COTE NORMANDE;;DRIVE CHERBOURG;PGC;2,9;MERCREDI
AMS;ENT AMIENS BINAT;COTE NORMANDE;;DRIVE DIEPPE;PGC;4,4;MERCREDI
AMS;ENT AMIENS BINAT;LENS;;DRIVE DOUAI;PGC;2,9;MERCREDI
AMS;ENT AMIENS BINAT;COTE OPALE;;DRIVE DUNKERQUE;PGC;5,2;MERCREDI
AMS;ENT AMIENS BINAT;AMIENS;;DRIVE DURY;PGC;6,6;MERCREDI
AMS;ENT AMIENS BINAT;LILLE;;DRIVE ENGLOS;PGC;7,6;MERCREDI
AMS;ENT AMIENS BINAT;LILLE;;DRIVE FACHES;PGC;4,6;MERCREDI
AMS;ENT AMIENS BINAT;COTE NORMANDE;;DRIVE LE HAVRE;PGC;7,5;MERCREDI
AMS;ENT AMIENS BINAT;LILLE;;DRIVE LEERS;PGC;6,4;MERCREDI
AMS;ENT AMIENS BINAT;AVESNOIS;;DRIVE LOUVROIL;PGC;8,3;MERCREDI
AMS;ENT AMIENS BINAT;COTE NORMANDE;;DRIVE MONTIVILLIERS;PGC;6,9;MERCREDI
AMS;ENT AMIENS BINAT;OISE;;DRIVE NOGENT SUR OISE;PGC;1,4;MERCREDI
AMS;ENT AMIENS BINAT;LENS;;DRIVE NOYELLES;PGC;2,9;MERCREDI
AMS;ENT AMIENS BINAT;AISNE;;DRIVE NOYON;PGC;1,1;MERCREDI
AMS;ENT AMIENS BINAT;AVESNOIS;;DRIVE PETITE FORET;PGC;4,0;MERCREDI
AMS;ENT AMIENS BINAT;LILLE;;DRIVE RONCQ;PGC;7,4;MERCREDI
AMS;ENT AMIENS BINAT;COTE OPALE;;DRIVE ST OMER;PGC;6,7;MERCREDI
AMS;ENT AMIENS BINAT;AISNE;;DRIVE ST QUENTIN;PGC;1,6;MERCREDI
AMS;ENT AMIENS BINAT;AVESNOIS;;DRIVE VALENCIENNES;PGC;3,0;MERCREDI
AMS;ENT AMIENS BINAT;LILLE;;DRIVE VILLENEUVE D'ASCQ;PGC;4,6;MERCREDI
AMS;ENT AMIENS BINAT;COTE OPALE;;DUNKERQUE;PGC;15,2;MERCREDI
AMS;ENT AMIENS BINAT;AMIENS;;DURY;PGC;13,7;MERCREDI
AMS;ENT AMIENS BINAT;LILLE;;ENGLOS;PGC;24,0;MERCREDI
AMS;ENT AMIENS BINAT;LILLE;;FACHES;PGC;15,8;MERCREDI
AMS;ENT AMIENS BINAT;AVESNOIS;;HIRSON;PGC;7,7;MERCREDI
AMS;ENT AMIENS BINAT;COTE NORMANDE;;LE HAVRE;PGC;13,5;MERCREDI
AMS;ENT AMIENS BINAT;LILLE;;LEERS;PGC;29,3;MERCREDI
AMS;ENT AMIENS BINAT;OISE;;LONGUEIL SAINTE MARIE SUPER 4315;PGC;1,2;MERCREDI
AMS;ENT AMIENS BINAT;AVESNOIS;;LOUVROIL;PGC;22,8;MERCREDI
AMS;ENT AMIENS BINAT;COTE NORMANDE;;MERS LES BAINS;PGC;10,5;MERCREDI
AMS;ENT AMIENS BINAT;OISE;;MERU;PGC;14,9;MERCREDI
AMS;ENT AMIENS BINAT;COTE NORMANDE;;MONTIVILLIERS;PGC;16,8;MERCREDI
AMS;ENT AMIENS BINAT;LENS;;NOYELLES GODAULT;PGC;20,3;MERCREDI
AMS;ENT AMIENS BINAT;AISNE;;NOYON;PGC;6,8;MERCREDI
AMS;ENT AMIENS BINAT;AVESNOIS;;PETITE FORET;PGC;9,5;MERCREDI
AMS;ENT AMIENS BINAT;LILLE;;RONCQ;PGC;27,0;MERCREDI
AMS;ENT AMIENS BINAT;COTE OPALE;;ST OMER;PGC;20,2;MERCREDI
AMS;ENT AMIENS BINAT;AVESNOIS;;VALENCIENNES;PGC;3,5;MERCREDI
AMS;ENT AMIENS BINAT;LILLE;;VILLENEUVE 2;PGC;15,3;MERCREDI
AMS;ENT AMIENS BINAT;AISNE;;VIRY NOUREUIL;PGC;9,2;MERCREDI
SAU;ENT AMIENS SAINT SAUVEUR FLEG;ROUEN;;4313 CANTELEU SUPER;FLEG;1,0;MERCREDI
SAU;ENT AMIENS SAINT SAUVEUR FLEG;COTE OPALE;;4977 RUE SUPER;FLEG;1,0;MERCREDI
SAU;ENT AMIENS SAINT SAUVEUR FLEG;OISE;;BEAUVAIS;FLEG;10,0;MERCREDI
SAU;ENT AMIENS SAINT SAUVEUR FLEG;CAEN;;CAEN CHRONO 352;FLEG;1,0;MERCREDI
SAU;ENT AMIENS SAINT SAUVEUR FLEG;IDF;;CERGY;FLEG;19,7;MERCREDI
SAU;ENT AMIENS SAINT SAUVEUR FLEG;IDF;;CERGY CHRONODRIVE 469;FLEG;4,0;MERCREDI
SAU;ENT AMIENS SAINT SAUVEUR FLEG;COTE NORMANDE;;CHERBOURG;FLEG;9,5;MERCREDI
SAU;ENT AMIENS SAINT SAUVEUR FLEG;OISE;;CHRONO COMPIEGNE 4345;FLEG;1,8;MERCREDI
SAU;ENT AMIENS SAINT SAUVEUR FLEG;IDF;;CORMEILLES EN PARISIS CHRONODRIVE 413;FLEG;2,8;MERCREDI
SAU;ENT AMIENS SAINT SAUVEUR FLEG;COTE NORMANDE;;DIEPPE;FLEG;11,0;MERCREDI
SAU;ENT AMIENS SAINT SAUVEUR FLEG;OISE;;DRIVE BEAUVAIS;FLEG;1,9;MERCREDI
SAU;ENT AMIENS SAINT SAUVEUR FLEG;IDF;;DRIVE CERGY;FLEG;2,8;MERCREDI
SAU;ENT AMIENS SAINT SAUVEUR FLEG;COTE NORMANDE;;DRIVE CHERBOURG;FLEG;1,5;MERCREDI
SAU;ENT AMIENS SAINT SAUVEUR FLEG;COTE NORMANDE;;DRIVE DIEPPE;FLEG;2,0;MERCREDI
SAU;ENT AMIENS SAINT SAUVEUR FLEG;AMIENS;;DRIVE DURY;FLEG;3,8;MERCREDI
SAU;ENT AMIENS SAINT SAUVEUR FLEG;COTE NORMANDE;;DRIVE LE HAVRE;FLEG;4,0;MERCREDI
SAU;ENT AMIENS SAINT SAUVEUR FLEG;COTE NORMANDE;;DRIVE MONTIVILLIERS;FLEG;2,9;MERCREDI
SAU;ENT AMIENS SAINT SAUVEUR FLEG;OISE;;DRIVE NOGENT SUR OISE;FLEG;2,5;MERCREDI
SAU;ENT AMIENS SAINT SAUVEUR FLEG;AISNE;;DRIVE NOYON;FLEG;1,5;MERCREDI
SAU;ENT AMIENS SAINT SAUVEUR FLEG;IDF;;DRIVE OSNY;FLEG;2,3;MERCREDI
SAU;ENT AMIENS SAINT SAUVEUR FLEG;IDF;;DRIVE ROISSY;FLEG;2,1;MERCREDI
SAU;ENT AMIENS SAINT SAUVEUR FLEG;IDF;;DRIVE TAVERNY;FLEG;4,5;MERCREDI
SAU;ENT AMIENS SAINT SAUVEUR FLEG;AMIENS;;DURY;FLEG;16,6;MERCREDI
SAU;ENT AMIENS SAINT SAUVEUR FLEG;ROUEN;;FRANQUEVILLE CHRONODRIVE 4475;FLEG;1,5;MERCREDI
SAU;ENT AMIENS SAINT SAUVEUR FLEG;IDF;;HERBLAY CHRONODRIVE 444;FLEG;1,8;MERCREDI
SAU;ENT AMIENS SAINT SAUVEUR FLEG;IDF;;HOUILLES SUPER 1073;FLEG;4,8;MERCREDI
SAU;ENT AMIENS SAINT SAUVEUR FLEG;COTE NORMANDE;;LE HAVRE;FLEG;20,7;MERCREDI
SAU;ENT AMIENS SAINT SAUVEUR FLEG;IDF;;LES MUREAUX HALLES AUCHAN;FLEG;4,0;MERCREDI
SAU;ENT AMIENS SAINT SAUVEUR FLEG;COTE NORMANDE;;MERS LES BAINS;FLEG;14,3;MERCREDI
SAU;ENT AMIENS SAINT SAUVEUR FLEG;OISE;;MERU;FLEG;10,3;MERCREDI
SAU;ENT AMIENS SAINT SAUVEUR FLEG;COTE NORMANDE;;MONTIVILLIERS;FLEG;16,2;MERCREDI
SAU;ENT AMIENS SAINT SAUVEUR FLEG;OISE;;NOGENT SUR OISE;FLEG;10,3;MERCREDI
SAU;ENT AMIENS SAINT SAUVEUR FLEG;AISNE;;NOYON;FLEG;11,4;MERCREDI
SAU;ENT AMIENS SAINT SAUVEUR FLEG;IDF;;OSNY;FLEG;13,1;MERCREDI
SAU;ENT AMIENS SAINT SAUVEUR FLEG;IDF;;ROISSY;FLEG;8,0;MERCREDI
SAU;ENT AMIENS SAINT SAUVEUR FLEG;IDF;;SOISY;FLEG;23,0;MERCREDI
SAU;ENT AMIENS SAINT SAUVEUR FLEG;IDF;;TAVERNY;FLEG;17,7;MERCREDI
SAU;ENT AMIENS SAINT SAUVEUR PF;ROUEN;;4313 CANTELEU SUPER;PF;6,8;MERCREDI
SAU;ENT AMIENS SAINT SAUVEUR PF;COTE OPALE;;4977 RUE SUPER;PF;6,5;MERCREDI
SAU;ENT AMIENS SAINT SAUVEUR PF;OISE;;BEAUVAIS;PF;32,3;MERCREDI
SAU;ENT AMIENS SAINT SAUVEUR PF;CAEN;;CAEN CHRONO 352;PF;3,8;MERCREDI
SAU;ENT AMIENS SAINT SAUVEUR PF;COTE NORMANDE;;CHERBOURG;PF;20,9;MERCREDI
SAU;ENT AMIENS SAINT SAUVEUR PF;OISE;;CHRONO COMPIEGNE 4345;PF;5,0;MERCREDI
SAU;ENT AMIENS SAINT SAUVEUR PF;COTE NORMANDE;;DIEPPE;PF;30,7;MERCREDI
SAU;ENT AMIENS SAINT SAUVEUR PF;OISE;;DRIVE BEAUVAIS;PF;6,5;MERCREDI
SAU;ENT AMIENS SAINT SAUVEUR PF;COTE NORMANDE;;DRIVE CHERBOURG;PF;4,5;MERCREDI
SAU;ENT AMIENS SAINT SAUVEUR PF;COTE NORMANDE;;DRIVE DIEPPE;PF;9,3;MERCREDI
SAU;ENT AMIENS SAINT SAUVEUR PF;AMIENS;;DRIVE DURY;PF;10,8;MERCREDI
SAU;ENT AMIENS SAINT SAUVEUR PF;COTE NORMANDE;;DRIVE LE HAVRE;PF;16,5;MERCREDI
SAU;ENT AMIENS SAINT SAUVEUR PF;COTE NORMANDE;;DRIVE MONTIVILLIERS;PF;15,3;MERCREDI
SAU;ENT AMIENS SAINT SAUVEUR PF;AISNE;;DRIVE NOYON;PF;5,0;MERCREDI
SAU;ENT AMIENS SAINT SAUVEUR PF;AMIENS;;DURY;PF;36,1;MERCREDI
SAU;ENT AMIENS SAINT SAUVEUR PF;ROUEN;;FRANQUEVILLE CHRONODRIVE 4475;PF;4,0;MERCREDI
SAU;ENT AMIENS SAINT SAUVEUR PF;COTE NORMANDE;;LE HAVRE;PF;42,1;MERCREDI
SAU;ENT AMIENS SAINT SAUVEUR PF;OISE;;LONGUEIL SAINTE MARIE SUPER 4315;PF;3,3;MERCREDI
SAU;ENT AMIENS SAINT SAUVEUR PF;COTE NORMANDE;;MERS LES BAINS;PF;25,0;MERCREDI
SAU;ENT AMIENS SAINT SAUVEUR PF;COTE NORMANDE;;MONTIVILLIERS;PF;41,4;MERCREDI
SAU;ENT AMIENS SAINT SAUVEUR PF;AISNE;;NOYON;PF;27,2;MERCREDI
SAU;ENT AMIENS SAINT SAUVEUR PF;ROUEN;;VAL DE REUIL SUPER 1209;PF;1,0;MERCREDI
AMS;ENT AMIENS SUPER POULAINVILLE PGC;AISNE;;1186 ST QUENTIN SCHUMANN SUPER;PGC;10,8;MERCREDI
AMS;ENT AMIENS SUPER POULAINVILLE PGC;LENS;;1297 HARNES SUPER;PGC;5,5;MERCREDI
AMS;ENT AMIENS SUPER POULAINVILLE PGC;LILLE;;4536 LILLE WAZEMMES MY AUCHAN;PGC;3,5;MERCREDI
AMS;ENT AMIENS SUPER POULAINVILLE PGC;LENS;;4926 BILLY BERCLAU SUPER;PGC;2,6;MERCREDI
AMS;ENT AMIENS SUPER POULAINVILLE PGC;LENS;;ARRAS;PGC;11,5;MERCREDI
AMS;ENT AMIENS SUPER POULAINVILLE PGC;LILLE;;AUCHAN CITY TOURCOING;PGC;10,4;MERCREDI
AMS;ENT AMIENS SUPER POULAINVILLE PGC;OISE;;BEAUVAIS;PGC;20,3;MERCREDI
AMS;ENT AMIENS SUPER POULAINVILLE PGC;COTE OPALE;;BOULOGNE;PGC;23,2;MERCREDI
AMS;ENT AMIENS SUPER POULAINVILLE PGC;COTE OPALE;;CALAIS;PGC;13,9;MERCREDI
AMS;ENT AMIENS SUPER POULAINVILLE PGC;LENS;;CAMBRAI;PGC;25,1;MERCREDI
AMS;ENT AMIENS SUPER POULAINVILLE PGC;COTE NORMANDE;;CHERBOURG;PGC;18,8;MERCREDI
AMS;ENT AMIENS SUPER POULAINVILLE PGC;LILLE;;CHRONO BONDUES 4703;PGC;5,0;MERCREDI
AMS;ENT AMIENS SUPER POULAINVILLE PGC;COTE OPALE;;CHRONO COUDEKERQUE 4242;PGC;4,4;MERCREDI
AMS;ENT AMIENS SUPER POULAINVILLE PGC;LILLE;;CHRONO CROIX 4154;PGC;6,6;MERCREDI
AMS;ENT AMIENS SUPER POULAINVILLE PGC;LENS;;CHRONO ELEU DIT LEAUWETTE 4462;PGC;3,8;MERCREDI
AMS;ENT AMIENS SUPER POULAINVILLE PGC;LILLE;;CHRONO HALLENNES 4167;PGC;3,3;MERCREDI
AMS;ENT AMIENS SUPER POULAINVILLE PGC;LILLE;;CHRONO LAMBERSART 4424;PGC;3,4;MERCREDI
AMS;ENT AMIENS SUPER POULAINVILLE PGC;LILLE;;CHRONO MARCQ 4128;PGC;4,8;MERCREDI
AMS;ENT AMIENS SUPER POULAINVILLE PGC;AVESNOIS;;CHRONO VALENCIENNES 4370;PGC;3,0;MERCREDI
AMS;ENT AMIENS SUPER POULAINVILLE PGC;LILLE;;CHRONO WASQUEHAL 4303;PGC;3,9;MERCREDI
AMS;ENT AMIENS SUPER POULAINVILLE PGC;COTE NORMANDE;;DIEPPE;PGC;23,7;MERCREDI
AMS;ENT AMIENS SUPER POULAINVILLE PGC;LENS;;DRIVE ARRAS;PGC;3,7;MERCREDI
AMS;ENT AMIENS SUPER POULAINVILLE PGC;OISE;;DRIVE BEAUVAIS;PGC;7,8;MERCREDI
AMS;ENT AMIENS SUPER POULAINVILLE PGC;LENS;;DRIVE BETHUNE;PGC;4,0;MERCREDI
AMS;ENT AMIENS SUPER POULAINVILLE PGC;COTE OPALE;;DRIVE BOULOGNE;PGC;16,6;MERCREDI
AMS;ENT AMIENS SUPER POULAINVILLE PGC;COTE OPALE;;DRIVE CALAIS;PGC;3,9;MERCREDI
AMS;ENT AMIENS SUPER POULAINVILLE PGC;LENS;;DRIVE CAMBRAI;PGC;4,1;MERCREDI
AMS;ENT AMIENS SUPER POULAINVILLE PGC;COTE NORMANDE;;DRIVE CHERBOURG;PGC;3,4;MERCREDI
AMS;ENT AMIENS SUPER POULAINVILLE PGC;COTE NORMANDE;;DRIVE DIEPPE;PGC;9,1;MERCREDI
AMS;ENT AMIENS SUPER POULAINVILLE PGC;LENS;;DRIVE DOUAI;PGC;3,4;MERCREDI
AMS;ENT AMIENS SUPER POULAINVILLE PGC;COTE OPALE;;DRIVE DUNKERQUE;PGC;3,1;MERCREDI
AMS;ENT AMIENS SUPER POULAINVILLE PGC;AMIENS;;DRIVE DURY;PGC;9,6;MERCREDI
AMS;ENT AMIENS SUPER POULAINVILLE PGC;LILLE;;DRIVE ENGLOS;PGC;6,3;MERCREDI
AMS;ENT AMIENS SUPER POULAINVILLE PGC;LILLE;;DRIVE FACHES;PGC;3,9;MERCREDI
AMS;ENT AMIENS SUPER POULAINVILLE PGC;COTE NORMANDE;;DRIVE LE HAVRE;PGC;12,4;MERCREDI
AMS;ENT AMIENS SUPER POULAINVILLE PGC;LILLE;;DRIVE LEERS;PGC;6,0;MERCREDI
AMS;ENT AMIENS SUPER POULAINVILLE PGC;AVESNOIS;;DRIVE LOUVROIL;PGC;5,4;MERCREDI
AMS;ENT AMIENS SUPER POULAINVILLE PGC;COTE NORMANDE;;DRIVE MONTIVILLIERS;PGC;15,0;MERCREDI
AMS;ENT AMIENS SUPER POULAINVILLE PGC;OISE;;DRIVE NOGENT SUR OISE;PGC;7,8;MERCREDI
AMS;ENT AMIENS SUPER POULAINVILLE PGC;LENS;;DRIVE NOYELLES;PGC;4,9;MERCREDI
AMS;ENT AMIENS SUPER POULAINVILLE PGC;AISNE;;DRIVE NOYON;PGC;5,3;MERCREDI
AMS;ENT AMIENS SUPER POULAINVILLE PGC;AVESNOIS;;DRIVE PETITE FORET;PGC;4,1;MERCREDI
AMS;ENT AMIENS SUPER POULAINVILLE PGC;LILLE;;DRIVE RONCQ;PGC;6,5;MERCREDI
AMS;ENT AMIENS SUPER POULAINVILLE PGC;COTE OPALE;;DRIVE ST OMER;PGC;5,6;MERCREDI
AMS;ENT AMIENS SUPER POULAINVILLE PGC;AISNE;;DRIVE ST QUENTIN;PGC;8,4;MERCREDI
AMS;ENT AMIENS SUPER POULAINVILLE PGC;AVESNOIS;;DRIVE VALENCIENNES;PGC;3,4;MERCREDI
AMS;ENT AMIENS SUPER POULAINVILLE PGC;LILLE;;DRIVE VILLENEUVE D'ASCQ;PGC;4,0;MERCREDI
AMS;ENT AMIENS SUPER POULAINVILLE PGC;COTE OPALE;;DUNKERQUE;PGC;17,4;MERCREDI
AMS;ENT AMIENS SUPER POULAINVILLE PGC;AMIENS;;DURY;PGC;32,2;MERCREDI
AMS;ENT AMIENS SUPER POULAINVILLE PGC;LILLE;;ENGLOS;PGC;17,0;MERCREDI
AMS;ENT AMIENS SUPER POULAINVILLE PGC;LILLE;;FACHES;PGC;16,3;MERCREDI
AMS;ENT AMIENS SUPER POULAINVILLE PGC;AVESNOIS;;HIRSON;PGC;7,5;MERCREDI
AMS;ENT AMIENS SUPER POULAINVILLE PGC;COTE NORMANDE;;LE HAVRE;PGC;41,4;MERCREDI
AMS;ENT AMIENS SUPER POULAINVILLE PGC;LILLE;;LEERS;PGC;23,2;MERCREDI
AMS;ENT AMIENS SUPER POULAINVILLE PGC;OISE;;LONGUEIL SAINTE MARIE SUPER 4315;PGC;4,2;MERCREDI
AMS;ENT AMIENS SUPER POULAINVILLE PGC;AVESNOIS;;LOUVROIL;PGC;20,4;MERCREDI
AMS;ENT AMIENS SUPER POULAINVILLE PGC;COTE NORMANDE;;MERS LES BAINS;PGC;16,0;MERCREDI
AMS;ENT AMIENS SUPER POULAINVILLE PGC;OISE;;MERU;PGC;35,8;MERCREDI
AMS;ENT AMIENS SUPER POULAINVILLE PGC;COTE NORMANDE;;MONTIVILLIERS;PGC;28,5;MERCREDI
AMS;ENT AMIENS SUPER POULAINVILLE PGC;LENS;;NOYELLES GODAULT;PGC;24,3;MERCREDI
AMS;ENT AMIENS SUPER POULAINVILLE PGC;AISNE;;NOYON;PGC;27,2;MERCREDI
AMS;ENT AMIENS SUPER POULAINVILLE PGC;AVESNOIS;;PETITE FORET;PGC;13,8;MERCREDI
AMS;ENT AMIENS SUPER POULAINVILLE PGC;LILLE;;RONCQ;PGC;27,4;MERCREDI
AMS;ENT AMIENS SUPER POULAINVILLE PGC;COTE OPALE;;ST OMER;PGC;19,2;MERCREDI
AMS;ENT AMIENS SUPER POULAINVILLE PGC;AVESNOIS;;VALENCIENNES;PGC;6,8;MERCREDI
AMS;ENT AMIENS SUPER POULAINVILLE PGC;LILLE;;VILLENEUVE 2;PGC;12,6;MERCREDI
AMS;ENT AMIENS SUPER POULAINVILLE PGC;AISNE;;VIRY NOUREUIL;PGC;26,6;MERCREDI
CAR;ENT CARVIN FL;AISNE;;1186 ST QUENTIN SCHUMANN SUPER;FLEG;3,4;MERCREDI
CAR;ENT CARVIN FL;COTE OPALE;;1267 CALAIS DELAROCHE SUPER;FLEG;2,0;MERCREDI
CAR;ENT CARVIN FL;LENS;;1297 HARNES SUPER;FLEG;2,0;MERCREDI
CAR;ENT CARVIN FL;LILLE;;4536 LILLE WAZEMMES MY AUCHAN;FLEG;2,0;MERCREDI
CAR;ENT CARVIN FL;LENS;;4926 BILLY BERCLAU SUPER;FLEG;1,3;MERCREDI
CAR;ENT CARVIN FL;LENS;;ARRAS;FLEG;13,3;MERCREDI
CAR;ENT CARVIN FL;LILLE;;AUCHAN CITY TOURCOING;FLEG;6,5;MERCREDI
CAR;ENT CARVIN FL;LENS;;BETHUNE;FLEG;10,5;MERCREDI
CAR;ENT CARVIN FL;COTE OPALE;;BOULOGNE;FLEG;20,3;MERCREDI
CAR;ENT CARVIN FL;COTE OPALE;;CALAIS;FLEG;16,3;MERCREDI
CAR;ENT CARVIN FL;LENS;;CAMBRAI;FLEG;13,8;MERCREDI
CAR;ENT CARVIN FL;LILLE;;CHRONO AVELIN 4361;FLEG;2,3;MERCREDI
CAR;ENT CARVIN FL;LILLE;;CHRONO BONDUES 4703;FLEG;3,0;MERCREDI
CAR;ENT CARVIN FL;COTE OPALE;;CHRONO COUDEKERQUE 4242;FLEG;2,5;MERCREDI
CAR;ENT CARVIN FL;LILLE;;CHRONO CROIX 4154;FLEG;3,3;MERCREDI
CAR;ENT CARVIN FL;LENS;;CHRONO ELEU DIT LEAUWETTE 4462;FLEG;2,0;MERCREDI
CAR;ENT CARVIN FL;LILLE;;CHRONO HALLENNES 4167;FLEG;3,5;MERCREDI
CAR;ENT CARVIN FL;LILLE;;CHRONO LAMBERSART 4424;FLEG;4,3;MERCREDI
CAR;ENT CARVIN FL;LILLE;;CHRONO MARCQ 4128;FLEG;4,5;MERCREDI
CAR;ENT CARVIN FL;AVESNOIS;;CHRONO VALENCIENNES 4370;FLEG;1,8;MERCREDI
CAR;ENT CARVIN FL;LILLE;;CHRONO WASQUEHAL 4303;FLEG;2,5;MERCREDI
CAR;ENT CARVIN FL;LENS;;DOUAI;FLEG;11,7;MERCREDI
CAR;ENT CARVIN FL;LENS;;DRIVE ARRAS;FLEG;2,8;MERCREDI
CAR;ENT CARVIN FL;LENS;;DRIVE BETHUNE;FLEG;2,5;MERCREDI
CAR;ENT CARVIN FL;COTE OPALE;;DRIVE BOULOGNE;FLEG;4,1;MERCREDI
CAR;ENT CARVIN FL;COTE OPALE;;DRIVE CALAIS;FLEG;4,8;MERCREDI
CAR;ENT CARVIN FL;LENS;;DRIVE CAMBRAI;FLEG;3,5;MERCREDI
CAR;ENT CARVIN FL;LENS;;DRIVE DOUAI;FLEG;3,3;MERCREDI
CAR;ENT CARVIN FL;COTE OPALE;;DRIVE DUNKERQUE;FLEG;3,4;MERCREDI
CAR;ENT CARVIN FL;LILLE;;DRIVE ENGLOS;FLEG;5,3;MERCREDI
CAR;ENT CARVIN FL;LILLE;;DRIVE FACHES;FLEG;3,5;MERCREDI
CAR;ENT CARVIN FL;LILLE;;DRIVE LEERS;FLEG;5,5;MERCREDI
CAR;ENT CARVIN FL;AVESNOIS;;DRIVE LOUVROIL;FLEG;4,0;MERCREDI
CAR;ENT CARVIN FL;LENS;;DRIVE NOYELLES;FLEG;2,9;MERCREDI
CAR;ENT CARVIN FL;AVESNOIS;;DRIVE PETITE FORET;FLEG;2,3;MERCREDI
CAR;ENT CARVIN FL;LILLE;;DRIVE RONCQ;FLEG;2,1;MERCREDI
CAR;ENT CARVIN FL;COTE OPALE;;DRIVE ST OMER;FLEG;3,4;MERCREDI
CAR;ENT CARVIN FL;AISNE;;DRIVE ST QUENTIN;FLEG;2,1;MERCREDI
CAR;ENT CARVIN FL;AVESNOIS;;DRIVE VALENCIENNES;FLEG;3,1;MERCREDI
CAR;ENT CARVIN FL;LILLE;;DRIVE VILLENEUVE D'ASCQ;FLEG;2,8;MERCREDI
CAR;ENT CARVIN FL;COTE OPALE;;DUNKERQUE;FLEG;16,4;MERCREDI
CAR;ENT CARVIN FL;LILLE;;ENGLOS;FLEG;22,5;MERCREDI
CAR;ENT CARVIN FL;LILLE;;FACHES;FLEG;20,8;MERCREDI
CAR;ENT CARVIN FL;AVESNOIS;;HIRSON;FLEG;6,2;MERCREDI
CAR;ENT CARVIN FL;LILLE;;LEERS;FLEG;26,8;MERCREDI
CAR;ENT CARVIN FL;AVESNOIS;;LOUVROIL;FLEG;26,5;MERCREDI
CAR;ENT CARVIN FL;LENS;;NOYELLES GODAULT;FLEG;15,4;MERCREDI
CAR;ENT CARVIN FL;AVESNOIS;;PETITE FORET;FLEG;17,8;MERCREDI
CAR;ENT CARVIN FL;LILLE;;RONCQ;FLEG;37,7;MERCREDI
CAR;ENT CARVIN FL;COTE OPALE;;ST OMER;FLEG;15,3;MERCREDI
CAR;ENT CARVIN FL;AISNE;;ST QUENTIN;FLEG;8,9;MERCREDI
CAR;ENT CARVIN FL;AVESNOIS;;VALENCIENNES;FLEG;7,8;MERCREDI
CAR;ENT CARVIN FL;LILLE;;VILLENEUVE 2;FLEG;19,0;MERCREDI
CAR;ENT CARVIN FL;AISNE;;VIRY NOUREUIL;FLEG;7,0;MERCREDI
CAR;ENT CARVIN PF;AISNE;;1186 ST QUENTIN SCHUMANN SUPER;PF;5,3;MERCREDI
CAR;ENT CARVIN PF;COTE OPALE;;1267 CALAIS DELAROCHE SUPER;PF;5,3;MERCREDI
CAR;ENT CARVIN PF;LENS;;1297 HARNES SUPER;PF;5,8;MERCREDI
CAR;ENT CARVIN PF;LILLE;;4536 LILLE WAZEMMES MY AUCHAN;PF;5,3;MERCREDI
CAR;ENT CARVIN PF;LENS;;4926 BILLY BERCLAU SUPER;PF;3,5;MERCREDI
CAR;ENT CARVIN PF;LILLE;;914 MARQUETTE LES PARTISANS DU GOUT;PF;2,3;MERCREDI
CAR;ENT CARVIN PF;LENS;;ARRAS;PF;42,3;MERCREDI
CAR;ENT CARVIN PF;LILLE;;AUCHAN CITY TOURCOING;PF;18,5;MERCREDI
CAR;ENT CARVIN PF;LENS;;BETHUNE;PF;36,0;MERCREDI
CAR;ENT CARVIN PF;COTE OPALE;;BOULOGNE;PF;47,5;MERCREDI
CAR;ENT CARVIN PF;COTE OPALE;;CALAIS;PF;47,8;MERCREDI
CAR;ENT CARVIN PF;LENS;;CAMBRAI;PF;36,4;MERCREDI
CAR;ENT CARVIN PF;LILLE;;CHRONO AVELIN 4361;PF;6,3;MERCREDI
CAR;ENT CARVIN PF;LILLE;;CHRONO BONDUES 4703;PF;7,5;MERCREDI
CAR;ENT CARVIN PF;COTE OPALE;;CHRONO COUDEKERQUE 4242;PF;6,3;MERCREDI
CAR;ENT CARVIN PF;LILLE;;CHRONO CROIX 4154;PF;9,0;MERCREDI
CAR;ENT CARVIN PF;LENS;;CHRONO ELEU DIT LEAUWETTE 4462;PF;5,0;MERCREDI
CAR;ENT CARVIN PF;LILLE;;CHRONO HALLENNES 4167;PF;9,4;MERCREDI
CAR;ENT CARVIN PF;LILLE;;CHRONO LAMBERSART 4424;PF;7,9;MERCREDI
CAR;ENT CARVIN PF;LILLE;;CHRONO MARCQ 4128;PF;11,1;MERCREDI
CAR;ENT CARVIN PF;AVESNOIS;;CHRONO VALENCIENNES 4370;PF;4,3;MERCREDI
CAR;ENT CARVIN PF;LILLE;;CHRONO WASQUEHAL 4303;PF;7,0;MERCREDI
CAR;ENT CARVIN PF;LENS;;DOUAI;PF;38,4;MERCREDI
CAR;ENT CARVIN PF;LENS;;DRIVE ARRAS;PF;9,3;MERCREDI
CAR;ENT CARVIN PF;LENS;;DRIVE BETHUNE;PF;9,0;MERCREDI
CAR;ENT CARVIN PF;COTE OPALE;;DRIVE BOULOGNE;PF;12,0;MERCREDI
CAR;ENT CARVIN PF;COTE OPALE;;DRIVE CALAIS;PF;11,9;MERCREDI
CAR;ENT CARVIN PF;LENS;;DRIVE CAMBRAI;PF;9,3;MERCREDI
CAR;ENT CARVIN PF;LENS;;DRIVE DOUAI;PF;9,8;MERCREDI
CAR;ENT CARVIN PF;COTE OPALE;;DRIVE DUNKERQUE;PF;10,3;MERCREDI
CAR;ENT CARVIN PF;LILLE;;DRIVE ENGLOS;PF;11,0;MERCREDI
CAR;ENT CARVIN PF;LILLE;;DRIVE FACHES;PF;7,0;MERCREDI
CAR;ENT CARVIN PF;LILLE;;DRIVE LEERS;PF;14,0;MERCREDI
CAR;ENT CARVIN PF;AVESNOIS;;DRIVE LOUVROIL;PF;12,8;MERCREDI
CAR;ENT CARVIN PF;LENS;;DRIVE NOYELLES;PF;10,0;MERCREDI
CAR;ENT CARVIN PF;AVESNOIS;;DRIVE PETITE FORET;PF;6,5;MERCREDI
CAR;ENT CARVIN PF;LILLE;;DRIVE RONCQ;PF;11,3;MERCREDI
CAR;ENT CARVIN PF;COTE OPALE;;DRIVE ST OMER;PF;12,5;MERCREDI
CAR;ENT CARVIN PF;AISNE;;DRIVE ST QUENTIN;PF;6,3;MERCREDI
CAR;ENT CARVIN PF;AVESNOIS;;DRIVE VALENCIENNES;PF;8,3;MERCREDI
CAR;ENT CARVIN PF;LILLE;;DRIVE VILLENEUVE D'ASCQ;PF;10,3;MERCREDI
CAR;ENT CARVIN PF;COTE OPALE;;DUNKERQUE;PF;53,3;MERCREDI
CAR;ENT CARVIN PF;LILLE;;ENGLOS;PF;71,5;MERCREDI
CAR;ENT CARVIN PF;LILLE;;FACHES;PF;59,7;MERCREDI
CAR;ENT CARVIN PF;AVESNOIS;;HIRSON;PF;20,3;MERCREDI
CAR;ENT CARVIN PF;LILLE;;LEERS;PF;59,3;MERCREDI
CAR;ENT CARVIN PF;AVESNOIS;;LOUVROIL;PF;54,8;MERCREDI
CAR;ENT CARVIN PF;LENS;;NOYELLES GODAULT;PF;49,3;MERCREDI
CAR;ENT CARVIN PF;AVESNOIS;;PETITE FORET;PF;41,1;MERCREDI
CAR;ENT CARVIN PF;LILLE;;RONCQ;PF;75,8;MERCREDI
CAR;ENT CARVIN PF;COTE OPALE;;ST OMER;PF;48,9;MERCREDI
CAR;ENT CARVIN PF;AISNE;;ST QUENTIN;PF;30,5;MERCREDI
CAR;ENT CARVIN PF;AVESNOIS;;VALENCIENNES;PF;24,2;MERCREDI
CAR;ENT CARVIN PF;LILLE;;VILLENEUVE 2;PF;46,5;MERCREDI
CAR;ENT CARVIN PF;AISNE;;VIRY NOUREUIL;PF;24,1;MERCREDI
LSQ;ENT ID LOGISTICS BREBIERES;LENS;;ARRAS;PGC;0,9;MERCREDI
LSQ;ENT ID LOGISTICS BREBIERES;OISE;;BEAUVAIS;PGC;2,2;MERCREDI
LSQ;ENT ID LOGISTICS BREBIERES;COTE OPALE;;BOULOGNE;PGC;1,7;MERCREDI
LSQ;ENT ID LOGISTICS BREBIERES;COTE OPALE;;CALAIS;PGC;1,3;MERCREDI
LSQ;ENT ID LOGISTICS BREBIERES;LENS;;CAMBRAI;PGC;0,8;MERCREDI
LSQ;ENT ID LOGISTICS BREBIERES;COTE NORMANDE;;CHERBOURG;PGC;0,7;MERCREDI
LSQ;ENT ID LOGISTICS BREBIERES;COTE NORMANDE;;DIEPPE;PGC;2,2;MERCREDI
LSQ;ENT ID LOGISTICS BREBIERES;COTE OPALE;;DUNKERQUE;PGC;1,8;MERCREDI
LSQ;ENT ID LOGISTICS BREBIERES;AMIENS;;DURY;PGC;2,3;MERCREDI
LSQ;ENT ID LOGISTICS BREBIERES;LILLE;;ENGLOS;PGC;2,3;MERCREDI
LSQ;ENT ID LOGISTICS BREBIERES;LILLE;;FACHES;PGC;1,5;MERCREDI
LSQ;ENT ID LOGISTICS BREBIERES;AVESNOIS;;HIRSON;PGC;0,6;MERCREDI
LSQ;ENT ID LOGISTICS BREBIERES;COTE NORMANDE;;LE HAVRE;PGC;1,7;MERCREDI
LSQ;ENT ID LOGISTICS BREBIERES;LILLE;;LEERS;PGC;2,1;MERCREDI
LSQ;ENT ID LOGISTICS BREBIERES;AVESNOIS;;LOUVROIL;PGC;3,3;MERCREDI
LSQ;ENT ID LOGISTICS BREBIERES;COTE NORMANDE;;MERS LES BAINS;PGC;1,8;MERCREDI
LSQ;ENT ID LOGISTICS BREBIERES;OISE;;MERU;PGC;0,9;MERCREDI
LSQ;ENT ID LOGISTICS BREBIERES;COTE NORMANDE;;MONTIVILLIERS;PGC;1,8;MERCREDI
LSQ;ENT ID LOGISTICS BREBIERES;LENS;;NOYELLES GODAULT;PGC;2,9;MERCREDI
LSQ;ENT ID LOGISTICS BREBIERES;AISNE;;NOYON;PGC;0,7;MERCREDI
LSQ;ENT ID LOGISTICS BREBIERES;AVESNOIS;;PETITE FORET;PGC;1,8;MERCREDI
LSQ;ENT ID LOGISTICS BREBIERES;LILLE;;RONCQ;PGC;2,8;MERCREDI
LSQ;ENT ID LOGISTICS BREBIERES;COTE OPALE;;ST OMER;PGC;1,5;MERCREDI
LSQ;ENT ID LOGISTICS BREBIERES;AVESNOIS;;VALENCIENNES;PGC;0,5;MERCREDI
LSQ;ENT ID LOGISTICS BREBIERES;LILLE;;VILLENEUVE 2;PGC;0,9;MERCREDI
LSQ;ENT ID LOGISTICS BREBIERES;AISNE;;VIRY NOUREUIL;PGC;0,9;MERCREDI
LSQ;ENT IENA1;LENS;;1297 HARNES SUPER;PGC;2,5;MERCREDI
LSQ;ENT IENA1;LILLE;;4536 LILLE WAZEMMES MY AUCHAN;PGC;2,9;MERCREDI
LSQ;ENT IENA1;LENS;;4926 BILLY BERCLAU SUPER;PGC;3,8;MERCREDI
LSQ;ENT IENA1;LENS;;ARRAS;PGC;11,0;MERCREDI
LSQ;ENT IENA1;LILLE;;AUCHAN CITY TOURCOING;PGC;10,8;MERCREDI
LSQ;ENT IENA1;OISE;;BEAUVAIS;PGC;8,1;MERCREDI
LSQ;ENT IENA1;COTE OPALE;;BOULOGNE;PGC;3,8;MERCREDI
LSQ;ENT IENA1;COTE OPALE;;CALAIS;PGC;22,3;MERCREDI
LSQ;ENT IENA1;LENS;;CAMBRAI;PGC;17,0;MERCREDI
LSQ;ENT IENA1;COTE NORMANDE;;CHERBOURG;PGC;3,0;MERCREDI
LSQ;ENT IENA1;LILLE;;CHRONO BONDUES 4703;PGC;5,4;MERCREDI
LSQ;ENT IENA1;COTE OPALE;;CHRONO COUDEKERQUE 4242;PGC;4,7;MERCREDI
LSQ;ENT IENA1;LILLE;;CHRONO CROIX 4154;PGC;3,5;MERCREDI
LSQ;ENT IENA1;LENS;;CHRONO ELEU DIT LEAUWETTE 4462;PGC;9,4;MERCREDI
LSQ;ENT IENA1;LILLE;;CHRONO HALLENNES 4167;PGC;3,0;MERCREDI
LSQ;ENT IENA1;LILLE;;CHRONO LAMBERSART 4424;PGC;5,1;MERCREDI
LSQ;ENT IENA1;LILLE;;CHRONO MARCQ 4128;PGC;7,6;MERCREDI
LSQ;ENT IENA1;AVESNOIS;;CHRONO VALENCIENNES 4370;PGC;7,6;MERCREDI
LSQ;ENT IENA1;LILLE;;CHRONO WASQUEHAL 4303;PGC;4,1;MERCREDI
LSQ;ENT IENA1;COTE NORMANDE;;DIEPPE;PGC;6,5;MERCREDI
LSQ;ENT IENA1;LENS;;DRIVE ARRAS;PGC;4,5;MERCREDI
LSQ;ENT IENA1;LENS;;DRIVE BETHUNE;PGC;5,5;MERCREDI
LSQ;ENT IENA1;COTE OPALE;;DRIVE BOULOGNE;PGC;0,5;MERCREDI
LSQ;ENT IENA1;COTE OPALE;;DRIVE CALAIS;PGC;8,2;MERCREDI
LSQ;ENT IENA1;LENS;;DRIVE CAMBRAI;PGC;5,8;MERCREDI
LSQ;ENT IENA1;COTE NORMANDE;;DRIVE DIEPPE;PGC;0,1;MERCREDI
LSQ;ENT IENA1;LENS;;DRIVE DOUAI;PGC;4,3;MERCREDI
LSQ;ENT IENA1;COTE OPALE;;DRIVE DUNKERQUE;PGC;4,1;MERCREDI
LSQ;ENT IENA1;LILLE;;DRIVE ENGLOS;PGC;7,2;MERCREDI
LSQ;ENT IENA1;LILLE;;DRIVE FACHES;PGC;5,6;MERCREDI
LSQ;ENT IENA1;LILLE;;DRIVE LEERS;PGC;16,7;MERCREDI
LSQ;ENT IENA1;AVESNOIS;;DRIVE LOUVROIL;PGC;11,7;MERCREDI
LSQ;ENT IENA1;COTE NORMANDE;;DRIVE MONTIVILLIERS;PGC;0,1;MERCREDI
LSQ;ENT IENA1;LENS;;DRIVE NOYELLES;PGC;5,4;MERCREDI
LSQ;ENT IENA1;AVESNOIS;;DRIVE PETITE FORET;PGC;4,6;MERCREDI
LSQ;ENT IENA1;LILLE;;DRIVE RONCQ;PGC;13,2;MERCREDI
LSQ;ENT IENA1;EST;;DRIVE SCHWEIGHOUSE;PGC;0,1;MERCREDI
LSQ;ENT IENA1;COTE OPALE;;DRIVE ST OMER;PGC;4,7;MERCREDI
LSQ;ENT IENA1;AISNE;;DRIVE ST QUENTIN;PGC;1,0;MERCREDI
LSQ;ENT IENA1;AVESNOIS;;DRIVE VALENCIENNES;PGC;5,6;MERCREDI
LSQ;ENT IENA1;LILLE;;DRIVE VILLENEUVE D'ASCQ;PGC;6,8;MERCREDI
LSQ;ENT IENA1;COTE OPALE;;DUNKERQUE;PGC;19,1;MERCREDI
LSQ;ENT IENA1;AMIENS;;DURY;PGC;4,3;MERCREDI
LSQ;ENT IENA1;LILLE;;ENGLOS;PGC;34,6;MERCREDI
LSQ;ENT IENA1;LILLE;;FACHES;PGC;33,8;MERCREDI
LSQ;ENT IENA1;AVESNOIS;;HIRSON;PGC;10,7;MERCREDI
LSQ;ENT IENA1;EST;;ILLKIRCH;PGC;5,5;MERCREDI
LSQ;ENT IENA1;COTE NORMANDE;;LE HAVRE;PGC;5,3;MERCREDI
LSQ;ENT IENA1;LILLE;;LEERS;PGC;42,8;MERCREDI
LSQ;ENT IENA1;AVESNOIS;;LOUVROIL;PGC;31,2;MERCREDI
LSQ;ENT IENA1;COTE NORMANDE;;MERS LES BAINS;PGC;4,0;MERCREDI
LSQ;ENT IENA1;OISE;;MERU;PGC;3,1;MERCREDI
LSQ;ENT IENA1;COTE NORMANDE;;MONTIVILLIERS;PGC;4,0;MERCREDI
LSQ;ENT IENA1;LENS;;NOYELLES GODAULT;PGC;25,4;MERCREDI
LSQ;ENT IENA1;AISNE;;NOYON;PGC;3,8;MERCREDI
LSQ;ENT IENA1;AVESNOIS;;PETITE FORET;PGC;29,4;MERCREDI
LSQ;ENT IENA1;LILLE;;RONCQ;PGC;49,1;MERCREDI
LSQ;ENT IENA1;EST;;SCHWEIGHOUSE;PGC;4,0;MERCREDI
LSQ;ENT IENA1;COTE OPALE;;ST OMER;PGC;22,9;MERCREDI
LSQ;ENT IENA1;EST;;STRASBOURG;PGC;5,0;MERCREDI
LSQ;ENT IENA1;AVESNOIS;;VALENCIENNES;PGC;18,5;MERCREDI
LSQ;ENT IENA1;LILLE;;VILLENEUVE 2;PGC;19,3;MERCREDI
LSQ;ENT IENA1;AISNE;;VIRY NOUREUIL;PGC;5,8;MERCREDI
LSQ;ENT IENA2;LILLE;;AUCHAN CITY TOURCOING;NAL;1,0;MERCREDI
LSQ;ENT IENA2;COTE OPALE;;DUNKERQUE;NAL;8,4;MERCREDI
LSQ;ENT IENA2;AMIENS;;DURY;NAL;7,5;MERCREDI
LSQ;ENT IENA2;LILLE;;ENGLOS;NAL;1,3;MERCREDI
LSQ;ENT IENA2;LILLE;;FACHES;NAL;1,0;MERCREDI
LSQ;ENT IENA2;AVESNOIS;;HIRSON;NAL;4,8;MERCREDI
LSQ;ENT IENA2;LILLE;;LEERS;NAL;1,0;MERCREDI
LSQ;ENT IENA2;AVESNOIS;;LOUVROIL;NAL;1,3;MERCREDI
LSQ;ENT IENA2;COTE NORMANDE;;MERS LES BAINS;NAL;9,4;MERCREDI
LSQ;ENT IENA2;COTE NORMANDE;;MONTIVILLIERS;NAL;9,1;MERCREDI
LSQ;ENT IENA2;LENS;;NOYELLES GODAULT;NAL;2,7;MERCREDI
LSQ;ENT IENA2;AISNE;;NOYON;NAL;4,1;MERCREDI
LSQ;ENT IENA2;AVESNOIS;;PETITE FORET;NAL;1,0;MERCREDI
LSQ;ENT IENA2;LILLE;;RONCQ;NAL;5,8;MERCREDI
LSQ;ENT IENA2;EST;;SCHWEIGHOUSE;NAL;1,3;MERCREDI
LSQ;ENT IENA2;COTE OPALE;;ST OMER;NAL;13,8;MERCREDI
LSQ;ENT IENA2;AVESNOIS;;VALENCIENNES;NAL;1,0;MERCREDI
LSQ;ENT MEYZIEU MEDLEY SUD;LENS;;ARRAS;NAL;1,0;MERCREDI
LSQ;ENT MEYZIEU MEDLEY SUD;OISE;;BEAUVAIS;NAL;1,3;MERCREDI
LSQ;ENT MEYZIEU MEDLEY SUD;COTE OPALE;;BOULOGNE;NAL;1,3;MERCREDI
LSQ;ENT MEYZIEU MEDLEY SUD;COTE OPALE;;CALAIS;NAL;1,3;MERCREDI
LSQ;ENT MEYZIEU MEDLEY SUD;LENS;;CAMBRAI;NAL;1,3;MERCREDI
LSQ;ENT MEYZIEU MEDLEY SUD;COTE NORMANDE;;CHERBOURG;NAL;1,0;MERCREDI
LSQ;ENT MEYZIEU MEDLEY SUD;COTE NORMANDE;;DIEPPE;NAL;1,0;MERCREDI
LSQ;ENT MEYZIEU MEDLEY SUD;COTE OPALE;;DUNKERQUE;NAL;1,8;MERCREDI
LSQ;ENT MEYZIEU MEDLEY SUD;AMIENS;;DURY;NAL;1,0;MERCREDI
LSQ;ENT MEYZIEU MEDLEY SUD;LILLE;;ENGLOS;NAL;2,0;MERCREDI
LSQ;ENT MEYZIEU MEDLEY SUD;LILLE;;FACHES;NAL;1,3;MERCREDI
LSQ;ENT MEYZIEU MEDLEY SUD;AVESNOIS;;HIRSON;NAL;1,3;MERCREDI
LSQ;ENT MEYZIEU MEDLEY SUD;COTE NORMANDE;;LE HAVRE;NAL;1,0;MERCREDI
LSQ;ENT MEYZIEU MEDLEY SUD;LILLE;;LEERS;NAL;1,5;MERCREDI
LSQ;ENT MEYZIEU MEDLEY SUD;AVESNOIS;;LOUVROIL;NAL;1,0;MERCREDI
LSQ;ENT MEYZIEU MEDLEY SUD;COTE NORMANDE;;MERS LES BAINS;NAL;1,0;MERCREDI
LSQ;ENT MEYZIEU MEDLEY SUD;OISE;;MERU;NAL;2,0;MERCREDI
LSQ;ENT MEYZIEU MEDLEY SUD;COTE NORMANDE;;MONTIVILLIERS;NAL;1,8;MERCREDI
LSQ;ENT MEYZIEU MEDLEY SUD;LENS;;NOYELLES GODAULT;NAL;2,5;MERCREDI
LSQ;ENT MEYZIEU MEDLEY SUD;AISNE;;NOYON;NAL;1,0;MERCREDI
LSQ;ENT MEYZIEU MEDLEY SUD;AVESNOIS;;PETITE FORET;NAL;1,8;MERCREDI
LSQ;ENT MEYZIEU MEDLEY SUD;LILLE;;RONCQ;NAL;1,8;MERCREDI
LSQ;ENT MEYZIEU MEDLEY SUD;COTE OPALE;;ST OMER;NAL;1,3;MERCREDI
LSQ;ENT MEYZIEU MEDLEY SUD;AVESNOIS;;VALENCIENNES;NAL;1,3;MERCREDI
LSQ;ENT MEYZIEU MEDLEY SUD;LILLE;;VILLENEUVE 2;NAL;1,3;MERCREDI
LSQ;ENT MEYZIEU MEDLEY SUD;AISNE;;VIRY NOUREUIL;NAL;2,3;MERCREDI
LSQ;ENT SAINGHIN1;AISNE;;1186 ST QUENTIN SCHUMANN SUPER;PGC;3,9;MERCREDI
LSQ;ENT SAINGHIN1;LENS;;1297 HARNES SUPER;PGC;5,8;MERCREDI
LSQ;ENT SAINGHIN1;LILLE;;4536 LILLE WAZEMMES MY AUCHAN;PGC;3,6;MERCREDI
LSQ;ENT SAINGHIN1;LENS;;4926 BILLY BERCLAU SUPER;PGC;2,7;MERCREDI
LSQ;ENT SAINGHIN1;LENS;;ARRAS;PGC;10,4;MERCREDI
LSQ;ENT SAINGHIN1;LILLE;;AUCHAN CITY TOURCOING;PGC;10,5;MERCREDI
LSQ;ENT SAINGHIN1;OISE;;BEAUVAIS;PGC;8,0;MERCREDI
LSQ;ENT SAINGHIN1;COTE OPALE;;BOULOGNE;PGC;14,8;MERCREDI
LSQ;ENT SAINGHIN1;COTE OPALE;;CALAIS;PGC;25,2;MERCREDI
LSQ;ENT SAINGHIN1;LENS;;CAMBRAI;PGC;20,2;MERCREDI
LSQ;ENT SAINGHIN1;COTE NORMANDE;;CHERBOURG;PGC;7,3;MERCREDI
LSQ;ENT SAINGHIN1;LILLE;;CHRONO BONDUES 4703;PGC;6,6;MERCREDI
LSQ;ENT SAINGHIN1;OISE;;CHRONO COMPIEGNE 4345;PGC;0,1;MERCREDI
LSQ;ENT SAINGHIN1;COTE OPALE;;CHRONO COUDEKERQUE 4242;PGC;7,4;MERCREDI
LSQ;ENT SAINGHIN1;LILLE;;CHRONO CROIX 4154;PGC;7,3;MERCREDI
LSQ;ENT SAINGHIN1;LENS;;CHRONO ELEU DIT LEAUWETTE 4462;PGC;13,3;MERCREDI
LSQ;ENT SAINGHIN1;LILLE;;CHRONO HALLENNES 4167;PGC;1,9;MERCREDI
LSQ;ENT SAINGHIN1;LILLE;;CHRONO LAMBERSART 4424;PGC;5,8;MERCREDI
LSQ;ENT SAINGHIN1;LILLE;;CHRONO MARCQ 4128;PGC;6,5;MERCREDI
LSQ;ENT SAINGHIN1;AVESNOIS;;CHRONO VALENCIENNES 4370;PGC;6,0;MERCREDI
LSQ;ENT SAINGHIN1;LILLE;;CHRONO WASQUEHAL 4303;PGC;3,9;MERCREDI
LSQ;ENT SAINGHIN1;COTE NORMANDE;;DIEPPE;PGC;11,4;MERCREDI
LSQ;ENT SAINGHIN1;LENS;;DRIVE ARRAS;PGC;3,3;MERCREDI
LSQ;ENT SAINGHIN1;OISE;;DRIVE BEAUVAIS;PGC;2,0;MERCREDI
LSQ;ENT SAINGHIN1;LENS;;DRIVE BETHUNE;PGC;3,6;MERCREDI
LSQ;ENT SAINGHIN1;COTE OPALE;;DRIVE BOULOGNE;PGC;2,6;MERCREDI
LSQ;ENT SAINGHIN1;COTE OPALE;;DRIVE CALAIS;PGC;10,8;MERCREDI
LSQ;ENT SAINGHIN1;LENS;;DRIVE CAMBRAI;PGC;5,6;MERCREDI
LSQ;ENT SAINGHIN1;COTE NORMANDE;;DRIVE CHERBOURG;PGC;1,3;MERCREDI
LSQ;ENT SAINGHIN1;COTE NORMANDE;;DRIVE DIEPPE;PGC;2,2;MERCREDI
LSQ;ENT SAINGHIN1;LENS;;DRIVE DOUAI;PGC;4,6;MERCREDI
LSQ;ENT SAINGHIN1;COTE OPALE;;DRIVE DUNKERQUE;PGC;7,4;MERCREDI
LSQ;ENT SAINGHIN1;AMIENS;;DRIVE DURY;PGC;3,6;MERCREDI
LSQ;ENT SAINGHIN1;LILLE;;DRIVE ENGLOS;PGC;8,6;MERCREDI
LSQ;ENT SAINGHIN1;LILLE;;DRIVE FACHES;PGC;4,5;MERCREDI
LSQ;ENT SAINGHIN1;COTE NORMANDE;;DRIVE LE HAVRE;PGC;3,9;MERCREDI
LSQ;ENT SAINGHIN1;LILLE;;DRIVE LEERS;PGC;4,8;MERCREDI
LSQ;ENT SAINGHIN1;AVESNOIS;;DRIVE LOUVROIL;PGC;5,0;MERCREDI
LSQ;ENT SAINGHIN1;COTE NORMANDE;;DRIVE MONTIVILLIERS;PGC;3,1;MERCREDI
LSQ;ENT SAINGHIN1;OISE;;DRIVE NOGENT SUR OISE;PGC;1,8;MERCREDI
LSQ;ENT SAINGHIN1;LENS;;DRIVE NOYELLES;PGC;6,6;MERCREDI
LSQ;ENT SAINGHIN1;AISNE;;DRIVE NOYON;PGC;1,0;MERCREDI
LSQ;ENT SAINGHIN1;AVESNOIS;;DRIVE PETITE FORET;PGC;2,0;MERCREDI
LSQ;ENT SAINGHIN1;LILLE;;DRIVE RONCQ;PGC;3,1;MERCREDI
LSQ;ENT SAINGHIN1;COTE OPALE;;DRIVE ST OMER;PGC;8,7;MERCREDI
LSQ;ENT SAINGHIN1;AISNE;;DRIVE ST QUENTIN;PGC;1,5;MERCREDI
LSQ;ENT SAINGHIN1;AVESNOIS;;DRIVE VALENCIENNES;PGC;6,6;MERCREDI
LSQ;ENT SAINGHIN1;LILLE;;DRIVE VILLENEUVE D'ASCQ;PGC;2,8;MERCREDI
LSQ;ENT SAINGHIN1;COTE OPALE;;DUNKERQUE;PGC;33,5;MERCREDI
LSQ;ENT SAINGHIN1;AMIENS;;DURY;PGC;8,7;MERCREDI
LSQ;ENT SAINGHIN1;LILLE;;ENGLOS;PGC;31,4;MERCREDI
LSQ;ENT SAINGHIN1;LILLE;;FACHES;PGC;35,2;MERCREDI
LSQ;ENT SAINGHIN1;AVESNOIS;;HIRSON;PGC;8,2;MERCREDI
LSQ;ENT SAINGHIN1;COTE NORMANDE;;LE HAVRE;PGC;14,2;MERCREDI
LSQ;ENT SAINGHIN1;LILLE;;LEERS;PGC;21,2;MERCREDI
LSQ;ENT SAINGHIN1;OISE;;LONGUEIL SAINTE MARIE SUPER 4315;PGC;2,4;MERCREDI
LSQ;ENT SAINGHIN1;AVESNOIS;;LOUVROIL;PGC;16,3;MERCREDI
LSQ;ENT SAINGHIN1;COTE NORMANDE;;MERS LES BAINS;PGC;6,0;MERCREDI
LSQ;ENT SAINGHIN1;OISE;;MERU;PGC;16,9;MERCREDI
LSQ;ENT SAINGHIN1;COTE NORMANDE;;MONTIVILLIERS;PGC;11,0;MERCREDI
LSQ;ENT SAINGHIN1;LENS;;NOYELLES GODAULT;PGC;32,0;MERCREDI
LSQ;ENT SAINGHIN1;AISNE;;NOYON;PGC;9,0;MERCREDI
LSQ;ENT SAINGHIN1;AVESNOIS;;PETITE FORET;PGC;10,2;MERCREDI
LSQ;ENT SAINGHIN1;LILLE;;RONCQ;PGC;51,0;MERCREDI
LSQ;ENT SAINGHIN1;COTE OPALE;;ST OMER;PGC;27,2;MERCREDI
LSQ;ENT SAINGHIN1;AVESNOIS;;VALENCIENNES;PGC;8,8;MERCREDI
LSQ;ENT SAINGHIN1;LILLE;;VILLENEUVE 2;PGC;17,3;MERCREDI
LSQ;ENT SAINGHIN1;AISNE;;VIRY NOUREUIL;PGC;15,5;MERCREDI
LSQ;ENT SERRIS 1;AISNE;;1186 ST QUENTIN SCHUMANN SUPER;PGC;0,5;MERCREDI
LSQ;ENT SERRIS 1;LENS;;1297 HARNES SUPER;PGC;0,5;MERCREDI
LSQ;ENT SERRIS 1;LILLE;;AUCHAN CITY TOURCOING;PGC;1,7;MERCREDI
LSQ;ENT SERRIS 1;COTE OPALE;;BOULOGNE;PGC;2,2;MERCREDI
LSQ;ENT SERRIS 1;COTE OPALE;;CALAIS;PGC;1,0;MERCREDI
LSQ;ENT SERRIS 1;LENS;;CAMBRAI;PGC;0,8;MERCREDI
AMS;ENT SERRIS 1;COTE NORMANDE;;CHERBOURG;PGC;1,2;MERCREDI
LSQ;ENT SERRIS 1;LILLE;;CHRONO BONDUES 4703;PGC;0,9;MERCREDI
LSQ;ENT SERRIS 1;COTE OPALE;;CHRONO COUDEKERQUE 4242;PGC;0,6;MERCREDI
LSQ;ENT SERRIS 1;LILLE;;CHRONO CROIX 4154;PGC;1,0;MERCREDI
LSQ;ENT SERRIS 1;LENS;;CHRONO ELEU DIT LEAUWETTE 4462;PGC;1,0;MERCREDI
LSQ;ENT SERRIS 1;LILLE;;CHRONO HALLENNES 4167;PGC;1,0;MERCREDI
LSQ;ENT SERRIS 1;LILLE;;CHRONO LAMBERSART 4424;PGC;1,1;MERCREDI
LSQ;ENT SERRIS 1;LILLE;;CHRONO MARCQ 4128;PGC;1,1;MERCREDI
LSQ;ENT SERRIS 1;AVESNOIS;;CHRONO VALENCIENNES 4370;PGC;0,6;MERCREDI
LSQ;ENT SERRIS 1;LILLE;;CHRONO WASQUEHAL 4303;PGC;0,9;MERCREDI
AMS;ENT SERRIS 1;COTE NORMANDE;;DIEPPE;PGC;2,1;MERCREDI
AMS;ENT SERRIS 1;OISE;;DRIVE BEAUVAIS;PGC;1,0;MERCREDI
LSQ;ENT SERRIS 1;COTE OPALE;;DRIVE BOULOGNE;PGC;0,5;MERCREDI
LSQ;ENT SERRIS 1;LENS;;DRIVE CAMBRAI;PGC;0,5;MERCREDI
AMS;ENT SERRIS 1;COTE NORMANDE;;DRIVE CHERBOURG;PGC;0,5;MERCREDI
AMS;ENT SERRIS 1;COTE NORMANDE;;DRIVE DIEPPE;PGC;0,5;MERCREDI
LSQ;ENT SERRIS 1;LILLE;;DRIVE ENGLOS;PGC;0,8;MERCREDI
LSQ;ENT SERRIS 1;LILLE;;DRIVE FACHES;PGC;0,5;MERCREDI
AMS;ENT SERRIS 1;COTE NORMANDE;;DRIVE MONTIVILLIERS;PGC;0,5;MERCREDI
AMS;ENT SERRIS 1;OISE;;DRIVE NOGENT SUR OISE;PGC;0,5;MERCREDI
LSQ;ENT SERRIS 1;LENS;;DRIVE NOYELLES;PGC;0,5;MERCREDI
AMS;ENT SERRIS 1;AISNE;;DRIVE NOYON;PGC;0,5;MERCREDI
LSQ;ENT SERRIS 1;AVESNOIS;;DRIVE PETITE FORET;PGC;0,5;MERCREDI
LSQ;ENT SERRIS 1;LILLE;;DRIVE RONCQ;PGC;0,9;MERCREDI
LSQ;ENT SERRIS 1;COTE OPALE;;DRIVE ST OMER;PGC;1,0;MERCREDI
LSQ;ENT SERRIS 1;AVESNOIS;;DRIVE VALENCIENNES;PGC;0,5;MERCREDI
LSQ;ENT SERRIS 1;COTE OPALE;;DUNKERQUE;PGC;2,6;MERCREDI
AMS;ENT SERRIS 1;AMIENS;;DURY;PGC;1,9;MERCREDI
LSQ;ENT SERRIS 1;LILLE;;ENGLOS;PGC;3,1;MERCREDI
LSQ;ENT SERRIS 1;LILLE;;FACHES;PGC;1,8;MERCREDI
LSQ;ENT SERRIS 1;AVESNOIS;;HIRSON;PGC;1,0;MERCREDI
AMS;ENT SERRIS 1;COTE NORMANDE;;LE HAVRE;PGC;1,0;MERCREDI
LSQ;ENT SERRIS 1;AVESNOIS;;LOUVROIL;PGC;2,6;MERCREDI
AMS;ENT SERRIS 1;COTE NORMANDE;;MERS LES BAINS;PGC;0,9;MERCREDI
AMS;ENT SERRIS 1;OISE;;MERU;PGC;0,5;MERCREDI
LSQ;ENT SERRIS 1;LENS;;NOYELLES GODAULT;PGC;1,4;MERCREDI
AMS;ENT SERRIS 1;AISNE;;NOYON;PGC;0,6;MERCREDI
LSQ;ENT SERRIS 1;AVESNOIS;;PETITE FORET;PGC;1,0;MERCREDI
LSQ;ENT SERRIS 1;COTE OPALE;;ST OMER;PGC;2,0;MERCREDI
LSQ;ENT SERRIS 1;AVESNOIS;;VALENCIENNES;PGC;1,1;MERCREDI
LSQ;ENT SERRIS 1;AISNE;;VIRY NOUREUIL;PGC;1,8;MERCREDI
DIEP;ENT SOCOPAL DIEPPE;LENS;;ARRAS;SURG;4,3;MERCREDI
DIEP;ENT SOCOPAL DIEPPE;COTE OPALE;;BOULOGNE;SURG;4,8;MERCREDI
DIEP;ENT SOCOPAL DIEPPE;LENS;;CAMBRAI;SURG;4,0;MERCREDI
DIEP;ENT SOCOPAL DIEPPE;IDF;;CERGY;SURG;8,8;MERCREDI
DIEP;ENT SOCOPAL DIEPPE;COTE NORMANDE;;CHERBOURG;SURG;1,8;MERCREDI
DIEP;ENT SOCOPAL DIEPPE;LILLE;;CHRONO AVELIN 4361;SURG;2,5;MERCREDI
DIEP;ENT SOCOPAL DIEPPE;OISE;;CHRONO COMPIEGNE 4345;SURG;1,8;MERCREDI
DIEP;ENT SOCOPAL DIEPPE;CAEN;;CHRONO IFS;SURG;1,8;MERCREDI
DIEP;ENT SOCOPAL DIEPPE;AVESNOIS;;CHRONO VALENCIENNES 4370;SURG;1,3;MERCREDI
DIEP;ENT SOCOPAL DIEPPE;LENS;;DOUAI;SURG;5,8;MERCREDI
DIEP;ENT SOCOPAL DIEPPE;COTE OPALE;;DRIVE BOULOGNE;SURG;2,5;MERCREDI
DIEP;ENT SOCOPAL DIEPPE;LENS;;DRIVE CAMBRAI;SURG;1,0;MERCREDI
DIEP;ENT SOCOPAL DIEPPE;IDF;;DRIVE CERGY;SURG;1,3;MERCREDI
DIEP;ENT SOCOPAL DIEPPE;LENS;;DRIVE DOUAI;SURG;1,8;MERCREDI
DIEP;ENT SOCOPAL DIEPPE;COTE OPALE;;DRIVE DUNKERQUE;SURG;1,5;MERCREDI
DIEP;ENT SOCOPAL DIEPPE;COTE NORMANDE;;DRIVE LE HAVRE;SURG;4,0;MERCREDI
DIEP;ENT SOCOPAL DIEPPE;AVESNOIS;;DRIVE LOUVROIL;SURG;1,5;MERCREDI
DIEP;ENT SOCOPAL DIEPPE;COTE NORMANDE;;DRIVE MONTIVILLIERS;SURG;2,3;MERCREDI
DIEP;ENT SOCOPAL DIEPPE;LENS;;DRIVE NOYELLES;SURG;2,8;MERCREDI
DIEP;ENT SOCOPAL DIEPPE;LILLE;;DRIVE RONCQ;SURG;3,5;MERCREDI
DIEP;ENT SOCOPAL DIEPPE;LILLE;;DRIVE VILLENEUVE D'ASCQ;SURG;1,0;MERCREDI
DIEP;ENT SOCOPAL DIEPPE;COTE OPALE;;DUNKERQUE;SURG;6,3;MERCREDI
DIEP;ENT SOCOPAL DIEPPE;ROUEN;;FRANQUEVILLE CHRONODRIVE 4475;SURG;1,5;MERCREDI
DIEP;ENT SOCOPAL DIEPPE;IDF;;LE CHESNAY PARLY 2 SUPER 1144;SURG;4,0;MERCREDI
DIEP;ENT SOCOPAL DIEPPE;COTE NORMANDE;;LE HAVRE;SURG;8,0;MERCREDI
DIEP;ENT SOCOPAL DIEPPE;LILLE;;LEERS;SURG;8,3;MERCREDI
DIEP;ENT SOCOPAL DIEPPE;OISE;;LONGUEIL SAINTE MARIE SUPER 4315;SURG;1,0;MERCREDI
DIEP;ENT SOCOPAL DIEPPE;AVESNOIS;;LOUVROIL;SURG;5,3;MERCREDI
DIEP;ENT SOCOPAL DIEPPE;IDF;;MAUREPAS SUPER 4492;SURG;4,0;MERCREDI
DIEP;ENT SOCOPAL DIEPPE;COTE NORMANDE;;MONTIVILLIERS;SURG;6,0;MERCREDI
DIEP;ENT SOCOPAL DIEPPE;LENS;;NOYELLES GODAULT;SURG;5,5;MERCREDI
DIEP;ENT SOCOPAL DIEPPE;LILLE;;RONCQ;SURG;6,5;MERCREDI
DIEP;ENT SOCOPAL DIEPPE;COTE OPALE;;ST OMER;SURG;6,8;MERCREDI
DIEP;ENT SOCOPAL DIEPPE;AVESNOIS;;VALENCIENNES;SURG;2,0;MERCREDI
DIEP;ENT SOCOPAL DIEPPE;LILLE;;VILLENEUVE 2;SURG;4,8;MERCREDI
LSQ;ENT V DHL;AVESNOIS;;CHRONO VALENCIENNES 4370;NAL;0,5;MERCREDI
LSQ;ENT V GEODIS;AISNE;;1186 ST QUENTIN SCHUMANN SUPER;NAL;0,9;MERCREDI
LSQ;ENT V GEODIS;LENS;;1297 HARNES SUPER;NAL;0,5;MERCREDI
LSQ;ENT V GEODIS;LILLE;;4536 LILLE WAZEMMES MY AUCHAN;NAL;0,8;MERCREDI
LSQ;ENT V GEODIS;LILLE;;AUCHAN CITY TOURCOING;NAL;0,1;MERCREDI
LSQ;ENT V GEODIS;OISE;;LONGUEIL SAINTE MARIE SUPER 4315;NAL;0,7;MERCREDI
AMS;ENT AMIENS BINAT;COTE OPALE;;1267 CALAIS DELAROCHE SUPER;PGC;2,8;JEUDI
AMS;ENT AMIENS BINAT;ROUEN;;4313 CANTELEU SUPER;PGC;3,4;JEUDI
AMS;ENT AMIENS BINAT;COTE OPALE;;4977 RUE SUPER;PGC;3,9;JEUDI
AMS;ENT AMIENS BINAT;LILLE;;914 MARQUETTE LES PARTISANS DU GOUT;PGC;0,8;JEUDI
AMS;ENT AMIENS BINAT;LENS;;ARRAS;PGC;8,7;JEUDI
AMS;ENT AMIENS BINAT;LILLE;;AUCHAN CITY TOURCOING;PGC;3,0;JEUDI
AMS;ENT AMIENS BINAT;OISE;;BEAUVAIS;PGC;12,0;JEUDI
AMS;ENT AMIENS BINAT;LENS;;BETHUNE;PGC;13,0;JEUDI
AMS;ENT AMIENS BINAT;COTE OPALE;;BOULOGNE;PGC;9,7;JEUDI
AMS;ENT AMIENS BINAT;COTE OPALE;;CALAIS;PGC;10,2;JEUDI
AMS;ENT AMIENS BINAT;LENS;;CAMBRAI;PGC;11,6;JEUDI
AMS;ENT AMIENS BINAT;COTE NORMANDE;;CHERBOURG;PGC;4,8;JEUDI
AMS;ENT AMIENS BINAT;LILLE;;CHRONO AVELIN 4361;PGC;4,1;JEUDI
AMS;ENT AMIENS BINAT;LILLE;;CHRONO BONDUES 4703;PGC;2,1;JEUDI
AMS;ENT AMIENS BINAT;OISE;;CHRONO COMPIEGNE 4345;PGC;3,0;JEUDI
AMS;ENT AMIENS BINAT;COTE OPALE;;CHRONO COUDEKERQUE 4242;PGC;2,2;JEUDI
AMS;ENT AMIENS BINAT;LILLE;;CHRONO CROIX 4154;PGC;6,0;JEUDI
AMS;ENT AMIENS BINAT;LILLE;;CHRONO HALLENNES 4167;PGC;6,6;JEUDI
AMS;ENT AMIENS BINAT;CAEN;;CHRONO IFS;PGC;2,1;JEUDI
AMS;ENT AMIENS BINAT;LILLE;;CHRONO LAMBERSART 4424;PGC;3,3;JEUDI
AMS;ENT AMIENS BINAT;LILLE;;CHRONO MARCQ 4128;PGC;5,3;JEUDI
AMS;ENT AMIENS BINAT;LILLE;;CHRONO WASQUEHAL 4303;PGC;1,4;JEUDI
AMS;ENT AMIENS BINAT;COTE NORMANDE;;DIEPPE;PGC;11,1;JEUDI
AMS;ENT AMIENS BINAT;LENS;;DOUAI;PGC;16,8;JEUDI
AMS;ENT AMIENS BINAT;LENS;;DRIVE ARRAS;PGC;4,5;JEUDI
AMS;ENT AMIENS BINAT;OISE;;DRIVE BEAUVAIS;PGC;4,3;JEUDI
AMS;ENT AMIENS BINAT;LENS;;DRIVE BETHUNE;PGC;3,9;JEUDI
AMS;ENT AMIENS BINAT;COTE OPALE;;DRIVE BOULOGNE;PGC;3,4;JEUDI
AMS;ENT AMIENS BINAT;COTE OPALE;;DRIVE CALAIS;PGC;4,1;JEUDI
AMS;ENT AMIENS BINAT;LENS;;DRIVE CAMBRAI;PGC;2,5;JEUDI
AMS;ENT AMIENS BINAT;COTE NORMANDE;;DRIVE CHERBOURG;PGC;1,6;JEUDI
AMS;ENT AMIENS BINAT;COTE NORMANDE;;DRIVE DIEPPE;PGC;2,2;JEUDI
AMS;ENT AMIENS BINAT;LENS;;DRIVE DOUAI;PGC;4,2;JEUDI
AMS;ENT AMIENS BINAT;COTE OPALE;;DRIVE DUNKERQUE;PGC;4,7;JEUDI
AMS;ENT AMIENS BINAT;AMIENS;;DRIVE DURY;PGC;4,0;JEUDI
AMS;ENT AMIENS BINAT;LILLE;;DRIVE ENGLOS;PGC;5,5;JEUDI
AMS;ENT AMIENS BINAT;LILLE;;DRIVE FACHES;PGC;3,2;JEUDI
AMS;ENT AMIENS BINAT;COTE NORMANDE;;DRIVE LE HAVRE;PGC;6,6;JEUDI
AMS;ENT AMIENS BINAT;LILLE;;DRIVE LEERS;PGC;8,9;JEUDI
AMS;ENT AMIENS BINAT;AVESNOIS;;DRIVE LOUVROIL;PGC;6,3;JEUDI
AMS;ENT AMIENS BINAT;COTE NORMANDE;;DRIVE MONTIVILLIERS;PGC;2,6;JEUDI
AMS;ENT AMIENS BINAT;OISE;;DRIVE NOGENT SUR OISE;PGC;3,5;JEUDI
AMS;ENT AMIENS BINAT;LENS;;DRIVE NOYELLES;PGC;5,0;JEUDI
AMS;ENT AMIENS BINAT;AISNE;;DRIVE NOYON;PGC;2,5;JEUDI
AMS;ENT AMIENS BINAT;AVESNOIS;;DRIVE PETITE FORET;PGC;1,2;JEUDI
AMS;ENT AMIENS BINAT;LILLE;;DRIVE RONCQ;PGC;7,3;JEUDI
AMS;ENT AMIENS BINAT;COTE OPALE;;DRIVE ST OMER;PGC;4,1;JEUDI
AMS;ENT AMIENS BINAT;AISNE;;DRIVE ST QUENTIN;PGC;2,5;JEUDI
AMS;ENT AMIENS BINAT;AVESNOIS;;DRIVE VALENCIENNES;PGC;5,2;JEUDI
AMS;ENT AMIENS BINAT;LILLE;;DRIVE VILLENEUVE D'ASCQ;PGC;5,0;JEUDI
AMS;ENT AMIENS BINAT;COTE OPALE;;DUNKERQUE;PGC;19,0;JEUDI
AMS;ENT AMIENS BINAT;AMIENS;;DURY;PGC;10,5;JEUDI
AMS;ENT AMIENS BINAT;LILLE;;ENGLOS;PGC;14,0;JEUDI
AMS;ENT AMIENS BINAT;LILLE;;FACHES;PGC;11,8;JEUDI
AMS;ENT AMIENS BINAT;ROUEN;;FRANQUEVILLE CHRONODRIVE 4475;PGC;2,8;JEUDI
AMS;ENT AMIENS BINAT;AVESNOIS;;HIRSON;PGC;5,5;JEUDI
AMS;ENT AMIENS BINAT;COTE NORMANDE;;LE HAVRE;PGC;16,6;JEUDI
AMS;ENT AMIENS BINAT;LILLE;;LEERS;PGC;18,6;JEUDI
AMS;ENT AMIENS BINAT;AVESNOIS;;LOUVROIL;PGC;17,3;JEUDI
AMS;ENT AMIENS BINAT;COTE NORMANDE;;MERS LES BAINS;PGC;6,4;JEUDI
AMS;ENT AMIENS BINAT;OISE;;MERU;PGC;6,1;JEUDI
AMS;ENT AMIENS BINAT;COTE NORMANDE;;MONTIVILLIERS;PGC;18,9;JEUDI
AMS;ENT AMIENS BINAT;OISE;;NOGENT SUR OISE;PGC;10,0;JEUDI
AMS;ENT AMIENS BINAT;LENS;;NOYELLES GODAULT;PGC;4,6;JEUDI
AMS;ENT AMIENS BINAT;AISNE;;NOYON;PGC;11,0;JEUDI
AMS;ENT AMIENS BINAT;AVESNOIS;;PETITE FORET;PGC;6,6;JEUDI
AMS;ENT AMIENS BINAT;LILLE;;RONCQ;PGC;27,5;JEUDI
AMS;ENT AMIENS BINAT;COTE OPALE;;ST OMER;PGC;20,9;JEUDI
AMS;ENT AMIENS BINAT;AISNE;;ST QUENTIN;PGC;6,8;JEUDI
AMS;ENT AMIENS BINAT;AVESNOIS;;VALENCIENNES;PGC;10,6;JEUDI
AMS;ENT AMIENS BINAT;LILLE;;VILLENEUVE 2;PGC;10,5;JEUDI
AMS;ENT AMIENS BINAT;AISNE;;VIRY NOUREUIL;PGC;7,5;JEUDI
SAU;ENT AMIENS SAINT SAUVEUR FLEG;ROUEN;;4313 CANTELEU SUPER;FLEG;1,3;JEUDI
SAU;ENT AMIENS SAINT SAUVEUR FLEG;COTE OPALE;;4977 RUE SUPER;FLEG;1,5;JEUDI
SAU;ENT AMIENS SAINT SAUVEUR FLEG;OISE;;BEAUVAIS;FLEG;12,7;JEUDI
SAU;ENT AMIENS SAINT SAUVEUR FLEG;CAEN;;CAEN CHRONO 352;FLEG;1,3;JEUDI
SAU;ENT AMIENS SAINT SAUVEUR FLEG;IDF;;CERGY;FLEG;25,3;JEUDI
SAU;ENT AMIENS SAINT SAUVEUR FLEG;IDF;;CERGY CHRONODRIVE 469;FLEG;4,3;JEUDI
SAU;ENT AMIENS SAINT SAUVEUR FLEG;COTE NORMANDE;;CHERBOURG;FLEG;13,2;JEUDI
SAU;ENT AMIENS SAINT SAUVEUR FLEG;OISE;;CHRONO COMPIEGNE 4345;FLEG;2,3;JEUDI
SAU;ENT AMIENS SAINT SAUVEUR FLEG;IDF;;CORMEILLES EN PARISIS CHRONODRIVE 413;FLEG;4,0;JEUDI
SAU;ENT AMIENS SAINT SAUVEUR FLEG;COTE NORMANDE;;DIEPPE;FLEG;14,6;JEUDI
SAU;ENT AMIENS SAINT SAUVEUR FLEG;OISE;;DRIVE BEAUVAIS;FLEG;2,0;JEUDI
SAU;ENT AMIENS SAINT SAUVEUR FLEG;IDF;;DRIVE CERGY;FLEG;2,9;JEUDI
SAU;ENT AMIENS SAINT SAUVEUR FLEG;COTE NORMANDE;;DRIVE CHERBOURG;FLEG;1,9;JEUDI
SAU;ENT AMIENS SAINT SAUVEUR FLEG;COTE NORMANDE;;DRIVE DIEPPE;FLEG;2,5;JEUDI
SAU;ENT AMIENS SAINT SAUVEUR FLEG;AMIENS;;DRIVE DURY;FLEG;4,8;JEUDI
SAU;ENT AMIENS SAINT SAUVEUR FLEG;COTE NORMANDE;;DRIVE LE HAVRE;FLEG;4,3;JEUDI
SAU;ENT AMIENS SAINT SAUVEUR FLEG;COTE NORMANDE;;DRIVE MONTIVILLIERS;FLEG;5,1;JEUDI
SAU;ENT AMIENS SAINT SAUVEUR FLEG;OISE;;DRIVE NOGENT SUR OISE;FLEG;2,9;JEUDI
SAU;ENT AMIENS SAINT SAUVEUR FLEG;AISNE;;DRIVE NOYON;FLEG;1,3;JEUDI
SAU;ENT AMIENS SAINT SAUVEUR FLEG;IDF;;DRIVE OSNY;FLEG;2,8;JEUDI
SAU;ENT AMIENS SAINT SAUVEUR FLEG;IDF;;DRIVE ROISSY;FLEG;1,6;JEUDI
SAU;ENT AMIENS SAINT SAUVEUR FLEG;IDF;;DRIVE TAVERNY;FLEG;3,6;JEUDI
SAU;ENT AMIENS SAINT SAUVEUR FLEG;AMIENS;;DURY;FLEG;23,7;JEUDI
SAU;ENT AMIENS SAINT SAUVEUR FLEG;ROUEN;;FRANQUEVILLE CHRONODRIVE 4475;FLEG;2,0;JEUDI
SAU;ENT AMIENS SAINT SAUVEUR FLEG;IDF;;HERBLAY CHRONODRIVE 444;FLEG;2,5;JEUDI
SAU;ENT AMIENS SAINT SAUVEUR FLEG;IDF;;HOUILLES SUPER 1073;FLEG;13,6;JEUDI
SAU;ENT AMIENS SAINT SAUVEUR FLEG;COTE NORMANDE;;LE HAVRE;FLEG;22,7;JEUDI
SAU;ENT AMIENS SAINT SAUVEUR FLEG;IDF;;LES MUREAUX HALLES AUCHAN;FLEG;4,2;JEUDI
SAU;ENT AMIENS SAINT SAUVEUR FLEG;OISE;;LONGUEIL SAINTE MARIE SUPER 4315;FLEG;2,0;JEUDI
SAU;ENT AMIENS SAINT SAUVEUR FLEG;COTE NORMANDE;;MERS LES BAINS;FLEG;14,7;JEUDI
SAU;ENT AMIENS SAINT SAUVEUR FLEG;OISE;;MERU;FLEG;14,4;JEUDI
SAU;ENT AMIENS SAINT SAUVEUR FLEG;COTE NORMANDE;;MONTIVILLIERS;FLEG;23,0;JEUDI
SAU;ENT AMIENS SAINT SAUVEUR FLEG;OISE;;NOGENT SUR OISE;FLEG;11,9;JEUDI
SAU;ENT AMIENS SAINT SAUVEUR FLEG;AISNE;;NOYON;FLEG;14,3;JEUDI
SAU;ENT AMIENS SAINT SAUVEUR FLEG;IDF;;OSNY;FLEG;17,0;JEUDI
SAU;ENT AMIENS SAINT SAUVEUR FLEG;IDF;;ROISSY;FLEG;7,1;JEUDI
SAU;ENT AMIENS SAINT SAUVEUR FLEG;IDF;;SOISY;FLEG;28,3;JEUDI
SAU;ENT AMIENS SAINT SAUVEUR FLEG;IDF;;TAVERNY;FLEG;26,9;JEUDI
SAU;ENT AMIENS SAINT SAUVEUR PF;ROUEN;;4313 CANTELEU SUPER;PF;6,0;JEUDI
SAU;ENT AMIENS SAINT SAUVEUR PF;COTE OPALE;;4977 RUE SUPER;PF;4,8;JEUDI
SAU;ENT AMIENS SAINT SAUVEUR PF;OISE;;BEAUVAIS;PF;27,8;JEUDI
SAU;ENT AMIENS SAINT SAUVEUR PF;CAEN;;CAEN CHRONO 352;PF;5,3;JEUDI
SAU;ENT AMIENS SAINT SAUVEUR PF;COTE NORMANDE;;CHERBOURG;PF;20,1;JEUDI
SAU;ENT AMIENS SAINT SAUVEUR PF;OISE;;CHRONO COMPIEGNE 4345;PF;8,3;JEUDI
SAU;ENT AMIENS SAINT SAUVEUR PF;COTE NORMANDE;;DIEPPE;PF;29,1;JEUDI
SAU;ENT AMIENS SAINT SAUVEUR PF;OISE;;DRIVE BEAUVAIS;PF;6,8;JEUDI
SAU;ENT AMIENS SAINT SAUVEUR PF;COTE NORMANDE;;DRIVE CHERBOURG;PF;4,3;JEUDI
SAU;ENT AMIENS SAINT SAUVEUR PF;COTE NORMANDE;;DRIVE DIEPPE;PF;8,8;JEUDI
SAU;ENT AMIENS SAINT SAUVEUR PF;AMIENS;;DRIVE DURY;PF;11,5;JEUDI
SAU;ENT AMIENS SAINT SAUVEUR PF;COTE NORMANDE;;DRIVE LE HAVRE;PF;13,8;JEUDI
SAU;ENT AMIENS SAINT SAUVEUR PF;COTE NORMANDE;;DRIVE MONTIVILLIERS;PF;14,3;JEUDI
SAU;ENT AMIENS SAINT SAUVEUR PF;AISNE;;DRIVE NOYON;PF;5,0;JEUDI
SAU;ENT AMIENS SAINT SAUVEUR PF;AMIENS;;DURY;PF;32,5;JEUDI
SAU;ENT AMIENS SAINT SAUVEUR PF;ROUEN;;FRANQUEVILLE CHRONODRIVE 4475;PF;5,5;JEUDI
SAU;ENT AMIENS SAINT SAUVEUR PF;CAEN;;IFS CHRONODRIVE 4253;PF;7,0;JEUDI
SAU;ENT AMIENS SAINT SAUVEUR PF;COTE NORMANDE;;LE HAVRE;PF;40,8;JEUDI
SAU;ENT AMIENS SAINT SAUVEUR PF;OISE;;LONGUEIL SAINTE MARIE SUPER 4315;PF;3,5;JEUDI
SAU;ENT AMIENS SAINT SAUVEUR PF;COTE NORMANDE;;MERS LES BAINS;PF;23,5;JEUDI
SAU;ENT AMIENS SAINT SAUVEUR PF;COTE NORMANDE;;MONTIVILLIERS;PF;37,0;JEUDI
SAU;ENT AMIENS SAINT SAUVEUR PF;AISNE;;NOYON;PF;25,8;JEUDI
SAU;ENT AMIENS SAINT SAUVEUR PF;ROUEN;;VAL DE REUIL SUPER 1209;PF;1,5;JEUDI
AMS;ENT AMIENS SUPER POULAINVILLE PGC;COTE OPALE;;1267 CALAIS DELAROCHE SUPER;PGC;2,6;JEUDI
AMS;ENT AMIENS SUPER POULAINVILLE PGC;ROUEN;;4313 CANTELEU SUPER;PGC;9,8;JEUDI
AMS;ENT AMIENS SUPER POULAINVILLE PGC;COTE OPALE;;4977 RUE SUPER;PGC;8,4;JEUDI
AMS;ENT AMIENS SUPER POULAINVILLE PGC;LILLE;;914 MARQUETTE LES PARTISANS DU GOUT;PGC;1,3;JEUDI
AMS;ENT AMIENS SUPER POULAINVILLE PGC;LENS;;ARRAS;PGC;14,8;JEUDI
AMS;ENT AMIENS SUPER POULAINVILLE PGC;LILLE;;AUCHAN CITY TOURCOING;PGC;5,9;JEUDI
AMS;ENT AMIENS SUPER POULAINVILLE PGC;OISE;;BEAUVAIS;PGC;23,7;JEUDI
AMS;ENT AMIENS SUPER POULAINVILLE PGC;LENS;;BETHUNE;PGC;11,2;JEUDI
AMS;ENT AMIENS SUPER POULAINVILLE PGC;COTE OPALE;;BOULOGNE;PGC;21,7;JEUDI
AMS;ENT AMIENS SUPER POULAINVILLE PGC;COTE OPALE;;CALAIS;PGC;10,1;JEUDI
AMS;ENT AMIENS SUPER POULAINVILLE PGC;LENS;;CAMBRAI;PGC;9,9;JEUDI
AMS;ENT AMIENS SUPER POULAINVILLE PGC;COTE NORMANDE;;CHERBOURG;PGC;15,5;JEUDI
AMS;ENT AMIENS SUPER POULAINVILLE PGC;LILLE;;CHRONO AVELIN 4361;PGC;4,5;JEUDI
AMS;ENT AMIENS SUPER POULAINVILLE PGC;LILLE;;CHRONO BONDUES 4703;PGC;4,1;JEUDI
AMS;ENT AMIENS SUPER POULAINVILLE PGC;OISE;;CHRONO COMPIEGNE 4345;PGC;16,7;JEUDI
AMS;ENT AMIENS SUPER POULAINVILLE PGC;COTE OPALE;;CHRONO COUDEKERQUE 4242;PGC;4,8;JEUDI
AMS;ENT AMIENS SUPER POULAINVILLE PGC;LILLE;;CHRONO CROIX 4154;PGC;5,8;JEUDI
AMS;ENT AMIENS SUPER POULAINVILLE PGC;LILLE;;CHRONO HALLENNES 4167;PGC;6,9;JEUDI
AMS;ENT AMIENS SUPER POULAINVILLE PGC;CAEN;;CHRONO IFS;PGC;9,1;JEUDI
AMS;ENT AMIENS SUPER POULAINVILLE PGC;LILLE;;CHRONO LAMBERSART 4424;PGC;6,3;JEUDI
AMS;ENT AMIENS SUPER POULAINVILLE PGC;LILLE;;CHRONO MARCQ 4128;PGC;8,0;JEUDI
AMS;ENT AMIENS SUPER POULAINVILLE PGC;LILLE;;CHRONO WASQUEHAL 4303;PGC;4,3;JEUDI
AMS;ENT AMIENS SUPER POULAINVILLE PGC;COTE NORMANDE;;DIEPPE;PGC;24,4;JEUDI
AMS;ENT AMIENS SUPER POULAINVILLE PGC;LENS;;DOUAI;PGC;12,0;JEUDI
AMS;ENT AMIENS SUPER POULAINVILLE PGC;LENS;;DRIVE ARRAS;PGC;4,1;JEUDI
AMS;ENT AMIENS SUPER POULAINVILLE PGC;OISE;;DRIVE BEAUVAIS;PGC;7,1;JEUDI
AMS;ENT AMIENS SUPER POULAINVILLE PGC;LENS;;DRIVE BETHUNE;PGC;3,5;JEUDI
AMS;ENT AMIENS SUPER POULAINVILLE PGC;COTE OPALE;;DRIVE BOULOGNE;PGC;10,1;JEUDI
AMS;ENT AMIENS SUPER POULAINVILLE PGC;COTE OPALE;;DRIVE CALAIS;PGC;4,0;JEUDI
AMS;ENT AMIENS SUPER POULAINVILLE PGC;LENS;;DRIVE CAMBRAI;PGC;2,8;JEUDI
AMS;ENT AMIENS SUPER POULAINVILLE PGC;COTE NORMANDE;;DRIVE CHERBOURG;PGC;4,7;JEUDI
AMS;ENT AMIENS SUPER POULAINVILLE PGC;COTE NORMANDE;;DRIVE DIEPPE;PGC;6,3;JEUDI
AMS;ENT AMIENS SUPER POULAINVILLE PGC;LENS;;DRIVE DOUAI;PGC;3,5;JEUDI
AMS;ENT AMIENS SUPER POULAINVILLE PGC;COTE OPALE;;DRIVE DUNKERQUE;PGC;4,1;JEUDI
AMS;ENT AMIENS SUPER POULAINVILLE PGC;AMIENS;;DRIVE DURY;PGC;11,0;JEUDI
AMS;ENT AMIENS SUPER POULAINVILLE PGC;LILLE;;DRIVE ENGLOS;PGC;4,3;JEUDI
AMS;ENT AMIENS SUPER POULAINVILLE PGC;LILLE;;DRIVE FACHES;PGC;3,5;JEUDI
AMS;ENT AMIENS SUPER POULAINVILLE PGC;COTE NORMANDE;;DRIVE LE HAVRE;PGC;9,6;JEUDI
AMS;ENT AMIENS SUPER POULAINVILLE PGC;LILLE;;DRIVE LEERS;PGC;5,0;JEUDI
AMS;ENT AMIENS SUPER POULAINVILLE PGC;AVESNOIS;;DRIVE LOUVROIL;PGC;4,5;JEUDI
AMS;ENT AMIENS SUPER POULAINVILLE PGC;COTE NORMANDE;;DRIVE MONTIVILLIERS;PGC;14,1;JEUDI
AMS;ENT AMIENS SUPER POULAINVILLE PGC;OISE;;DRIVE NOGENT SUR OISE;PGC;6,2;JEUDI
AMS;ENT AMIENS SUPER POULAINVILLE PGC;LENS;;DRIVE NOYELLES;PGC;3,0;JEUDI
AMS;ENT AMIENS SUPER POULAINVILLE PGC;AISNE;;DRIVE NOYON;PGC;3,5;JEUDI
AMS;ENT AMIENS SUPER POULAINVILLE PGC;AVESNOIS;;DRIVE PETITE FORET;PGC;2,0;JEUDI
AMS;ENT AMIENS SUPER POULAINVILLE PGC;LILLE;;DRIVE RONCQ;PGC;4,8;JEUDI
AMS;ENT AMIENS SUPER POULAINVILLE PGC;COTE OPALE;;DRIVE ST OMER;PGC;2,9;JEUDI
AMS;ENT AMIENS SUPER POULAINVILLE PGC;AISNE;;DRIVE ST QUENTIN;PGC;3,5;JEUDI
AMS;ENT AMIENS SUPER POULAINVILLE PGC;AVESNOIS;;DRIVE VALENCIENNES;PGC;3,5;JEUDI
AMS;ENT AMIENS SUPER POULAINVILLE PGC;LILLE;;DRIVE VILLENEUVE D'ASCQ;PGC;3,8;JEUDI
AMS;ENT AMIENS SUPER POULAINVILLE PGC;COTE OPALE;;DUNKERQUE;PGC;15,6;JEUDI
AMS;ENT AMIENS SUPER POULAINVILLE PGC;AMIENS;;DURY;PGC;24,4;JEUDI
AMS;ENT AMIENS SUPER POULAINVILLE PGC;LILLE;;ENGLOS;PGC;15,4;JEUDI
AMS;ENT AMIENS SUPER POULAINVILLE PGC;LILLE;;FACHES;PGC;11,7;JEUDI
AMS;ENT AMIENS SUPER POULAINVILLE PGC;ROUEN;;FRANQUEVILLE CHRONODRIVE 4475;PGC;10,2;JEUDI
AMS;ENT AMIENS SUPER POULAINVILLE PGC;AVESNOIS;;HIRSON;PGC;6,4;JEUDI
AMS;ENT AMIENS SUPER POULAINVILLE PGC;COTE NORMANDE;;LE HAVRE;PGC;39,0;JEUDI
AMS;ENT AMIENS SUPER POULAINVILLE PGC;LILLE;;LEERS;PGC;15,3;JEUDI
AMS;ENT AMIENS SUPER POULAINVILLE PGC;AVESNOIS;;LOUVROIL;PGC;27,4;JEUDI
AMS;ENT AMIENS SUPER POULAINVILLE PGC;COTE NORMANDE;;MERS LES BAINS;PGC;14,7;JEUDI
AMS;ENT AMIENS SUPER POULAINVILLE PGC;OISE;;MERU;PGC;18,6;JEUDI
AMS;ENT AMIENS SUPER POULAINVILLE PGC;COTE NORMANDE;;MONTIVILLIERS;PGC;24,6;JEUDI
AMS;ENT AMIENS SUPER POULAINVILLE PGC;OISE;;NOGENT SUR OISE;PGC;30,9;JEUDI
AMS;ENT AMIENS SUPER POULAINVILLE PGC;LENS;;NOYELLES GODAULT;PGC;18,8;JEUDI
AMS;ENT AMIENS SUPER POULAINVILLE PGC;AISNE;;NOYON;PGC;29,4;JEUDI
AMS;ENT AMIENS SUPER POULAINVILLE PGC;AVESNOIS;;PETITE FORET;PGC;19,2;JEUDI
AMS;ENT AMIENS SUPER POULAINVILLE PGC;LILLE;;RONCQ;PGC;22,7;JEUDI
AMS;ENT AMIENS SUPER POULAINVILLE PGC;COTE OPALE;;ST OMER;PGC;15,2;JEUDI
AMS;ENT AMIENS SUPER POULAINVILLE PGC;AISNE;;ST QUENTIN;PGC;18,2;JEUDI
AMS;ENT AMIENS SUPER POULAINVILLE PGC;AVESNOIS;;VALENCIENNES;PGC;10,1;JEUDI
AMS;ENT AMIENS SUPER POULAINVILLE PGC;LILLE;;VILLENEUVE 2;PGC;10,8;JEUDI
AMS;ENT AMIENS SUPER POULAINVILLE PGC;AISNE;;VIRY NOUREUIL;PGC;19,4;JEUDI
CAR;ENT CARVIN FL;AISNE;;1186 ST QUENTIN SCHUMANN SUPER;FLEG;2,8;JEUDI
CAR;ENT CARVIN FL;COTE OPALE;;1267 CALAIS DELAROCHE SUPER;FLEG;2,0;JEUDI
CAR;ENT CARVIN FL;LENS;;1297 HARNES SUPER;FLEG;3,0;JEUDI
CAR;ENT CARVIN FL;LILLE;;4536 LILLE WAZEMMES MY AUCHAN;FLEG;1,8;JEUDI
CAR;ENT CARVIN FL;LENS;;4926 BILLY BERCLAU SUPER;FLEG;2,0;JEUDI
CAR;ENT CARVIN FL;LENS;;ARRAS;FLEG;21,2;JEUDI
CAR;ENT CARVIN FL;LILLE;;AUCHAN CITY TOURCOING;FLEG;5,6;JEUDI
CAR;ENT CARVIN FL;LENS;;BETHUNE;FLEG;15,2;JEUDI
CAR;ENT CARVIN FL;COTE OPALE;;BOULOGNE;FLEG;24,2;JEUDI
CAR;ENT CARVIN FL;COTE OPALE;;CALAIS;FLEG;23,3;JEUDI
CAR;ENT CARVIN FL;LENS;;CAMBRAI;FLEG;17,2;JEUDI
CAR;ENT CARVIN FL;LILLE;;CHRONO AVELIN 4361;FLEG;2,3;JEUDI
CAR;ENT CARVIN FL;LILLE;;CHRONO BONDUES 4703;FLEG;3,3;JEUDI
CAR;ENT CARVIN FL;COTE OPALE;;CHRONO COUDEKERQUE 4242;FLEG;2,3;JEUDI
CAR;ENT CARVIN FL;LILLE;;CHRONO CROIX 4154;FLEG;5,5;JEUDI
CAR;ENT CARVIN FL;LENS;;CHRONO ELEU DIT LEAUWETTE 4462;FLEG;2,3;JEUDI
CAR;ENT CARVIN FL;LILLE;;CHRONO HALLENNES 4167;FLEG;4,5;JEUDI
CAR;ENT CARVIN FL;LILLE;;CHRONO LAMBERSART 4424;FLEG;4,3;JEUDI
CAR;ENT CARVIN FL;LILLE;;CHRONO MARCQ 4128;FLEG;5,0;JEUDI
CAR;ENT CARVIN FL;AVESNOIS;;CHRONO VALENCIENNES 4370;FLEG;2,0;JEUDI
CAR;ENT CARVIN FL;LILLE;;CHRONO WASQUEHAL 4303;FLEG;3,3;JEUDI
CAR;ENT CARVIN FL;LENS;;DOUAI;FLEG;17,0;JEUDI
CAR;ENT CARVIN FL;LENS;;DRIVE ARRAS;FLEG;3,8;JEUDI
CAR;ENT CARVIN FL;LENS;;DRIVE BETHUNE;FLEG;3,8;JEUDI
CAR;ENT CARVIN FL;COTE OPALE;;DRIVE BOULOGNE;FLEG;4,9;JEUDI
CAR;ENT CARVIN FL;COTE OPALE;;DRIVE CALAIS;FLEG;5,5;JEUDI
CAR;ENT CARVIN FL;LENS;;DRIVE CAMBRAI;FLEG;3,6;JEUDI
CAR;ENT CARVIN FL;LENS;;DRIVE DOUAI;FLEG;3,1;JEUDI
CAR;ENT CARVIN FL;COTE OPALE;;DRIVE DUNKERQUE;FLEG;3,4;JEUDI
CAR;ENT CARVIN FL;LILLE;;DRIVE ENGLOS;FLEG;5,3;JEUDI
CAR;ENT CARVIN FL;LILLE;;DRIVE FACHES;FLEG;3,4;JEUDI
CAR;ENT CARVIN FL;LILLE;;DRIVE LEERS;FLEG;5,9;JEUDI
CAR;ENT CARVIN FL;AVESNOIS;;DRIVE LOUVROIL;FLEG;4,3;JEUDI
CAR;ENT CARVIN FL;LENS;;DRIVE NOYELLES;FLEG;4,0;JEUDI
CAR;ENT CARVIN FL;AVESNOIS;;DRIVE PETITE FORET;FLEG;2,6;JEUDI
CAR;ENT CARVIN FL;LILLE;;DRIVE RONCQ;FLEG;3,9;JEUDI
CAR;ENT CARVIN FL;COTE OPALE;;DRIVE ST OMER;FLEG;4,0;JEUDI
CAR;ENT CARVIN FL;AISNE;;DRIVE ST QUENTIN;FLEG;2,0;JEUDI
CAR;ENT CARVIN FL;AVESNOIS;;DRIVE VALENCIENNES;FLEG;2,6;JEUDI
CAR;ENT CARVIN FL;LILLE;;DRIVE VILLENEUVE D'ASCQ;FLEG;3,3;JEUDI
CAR;ENT CARVIN FL;COTE OPALE;;DUNKERQUE;FLEG;25,8;JEUDI
CAR;ENT CARVIN FL;LILLE;;ENGLOS;FLEG;40,7;JEUDI
CAR;ENT CARVIN FL;LILLE;;FACHES;FLEG;31,0;JEUDI
CAR;ENT CARVIN FL;AVESNOIS;;HIRSON;FLEG;8,8;JEUDI
CAR;ENT CARVIN FL;LILLE;;LEERS;FLEG;26,8;JEUDI
CAR;ENT CARVIN FL;AVESNOIS;;LOUVROIL;FLEG;28,2;JEUDI
CAR;ENT CARVIN FL;LENS;;NOYELLES GODAULT;FLEG;18,0;JEUDI
CAR;ENT CARVIN FL;AVESNOIS;;PETITE FORET;FLEG;18,4;JEUDI
CAR;ENT CARVIN FL;LILLE;;RONCQ;FLEG;32,8;JEUDI
CAR;ENT CARVIN FL;COTE OPALE;;ST OMER;FLEG;24,0;JEUDI
CAR;ENT CARVIN FL;AISNE;;ST QUENTIN;FLEG;11,4;JEUDI
CAR;ENT CARVIN FL;AVESNOIS;;VALENCIENNES;FLEG;9,3;JEUDI
CAR;ENT CARVIN FL;LILLE;;VILLENEUVE 2;FLEG;26,1;JEUDI
CAR;ENT CARVIN FL;AISNE;;VIRY NOUREUIL;FLEG;8,9;JEUDI
CAR;ENT CARVIN PF;AISNE;;1186 ST QUENTIN SCHUMANN SUPER;PF;5,5;JEUDI
CAR;ENT CARVIN PF;COTE OPALE;;1267 CALAIS DELAROCHE SUPER;PF;5,3;JEUDI
CAR;ENT CARVIN PF;LENS;;1297 HARNES SUPER;PF;6,3;JEUDI
CAR;ENT CARVIN PF;LILLE;;4536 LILLE WAZEMMES MY AUCHAN;PF;5,8;JEUDI
CAR;ENT CARVIN PF;LENS;;4926 BILLY BERCLAU SUPER;PF;4,8;JEUDI
CAR;ENT CARVIN PF;LILLE;;914 MARQUETTE LES PARTISANS DU GOUT;PF;4,5;JEUDI
CAR;ENT CARVIN PF;LENS;;ARRAS;PF;34,7;JEUDI
CAR;ENT CARVIN PF;LILLE;;AUCHAN CITY TOURCOING;PF;15,8;JEUDI
CAR;ENT CARVIN PF;LENS;;BETHUNE;PF;33,3;JEUDI
CAR;ENT CARVIN PF;COTE OPALE;;BOULOGNE;PF;45,2;JEUDI
CAR;ENT CARVIN PF;COTE OPALE;;CALAIS;PF;45,6;JEUDI
CAR;ENT CARVIN PF;LENS;;CAMBRAI;PF;34,7;JEUDI
CAR;ENT CARVIN PF;LILLE;;CHRONO AVELIN 4361;PF;10,3;JEUDI
CAR;ENT CARVIN PF;LILLE;;CHRONO BONDUES 4703;PF;13,3;JEUDI
CAR;ENT CARVIN PF;COTE OPALE;;CHRONO COUDEKERQUE 4242;PF;10,8;JEUDI
CAR;ENT CARVIN PF;LILLE;;CHRONO CROIX 4154;PF;15,3;JEUDI
CAR;ENT CARVIN PF;LENS;;CHRONO ELEU DIT LEAUWETTE 4462;PF;8,3;JEUDI
CAR;ENT CARVIN PF;LILLE;;CHRONO HALLENNES 4167;PF;19,3;JEUDI
CAR;ENT CARVIN PF;LILLE;;CHRONO LAMBERSART 4424;PF;15,0;JEUDI
CAR;ENT CARVIN PF;LILLE;;CHRONO MARCQ 4128;PF;19,5;JEUDI
CAR;ENT CARVIN PF;AVESNOIS;;CHRONO VALENCIENNES 4370;PF;6,5;JEUDI
CAR;ENT CARVIN PF;LILLE;;CHRONO WASQUEHAL 4303;PF;12,3;JEUDI
CAR;ENT CARVIN PF;LENS;;DOUAI;PF;34,5;JEUDI
CAR;ENT CARVIN PF;LENS;;DRIVE ARRAS;PF;9,3;JEUDI
CAR;ENT CARVIN PF;LENS;;DRIVE BETHUNE;PF;10,0;JEUDI
CAR;ENT CARVIN PF;COTE OPALE;;DRIVE BOULOGNE;PF;13,0;JEUDI
CAR;ENT CARVIN PF;COTE OPALE;;DRIVE CALAIS;PF;12,0;JEUDI
CAR;ENT CARVIN PF;LENS;;DRIVE CAMBRAI;PF;10,0;JEUDI
CAR;ENT CARVIN PF;LENS;;DRIVE DOUAI;PF;9,8;JEUDI
CAR;ENT CARVIN PF;COTE OPALE;;DRIVE DUNKERQUE;PF;10,8;JEUDI
CAR;ENT CARVIN PF;LILLE;;DRIVE ENGLOS;PF;12,0;JEUDI
CAR;ENT CARVIN PF;LILLE;;DRIVE FACHES;PF;9,3;JEUDI
CAR;ENT CARVIN PF;LILLE;;DRIVE LEERS;PF;13,8;JEUDI
CAR;ENT CARVIN PF;AVESNOIS;;DRIVE LOUVROIL;PF;13,3;JEUDI
CAR;ENT CARVIN PF;LENS;;DRIVE NOYELLES;PF;10,8;JEUDI
CAR;ENT CARVIN PF;AVESNOIS;;DRIVE PETITE FORET;PF;7,5;JEUDI
CAR;ENT CARVIN PF;LILLE;;DRIVE RONCQ;PF;14,5;JEUDI
CAR;ENT CARVIN PF;COTE OPALE;;DRIVE ST OMER;PF;11,5;JEUDI
CAR;ENT CARVIN PF;AISNE;;DRIVE ST QUENTIN;PF;7,3;JEUDI
CAR;ENT CARVIN PF;AVESNOIS;;DRIVE VALENCIENNES;PF;8,0;JEUDI
CAR;ENT CARVIN PF;LILLE;;DRIVE VILLENEUVE D'ASCQ;PF;9,5;JEUDI
CAR;ENT CARVIN PF;COTE OPALE;;DUNKERQUE;PF;49,0;JEUDI
CAR;ENT CARVIN PF;LILLE;;ENGLOS;PF;65,8;JEUDI
CAR;ENT CARVIN PF;LILLE;;FACHES;PF;48,5;JEUDI
CAR;ENT CARVIN PF;AVESNOIS;;HIRSON;PF;18,8;JEUDI
CAR;ENT CARVIN PF;LILLE;;LEERS;PF;61,6;JEUDI
CAR;ENT CARVIN PF;AVESNOIS;;LOUVROIL;PF;55,5;JEUDI
CAR;ENT CARVIN PF;LENS;;NOYELLES GODAULT;PF;40,0;JEUDI
CAR;ENT CARVIN PF;AVESNOIS;;PETITE FORET;PF;38,1;JEUDI
CAR;ENT CARVIN PF;LILLE;;RONCQ;PF;76,5;JEUDI
CAR;ENT CARVIN PF;COTE OPALE;;ST OMER;PF;55,8;JEUDI
CAR;ENT CARVIN PF;AISNE;;ST QUENTIN;PF;27,2;JEUDI
CAR;ENT CARVIN PF;AVESNOIS;;VALENCIENNES;PF;20,3;JEUDI
CAR;ENT CARVIN PF;LILLE;;VILLENEUVE 2;PF;44,3;JEUDI
CAR;ENT CARVIN PF;AISNE;;VIRY NOUREUIL;PF;20,7;JEUDI
LSQ;ENT ID LOGISTICS BREBIERES;LENS;;ARRAS;PGC;2,5;JEUDI
LSQ;ENT ID LOGISTICS BREBIERES;EST;;AUCHAN LUXEMBOURG SUPPLY;PGC;12,0;JEUDI
LSQ;ENT ID LOGISTICS BREBIERES;OISE;;BEAUVAIS;PGC;0,9;JEUDI
LSQ;ENT ID LOGISTICS BREBIERES;LENS;;BETHUNE;PGC;2,6;JEUDI
LSQ;ENT ID LOGISTICS BREBIERES;COTE OPALE;;BOULOGNE;PGC;1,7;JEUDI
LSQ;ENT ID LOGISTICS BREBIERES;COTE OPALE;;CALAIS;PGC;1,7;JEUDI
LSQ;ENT ID LOGISTICS BREBIERES;LENS;;CAMBRAI;PGC;1,2;JEUDI
LSQ;ENT ID LOGISTICS BREBIERES;COTE NORMANDE;;CHERBOURG;PGC;1,0;JEUDI
LSQ;ENT ID LOGISTICS BREBIERES;COTE NORMANDE;;DIEPPE;PGC;1,9;JEUDI
LSQ;ENT ID LOGISTICS BREBIERES;LENS;;DOUAI;PGC;4,0;JEUDI
LSQ;ENT ID LOGISTICS BREBIERES;COTE OPALE;;DUNKERQUE;PGC;1,5;JEUDI
LSQ;ENT ID LOGISTICS BREBIERES;AMIENS;;DURY;PGC;2,2;JEUDI
LSQ;ENT ID LOGISTICS BREBIERES;LILLE;;ENGLOS;PGC;2,9;JEUDI
LSQ;ENT ID LOGISTICS BREBIERES;LILLE;;FACHES;PGC;1,5;JEUDI
LSQ;ENT ID LOGISTICS BREBIERES;AVESNOIS;;HIRSON;PGC;0,9;JEUDI
LSQ;ENT ID LOGISTICS BREBIERES;COTE NORMANDE;;LE HAVRE;PGC;1,4;JEUDI
LSQ;ENT ID LOGISTICS BREBIERES;LILLE;;LEERS;PGC;2,7;JEUDI
LSQ;ENT ID LOGISTICS BREBIERES;AVESNOIS;;LOUVROIL;PGC;3,1;JEUDI
LSQ;ENT ID LOGISTICS BREBIERES;COTE NORMANDE;;MERS LES BAINS;PGC;2,3;JEUDI
LSQ;ENT ID LOGISTICS BREBIERES;OISE;;MERU;PGC;0,9;JEUDI
LSQ;ENT ID LOGISTICS BREBIERES;COTE NORMANDE;;MONTIVILLIERS;PGC;1,9;JEUDI
LSQ;ENT ID LOGISTICS BREBIERES;OISE;;NOGENT SUR OISE;PGC;1,6;JEUDI
LSQ;ENT ID LOGISTICS BREBIERES;LENS;;NOYELLES GODAULT;PGC;2,6;JEUDI
LSQ;ENT ID LOGISTICS BREBIERES;AISNE;;NOYON;PGC;0,8;JEUDI
LSQ;ENT ID LOGISTICS BREBIERES;AVESNOIS;;PETITE FORET;PGC;2,4;JEUDI
LSQ;ENT ID LOGISTICS BREBIERES;LILLE;;RONCQ;PGC;3,4;JEUDI
LSQ;ENT ID LOGISTICS BREBIERES;COTE OPALE;;ST OMER;PGC;1,2;JEUDI
LSQ;ENT ID LOGISTICS BREBIERES;AISNE;;ST QUENTIN;PGC;2,3;JEUDI
LSQ;ENT ID LOGISTICS BREBIERES;AVESNOIS;;VALENCIENNES;PGC;0,7;JEUDI
LSQ;ENT ID LOGISTICS BREBIERES;LILLE;;VILLENEUVE 2;PGC;1,6;JEUDI
LSQ;ENT ID LOGISTICS BREBIERES;AISNE;;VIRY NOUREUIL;PGC;0,7;JEUDI
LSQ;ENT IENA1;COTE OPALE;;1267 CALAIS DELAROCHE SUPER;PGC;3,9;JEUDI
LSQ;ENT IENA1;LILLE;;914 MARQUETTE LES PARTISANS DU GOUT;PGC;1,1;JEUDI
LSQ;ENT IENA1;LENS;;ARRAS;PGC;18,4;JEUDI
LSQ;ENT IENA1;LILLE;;AUCHAN CITY TOURCOING;PGC;8,6;JEUDI
LSQ;ENT IENA1;OISE;;BEAUVAIS;PGC;4,0;JEUDI
LSQ;ENT IENA1;LENS;;BETHUNE;PGC;23,2;JEUDI
LSQ;ENT IENA1;COTE OPALE;;BOULOGNE;PGC;10,4;JEUDI
LSQ;ENT IENA1;COTE OPALE;;CALAIS;PGC;18,8;JEUDI
LSQ;ENT IENA1;LENS;;CAMBRAI;PGC;18,7;JEUDI
LSQ;ENT IENA1;COTE NORMANDE;;CHERBOURG;PGC;3,8;JEUDI
LSQ;ENT IENA1;LILLE;;CHRONO AVELIN 4361;PGC;9,1;JEUDI
LSQ;ENT IENA1;LILLE;;CHRONO BONDUES 4703;PGC;11,7;JEUDI
LSQ;ENT IENA1;OISE;;CHRONO COMPIEGNE 4345;PGC;1,0;JEUDI
LSQ;ENT IENA1;COTE OPALE;;CHRONO COUDEKERQUE 4242;PGC;11,4;JEUDI
LSQ;ENT IENA1;LILLE;;CHRONO CROIX 4154;PGC;14,3;JEUDI
LSQ;ENT IENA1;LILLE;;CHRONO HALLENNES 4167;PGC;13,8;JEUDI
LSQ;ENT IENA1;CAEN;;CHRONO IFS;PGC;1,0;JEUDI
LSQ;ENT IENA1;LILLE;;CHRONO LAMBERSART 4424;PGC;11,0;JEUDI
LSQ;ENT IENA1;LILLE;;CHRONO MARCQ 4128;PGC;17,5;JEUDI
LSQ;ENT IENA1;LILLE;;CHRONO WASQUEHAL 4303;PGC;9,3;JEUDI
LSQ;ENT IENA1;COTE NORMANDE;;DIEPPE;PGC;8,0;JEUDI
LSQ;ENT IENA1;EST;;DIFFERDANGE;PGC;3,7;JEUDI
LSQ;ENT IENA1;LENS;;DOUAI;PGC;28,2;JEUDI
LSQ;ENT IENA1;LENS;;DRIVE ARRAS;PGC;3,1;JEUDI
LSQ;ENT IENA1;OISE;;DRIVE BEAUVAIS;PGC;1,0;JEUDI
LSQ;ENT IENA1;LENS;;DRIVE BETHUNE;PGC;5,6;JEUDI
LSQ;ENT IENA1;COTE OPALE;;DRIVE CALAIS;PGC;5,3;JEUDI
LSQ;ENT IENA1;LENS;;DRIVE CAMBRAI;PGC;4,1;JEUDI
LSQ;ENT IENA1;LENS;;DRIVE DOUAI;PGC;3,7;JEUDI
LSQ;ENT IENA1;COTE OPALE;;DRIVE DUNKERQUE;PGC;6,4;JEUDI
LSQ;ENT IENA1;AMIENS;;DRIVE DURY;PGC;1,0;JEUDI
LSQ;ENT IENA1;LILLE;;DRIVE ENGLOS;PGC;4,7;JEUDI
LSQ;ENT IENA1;LILLE;;DRIVE FACHES;PGC;4,5;JEUDI
LSQ;ENT IENA1;COTE NORMANDE;;DRIVE LE HAVRE;PGC;1,0;JEUDI
LSQ;ENT IENA1;LILLE;;DRIVE LEERS;PGC;11,6;JEUDI
LSQ;ENT IENA1;AVESNOIS;;DRIVE LOUVROIL;PGC;13,0;JEUDI
LSQ;ENT IENA1;COTE NORMANDE;;DRIVE MONTIVILLIERS;PGC;1,0;JEUDI
LSQ;ENT IENA1;LENS;;DRIVE NOYELLES;PGC;8,5;JEUDI
LSQ;ENT IENA1;AVESNOIS;;DRIVE PETITE FORET;PGC;2,8;JEUDI
LSQ;ENT IENA1;LILLE;;DRIVE RONCQ;PGC;11,5;JEUDI
LSQ;ENT IENA1;COTE OPALE;;DRIVE ST OMER;PGC;6,8;JEUDI
LSQ;ENT IENA1;AISNE;;DRIVE ST QUENTIN;PGC;1,0;JEUDI
LSQ;ENT IENA1;AVESNOIS;;DRIVE VALENCIENNES;PGC;5,2;JEUDI
LSQ;ENT IENA1;LILLE;;DRIVE VILLENEUVE D'ASCQ;PGC;6,2;JEUDI
LSQ;ENT IENA1;COTE OPALE;;DUNKERQUE;PGC;35,9;JEUDI
LSQ;ENT IENA1;AMIENS;;DURY;PGC;8,0;JEUDI
LSQ;ENT IENA1;LILLE;;ENGLOS;PGC;27,4;JEUDI
LSQ;ENT IENA1;LILLE;;FACHES;PGC;23,9;JEUDI
LSQ;ENT IENA1;AVESNOIS;;HIRSON;PGC;9,1;JEUDI
LSQ;ENT IENA1;EST;;ILLKIRCH;PGC;2,5;JEUDI
LSQ;ENT IENA1;EST;;KIRCHBERG;PGC;3,0;JEUDI
LSQ;ENT IENA1;COTE NORMANDE;;LE HAVRE;PGC;8,2;JEUDI
LSQ;ENT IENA1;LILLE;;LEERS;PGC;40,8;JEUDI
LSQ;ENT IENA1;AVESNOIS;;LOUVROIL;PGC;48,3;JEUDI
LSQ;ENT IENA1;COTE NORMANDE;;MERS LES BAINS;PGC;4,0;JEUDI
LSQ;ENT IENA1;OISE;;MERU;PGC;2,0;JEUDI
LSQ;ENT IENA1;EST;;MONT SAINT MARTIN;PGC;3,8;JEUDI
LSQ;ENT IENA1;COTE NORMANDE;;MONTIVILLIERS;PGC;4,0;JEUDI
LSQ;ENT IENA1;OISE;;NOGENT SUR OISE;PGC;4,3;JEUDI
LSQ;ENT IENA1;LENS;;NOYELLES GODAULT;PGC;20,2;JEUDI
LSQ;ENT IENA1;AISNE;;NOYON;PGC;4,0;JEUDI
LSQ;ENT IENA1;AVESNOIS;;PETITE FORET;PGC;25,0;JEUDI
LSQ;ENT IENA1;LILLE;;RONCQ;PGC;38,8;JEUDI
LSQ;ENT IENA1;EST;;SCHWEIGHOUSE;PGC;1,3;JEUDI
LSQ;ENT IENA1;EST;;SEMECOURT;PGC;4,8;JEUDI
LSQ;ENT IENA1;COTE OPALE;;ST OMER;PGC;27,6;JEUDI
LSQ;ENT IENA1;AISNE;;ST QUENTIN;PGC;6,3;JEUDI
LSQ;ENT IENA1;EST;;STRASBOURG;PGC;2,1;JEUDI
LSQ;ENT IENA1;AVESNOIS;;VALENCIENNES;PGC;25,0;JEUDI
LSQ;ENT IENA1;LILLE;;VILLENEUVE 2;PGC;20,8;JEUDI
LSQ;ENT IENA1;AISNE;;VIRY NOUREUIL;PGC;6,8;JEUDI
LSQ;ENT IENA2;LENS;;ARRAS;NAL;1,1;JEUDI
LSQ;ENT IENA2;LILLE;;AUCHAN CITY TOURCOING;NAL;1,0;JEUDI
LSQ;ENT IENA2;LENS;;BETHUNE;NAL;3,8;JEUDI
LSQ;ENT IENA2;COTE OPALE;;BOULOGNE;NAL;2,9;JEUDI
LSQ;ENT IENA2;COTE OPALE;;CALAIS;NAL;2,5;JEUDI
LSQ;ENT IENA2;LENS;;CAMBRAI;NAL;6,7;JEUDI
LSQ;ENT IENA2;COTE NORMANDE;;DIEPPE;NAL;1,4;JEUDI
LSQ;ENT IENA2;EST;;DIFFERDANGE;NAL;2,8;JEUDI
LSQ;ENT IENA2;LENS;;DOUAI;NAL;2,1;JEUDI
LSQ;ENT IENA2;COTE OPALE;;DUNKERQUE;NAL;3,3;JEUDI
LSQ;ENT IENA2;AMIENS;;DURY;NAL;2,4;JEUDI
LSQ;ENT IENA2;LILLE;;ENGLOS;NAL;2,1;JEUDI
LSQ;ENT IENA2;LILLE;;FACHES;NAL;6,3;JEUDI
LSQ;ENT IENA2;AVESNOIS;;HIRSON;NAL;2,4;JEUDI
LSQ;ENT IENA2;EST;;ILLKIRCH;NAL;1,4;JEUDI
LSQ;ENT IENA2;EST;;KIRCHBERG;NAL;2,5;JEUDI
LSQ;ENT IENA2;COTE NORMANDE;;LE HAVRE;NAL;1,3;JEUDI
LSQ;ENT IENA2;LILLE;;LEERS;NAL;10,8;JEUDI
LSQ;ENT IENA2;AVESNOIS;;LOUVROIL;NAL;11,7;JEUDI
LSQ;ENT IENA2;COTE NORMANDE;;MERS LES BAINS;NAL;1,3;JEUDI
LSQ;ENT IENA2;EST;;MONT SAINT MARTIN;NAL;3,4;JEUDI
LSQ;ENT IENA2;COTE NORMANDE;;MONTIVILLIERS;NAL;2,1;JEUDI
LSQ;ENT IENA2;LENS;;NOYELLES GODAULT;NAL;11,7;JEUDI
LSQ;ENT IENA2;AISNE;;NOYON;NAL;1,3;JEUDI
LSQ;ENT IENA2;AVESNOIS;;PETITE FORET;NAL;2,3;JEUDI
LSQ;ENT IENA2;LILLE;;RONCQ;NAL;1,3;JEUDI
LSQ;ENT IENA2;EST;;SCHWEIGHOUSE;NAL;0,8;JEUDI
LSQ;ENT IENA2;EST;;SEMECOURT;NAL;1,6;JEUDI
LSQ;ENT IENA2;COTE OPALE;;ST OMER;NAL;3,5;JEUDI
LSQ;ENT IENA2;AISNE;;ST QUENTIN;NAL;8,1;JEUDI
LSQ;ENT IENA2;EST;;STRASBOURG;NAL;1,4;JEUDI
LSQ;ENT IENA2;AVESNOIS;;VALENCIENNES;NAL;2,7;JEUDI
LSQ;ENT IENA2;LILLE;;VILLENEUVE 2;NAL;4,2;JEUDI
LSQ;ENT IENA2;AISNE;;VIRY NOUREUIL;NAL;5,3;JEUDI
LSQ;ENT MEYZIEU MEDLEY SUD;LENS;;BETHUNE;NAL;1,0;JEUDI
LSQ;ENT MEYZIEU MEDLEY SUD;COTE NORMANDE;;DIEPPE;NAL;1,0;JEUDI
LSQ;ENT MEYZIEU MEDLEY SUD;LENS;;DOUAI;NAL;1,0;JEUDI
LSQ;ENT MEYZIEU MEDLEY SUD;OISE;;NOGENT SUR OISE;NAL;1,5;JEUDI
LSQ;ENT MEYZIEU MEDLEY SUD;AISNE;;ST QUENTIN;NAL;1,3;JEUDI
LSQ;ENT SAINGHIN1;COTE OPALE;;1267 CALAIS DELAROCHE SUPER;PGC;7,1;JEUDI
LSQ;ENT SAINGHIN1;ROUEN;;4313 CANTELEU SUPER;PGC;5,1;JEUDI
LSQ;ENT SAINGHIN1;LILLE;;4536 LILLE WAZEMMES MY AUCHAN;PGC;10,0;JEUDI
LSQ;ENT SAINGHIN1;COTE OPALE;;4977 RUE SUPER;PGC;6,6;JEUDI
LSQ;ENT SAINGHIN1;LILLE;;914 MARQUETTE LES PARTISANS DU GOUT;PGC;1,5;JEUDI
LSQ;ENT SAINGHIN1;LENS;;ARRAS;PGC;8,6;JEUDI
LSQ;ENT SAINGHIN1;LILLE;;AUCHAN CITY TOURCOING;PGC;4,7;JEUDI
LSQ;ENT SAINGHIN1;OISE;;BEAUVAIS;PGC;12,0;JEUDI
LSQ;ENT SAINGHIN1;LENS;;BETHUNE;PGC;17,7;JEUDI
LSQ;ENT SAINGHIN1;COTE OPALE;;BOULOGNE;PGC;19,9;JEUDI
LSQ;ENT SAINGHIN1;COTE OPALE;;CALAIS;PGC;18,1;JEUDI
LSQ;ENT SAINGHIN1;LENS;;CAMBRAI;PGC;15,0;JEUDI
LSQ;ENT SAINGHIN1;COTE NORMANDE;;CHERBOURG;PGC;8,5;JEUDI
LSQ;ENT SAINGHIN1;LILLE;;CHRONO AVELIN 4361;PGC;11,5;JEUDI
LSQ;ENT SAINGHIN1;LILLE;;CHRONO BONDUES 4703;PGC;11,7;JEUDI
LSQ;ENT SAINGHIN1;OISE;;CHRONO COMPIEGNE 4345;PGC;3,3;JEUDI
LSQ;ENT SAINGHIN1;COTE OPALE;;CHRONO COUDEKERQUE 4242;PGC;13,0;JEUDI
LSQ;ENT SAINGHIN1;LILLE;;CHRONO CROIX 4154;PGC;12,7;JEUDI
LSQ;ENT SAINGHIN1;LILLE;;CHRONO HALLENNES 4167;PGC;14,6;JEUDI
LSQ;ENT SAINGHIN1;CAEN;;CHRONO IFS;PGC;2,9;JEUDI
LSQ;ENT SAINGHIN1;LILLE;;CHRONO LAMBERSART 4424;PGC;10,6;JEUDI
LSQ;ENT SAINGHIN1;LILLE;;CHRONO MARCQ 4128;PGC;15,4;JEUDI
LSQ;ENT SAINGHIN1;LILLE;;CHRONO WASQUEHAL 4303;PGC;7,6;JEUDI
LSQ;ENT SAINGHIN1;COTE NORMANDE;;DIEPPE;PGC;9,5;JEUDI
LSQ;ENT SAINGHIN1;LENS;;DOUAI;PGC;18,8;JEUDI
LSQ;ENT SAINGHIN1;LENS;;DRIVE ARRAS;PGC;2,7;JEUDI
LSQ;ENT SAINGHIN1;OISE;;DRIVE BEAUVAIS;PGC;4,0;JEUDI
LSQ;ENT SAINGHIN1;LENS;;DRIVE BETHUNE;PGC;3,9;JEUDI
LSQ;ENT SAINGHIN1;COTE OPALE;;DRIVE BOULOGNE;PGC;8,7;JEUDI
LSQ;ENT SAINGHIN1;COTE OPALE;;DRIVE CALAIS;PGC;9,5;JEUDI
LSQ;ENT SAINGHIN1;LENS;;DRIVE CAMBRAI;PGC;10,0;JEUDI
LSQ;ENT SAINGHIN1;COTE NORMANDE;;DRIVE CHERBOURG;PGC;3,4;JEUDI
LSQ;ENT SAINGHIN1;COTE NORMANDE;;DRIVE DIEPPE;PGC;5,1;JEUDI
LSQ;ENT SAINGHIN1;LENS;;DRIVE DOUAI;PGC;6,9;JEUDI
LSQ;ENT SAINGHIN1;COTE OPALE;;DRIVE DUNKERQUE;PGC;7,3;JEUDI
LSQ;ENT SAINGHIN1;AMIENS;;DRIVE DURY;PGC;3,1;JEUDI
LSQ;ENT SAINGHIN1;LILLE;;DRIVE ENGLOS;PGC;9,0;JEUDI
LSQ;ENT SAINGHIN1;LILLE;;DRIVE FACHES;PGC;3,7;JEUDI
LSQ;ENT SAINGHIN1;COTE NORMANDE;;DRIVE LE HAVRE;PGC;5,6;JEUDI
LSQ;ENT SAINGHIN1;LILLE;;DRIVE LEERS;PGC;6,1;JEUDI
LSQ;ENT SAINGHIN1;AVESNOIS;;DRIVE LOUVROIL;PGC;5,0;JEUDI
LSQ;ENT SAINGHIN1;COTE NORMANDE;;DRIVE MONTIVILLIERS;PGC;6,7;JEUDI
LSQ;ENT SAINGHIN1;OISE;;DRIVE NOGENT SUR OISE;PGC;3,8;JEUDI
LSQ;ENT SAINGHIN1;LENS;;DRIVE NOYELLES;PGC;8,3;JEUDI
LSQ;ENT SAINGHIN1;AISNE;;DRIVE NOYON;PGC;1,8;JEUDI
LSQ;ENT SAINGHIN1;AVESNOIS;;DRIVE PETITE FORET;PGC;2,8;JEUDI
LSQ;ENT SAINGHIN1;LILLE;;DRIVE RONCQ;PGC;8,0;JEUDI
LSQ;ENT SAINGHIN1;COTE OPALE;;DRIVE ST OMER;PGC;13,1;JEUDI
LSQ;ENT SAINGHIN1;AISNE;;DRIVE ST QUENTIN;PGC;2,9;JEUDI
LSQ;ENT SAINGHIN1;AVESNOIS;;DRIVE VALENCIENNES;PGC;7,8;JEUDI
LSQ;ENT SAINGHIN1;LILLE;;DRIVE VILLENEUVE D'ASCQ;PGC;2,9;JEUDI
LSQ;ENT SAINGHIN1;COTE OPALE;;DUNKERQUE;PGC;21,4;JEUDI
LSQ;ENT SAINGHIN1;AMIENS;;DURY;PGC;13,5;JEUDI
LSQ;ENT SAINGHIN1;LILLE;;ENGLOS;PGC;22,8;JEUDI
LSQ;ENT SAINGHIN1;LILLE;;FACHES;PGC;17,4;JEUDI
LSQ;ENT SAINGHIN1;ROUEN;;FRANQUEVILLE CHRONODRIVE 4475;PGC;2,9;JEUDI
LSQ;ENT SAINGHIN1;AVESNOIS;;HIRSON;PGC;10,9;JEUDI
LSQ;ENT SAINGHIN1;COTE NORMANDE;;LE HAVRE;PGC;17,3;JEUDI
LSQ;ENT SAINGHIN1;LILLE;;LEERS;PGC;26,1;JEUDI
LSQ;ENT SAINGHIN1;AVESNOIS;;LOUVROIL;PGC;26,3;JEUDI
LSQ;ENT SAINGHIN1;COTE NORMANDE;;MERS LES BAINS;PGC;9,1;JEUDI
LSQ;ENT SAINGHIN1;OISE;;MERU;PGC;7,8;JEUDI
LSQ;ENT SAINGHIN1;COTE NORMANDE;;MONTIVILLIERS;PGC;13,4;JEUDI
LSQ;ENT SAINGHIN1;OISE;;NOGENT SUR OISE;PGC;16,0;JEUDI
LSQ;ENT SAINGHIN1;LENS;;NOYELLES GODAULT;PGC;14,7;JEUDI
LSQ;ENT SAINGHIN1;AISNE;;NOYON;PGC;14,8;JEUDI
LSQ;ENT SAINGHIN1;AVESNOIS;;PETITE FORET;PGC;12,6;JEUDI
LSQ;ENT SAINGHIN1;LILLE;;RONCQ;PGC;29,0;JEUDI
LSQ;ENT SAINGHIN1;COTE OPALE;;ST OMER;PGC;22,8;JEUDI
LSQ;ENT SAINGHIN1;AISNE;;ST QUENTIN;PGC;11,9;JEUDI
LSQ;ENT SAINGHIN1;AVESNOIS;;VALENCIENNES;PGC;12,4;JEUDI
LSQ;ENT SAINGHIN1;LILLE;;VILLENEUVE 2;PGC;18,1;JEUDI
LSQ;ENT SAINGHIN1;AISNE;;VIRY NOUREUIL;PGC;9,6;JEUDI
LSQ;ENT SERRIS 1;COTE OPALE;;1267 CALAIS DELAROCHE SUPER;PGC;0,5;JEUDI
AMS;ENT SERRIS 1;ROUEN;;4313 CANTELEU SUPER;PGC;0,8;JEUDI
AMS;ENT SERRIS 1;COTE OPALE;;4977 RUE SUPER;PGC;0,8;JEUDI
LSQ;ENT SERRIS 1;LENS;;ARRAS;PGC;2,8;JEUDI
LSQ;ENT SERRIS 1;LILLE;;AUCHAN CITY TOURCOING;PGC;1,0;JEUDI
AMS;ENT SERRIS 1;OISE;;BEAUVAIS;PGC;2,2;JEUDI
LSQ;ENT SERRIS 1;LENS;;BETHUNE;PGC;1,6;JEUDI
LSQ;ENT SERRIS 1;COTE OPALE;;BOULOGNE;PGC;0,5;JEUDI
LSQ;ENT SERRIS 1;COTE OPALE;;CALAIS;PGC;3,4;JEUDI
LSQ;ENT SERRIS 1;LENS;;CAMBRAI;PGC;2,0;JEUDI
AMS;ENT SERRIS 1;COTE NORMANDE;;CHERBOURG;PGC;2,0;JEUDI
LSQ;ENT SERRIS 1;LILLE;;CHRONO AVELIN 4361;PGC;0,5;JEUDI
LSQ;ENT SERRIS 1;LILLE;;CHRONO BONDUES 4703;PGC;0,5;JEUDI
AMS;ENT SERRIS 1;OISE;;CHRONO COMPIEGNE 4345;PGC;1,0;JEUDI
LSQ;ENT SERRIS 1;COTE OPALE;;CHRONO COUDEKERQUE 4242;PGC;0,5;JEUDI
LSQ;ENT SERRIS 1;LILLE;;CHRONO CROIX 4154;PGC;0,5;JEUDI
LSQ;ENT SERRIS 1;LILLE;;CHRONO HALLENNES 4167;PGC;0,5;JEUDI
AMS;ENT SERRIS 1;CAEN;;CHRONO IFS;PGC;0,5;JEUDI
LSQ;ENT SERRIS 1;LILLE;;CHRONO LAMBERSART 4424;PGC;0,5;JEUDI
LSQ;ENT SERRIS 1;LILLE;;CHRONO MARCQ 4128;PGC;0,5;JEUDI
LSQ;ENT SERRIS 1;LILLE;;CHRONO WASQUEHAL 4303;PGC;0,5;JEUDI
AMS;ENT SERRIS 1;COTE NORMANDE;;DIEPPE;PGC;6,5;JEUDI
LSQ;ENT SERRIS 1;LENS;;DOUAI;PGC;4,0;JEUDI
LSQ;ENT SERRIS 1;LENS;;DRIVE ARRAS;PGC;1,0;JEUDI
AMS;ENT SERRIS 1;OISE;;DRIVE BEAUVAIS;PGC;0,8;JEUDI
LSQ;ENT SERRIS 1;LENS;;DRIVE BETHUNE;PGC;0,9;JEUDI
LSQ;ENT SERRIS 1;COTE OPALE;;DRIVE BOULOGNE;PGC;1,1;JEUDI
LSQ;ENT SERRIS 1;COTE OPALE;;DRIVE CALAIS;PGC;0,8;JEUDI
LSQ;ENT SERRIS 1;LENS;;DRIVE CAMBRAI;PGC;1,0;JEUDI
AMS;ENT SERRIS 1;COTE NORMANDE;;DRIVE CHERBOURG;PGC;0,5;JEUDI
AMS;ENT SERRIS 1;COTE NORMANDE;;DRIVE DIEPPE;PGC;0,5;JEUDI
LSQ;ENT SERRIS 1;LENS;;DRIVE DOUAI;PGC;0,5;JEUDI
LSQ;ENT SERRIS 1;COTE OPALE;;DRIVE DUNKERQUE;PGC;1,0;JEUDI
AMS;ENT SERRIS 1;AMIENS;;DRIVE DURY;PGC;0,9;JEUDI
LSQ;ENT SERRIS 1;LILLE;;DRIVE ENGLOS;PGC;1,4;JEUDI
LSQ;ENT SERRIS 1;LILLE;;DRIVE FACHES;PGC;0,5;JEUDI
AMS;ENT SERRIS 1;COTE NORMANDE;;DRIVE LE HAVRE;PGC;0,8;JEUDI
LSQ;ENT SERRIS 1;LILLE;;DRIVE LEERS;PGC;1,3;JEUDI
LSQ;ENT SERRIS 1;AVESNOIS;;DRIVE LOUVROIL;PGC;0,9;JEUDI
AMS;ENT SERRIS 1;COTE NORMANDE;;DRIVE MONTIVILLIERS;PGC;1,0;JEUDI
AMS;ENT SERRIS 1;OISE;;DRIVE NOGENT SUR OISE;PGC;0,8;JEUDI
LSQ;ENT SERRIS 1;LENS;;DRIVE NOYELLES;PGC;0,6;JEUDI
AMS;ENT SERRIS 1;AISNE;;DRIVE NOYON;PGC;0,6;JEUDI
LSQ;ENT SERRIS 1;AVESNOIS;;DRIVE PETITE FORET;PGC;0,5;JEUDI
LSQ;ENT SERRIS 1;LILLE;;DRIVE RONCQ;PGC;1,0;JEUDI
LSQ;ENT SERRIS 1;COTE OPALE;;DRIVE ST OMER;PGC;0,8;JEUDI
LSQ;ENT SERRIS 1;AISNE;;DRIVE ST QUENTIN;PGC;0,8;JEUDI
LSQ;ENT SERRIS 1;AVESNOIS;;DRIVE VALENCIENNES;PGC;0,6;JEUDI
LSQ;ENT SERRIS 1;LILLE;;DRIVE VILLENEUVE D'ASCQ;PGC;0,9;JEUDI
LSQ;ENT SERRIS 1;COTE OPALE;;DUNKERQUE;PGC;0,5;JEUDI
AMS;ENT SERRIS 1;AMIENS;;DURY;PGC;2,9;JEUDI
LSQ;ENT SERRIS 1;LILLE;;ENGLOS;PGC;1,8;JEUDI
LSQ;ENT SERRIS 1;LILLE;;FACHES;PGC;2,3;JEUDI
AMS;ENT SERRIS 1;ROUEN;;FRANQUEVILLE CHRONODRIVE 4475;PGC;0,8;JEUDI
LSQ;ENT SERRIS 1;AVESNOIS;;HIRSON;PGC;0,7;JEUDI
AMS;ENT SERRIS 1;COTE NORMANDE;;LE HAVRE;PGC;2,4;JEUDI
LSQ;ENT SERRIS 1;LILLE;;LEERS;PGC;4,0;JEUDI
LSQ;ENT SERRIS 1;AVESNOIS;;LOUVROIL;PGC;2,0;JEUDI
AMS;ENT SERRIS 1;COTE NORMANDE;;MERS LES BAINS;PGC;1,8;JEUDI
AMS;ENT SERRIS 1;OISE;;MERU;PGC;3,9;JEUDI
AMS;ENT SERRIS 1;COTE NORMANDE;;MONTIVILLIERS;PGC;5,1;JEUDI
AMS;ENT SERRIS 1;OISE;;NOGENT SUR OISE;PGC;3,1;JEUDI
LSQ;ENT SERRIS 1;LENS;;NOYELLES GODAULT;PGC;2,2;JEUDI
AMS;ENT SERRIS 1;AISNE;;NOYON;PGC;1,6;JEUDI
LSQ;ENT SERRIS 1;AVESNOIS;;PETITE FORET;PGC;1,8;JEUDI
LSQ;ENT SERRIS 1;LILLE;;RONCQ;PGC;6,2;JEUDI
LSQ;ENT SERRIS 1;COTE OPALE;;ST OMER;PGC;1,8;JEUDI
LSQ;ENT SERRIS 1;AISNE;;ST QUENTIN;PGC;1,9;JEUDI
LSQ;ENT SERRIS 1;AVESNOIS;;VALENCIENNES;PGC;1,3;JEUDI
LSQ;ENT SERRIS 1;LILLE;;VILLENEUVE 2;PGC;2,1;JEUDI
LSQ;ENT SERRIS 1;AISNE;;VIRY NOUREUIL;PGC;0,8;JEUDI
DIEP;ENT SOCOPAL DIEPPE;AISNE;;1186 ST QUENTIN SCHUMANN SUPER;SURG;3,0;JEUDI
DIEP;ENT SOCOPAL DIEPPE;COTE OPALE;;1267 CALAIS DELAROCHE SUPER;SURG;2,8;JEUDI
DIEP;ENT SOCOPAL DIEPPE;LENS;;1297 HARNES SUPER;SURG;3,0;JEUDI
DIEP;ENT SOCOPAL DIEPPE;ROUEN;;4313 CANTELEU SUPER;SURG;2,8;JEUDI
DIEP;ENT SOCOPAL DIEPPE;LILLE;;4536 LILLE WAZEMMES MY AUCHAN;SURG;1,8;JEUDI
DIEP;ENT SOCOPAL DIEPPE;LENS;;4926 BILLY BERCLAU SUPER;SURG;2,0;JEUDI
DIEP;ENT SOCOPAL DIEPPE;COTE OPALE;;4977 RUE SUPER;SURG;2,3;JEUDI
DIEP;ENT SOCOPAL DIEPPE;LILLE;;AUCHAN CITY TOURCOING;SURG;5,3;JEUDI
DIEP;ENT SOCOPAL DIEPPE;OISE;;BEAUVAIS;SURG;5,3;JEUDI
DIEP;ENT SOCOPAL DIEPPE;LENS;;BETHUNE;SURG;6,5;JEUDI
DIEP;ENT SOCOPAL DIEPPE;COTE OPALE;;CALAIS;SURG;7,8;JEUDI
DIEP;ENT SOCOPAL DIEPPE;IDF;;CERGY CHRONODRIVE 469;SURG;2,5;JEUDI
DIEP;ENT SOCOPAL DIEPPE;COTE NORMANDE;;CHERBOURG;SURG;2,0;JEUDI
DIEP;ENT SOCOPAL DIEPPE;LILLE;;CHRONO BONDUES 4703;SURG;2,8;JEUDI
DIEP;ENT SOCOPAL DIEPPE;LILLE;;CHRONO CROIX 4154;SURG;2,8;JEUDI
DIEP;ENT SOCOPAL DIEPPE;LENS;;CHRONO ELEU DIT LEAUWETTE 4462;SURG;1,3;JEUDI
DIEP;ENT SOCOPAL DIEPPE;LILLE;;CHRONO HALLENNES 4167;SURG;3,5;JEUDI
DIEP;ENT SOCOPAL DIEPPE;LILLE;;CHRONO LAMBERSART 4424;SURG;3,0;JEUDI
DIEP;ENT SOCOPAL DIEPPE;LILLE;;CHRONO MARCQ 4128;SURG;3,0;JEUDI
DIEP;ENT SOCOPAL DIEPPE;LILLE;;CHRONO WASQUEHAL 4303;SURG;2,5;JEUDI
DIEP;ENT SOCOPAL DIEPPE;IDF;;CORMEILLES EN PARISIS CHRONODRIVE 413;SURG;3,5;JEUDI
DIEP;ENT SOCOPAL DIEPPE;COTE NORMANDE;;DIEPPE;SURG;5,3;JEUDI
DIEP;ENT SOCOPAL DIEPPE;OISE;;DRIVE BEAUVAIS;SURG;1,8;JEUDI
DIEP;ENT SOCOPAL DIEPPE;LENS;;DRIVE BETHUNE;SURG;1,0;JEUDI
DIEP;ENT SOCOPAL DIEPPE;COTE OPALE;;DRIVE CALAIS;SURG;2,5;JEUDI
DIEP;ENT SOCOPAL DIEPPE;COTE NORMANDE;;DRIVE DIEPPE;SURG;2,0;JEUDI
DIEP;ENT SOCOPAL DIEPPE;AMIENS;;DRIVE DURY;SURG;2,0;JEUDI
DIEP;ENT SOCOPAL DIEPPE;LILLE;;DRIVE ENGLOS;SURG;2,5;JEUDI
DIEP;ENT SOCOPAL DIEPPE;LILLE;;DRIVE FACHES;SURG;1,0;JEUDI
DIEP;ENT SOCOPAL DIEPPE;LILLE;;DRIVE LEERS;SURG;3,3;JEUDI
DIEP;ENT SOCOPAL DIEPPE;AVESNOIS;;DRIVE LOUVROIL;SURG;1,5;JEUDI
DIEP;ENT SOCOPAL DIEPPE;OISE;;DRIVE NOGENT SUR OISE;SURG;1,5;JEUDI
DIEP;ENT SOCOPAL DIEPPE;AISNE;;DRIVE NOYON;SURG;1,0;JEUDI
DIEP;ENT SOCOPAL DIEPPE;AVESNOIS;;DRIVE PETITE FORET;SURG;1,0;JEUDI
DIEP;ENT SOCOPAL DIEPPE;COTE OPALE;;DRIVE ST OMER;SURG;3,0;JEUDI
DIEP;ENT SOCOPAL DIEPPE;AISNE;;DRIVE ST QUENTIN;SURG;1,0;JEUDI
DIEP;ENT SOCOPAL DIEPPE;AVESNOIS;;DRIVE VALENCIENNES;SURG;1,3;JEUDI
DIEP;ENT SOCOPAL DIEPPE;LILLE;;DRIVE VILLENEUVE D'ASCQ;SURG;1,0;JEUDI
DIEP;ENT SOCOPAL DIEPPE;AMIENS;;DURY;SURG;4,5;JEUDI
DIEP;ENT SOCOPAL DIEPPE;LILLE;;ENGLOS;SURG;5,5;JEUDI
DIEP;ENT SOCOPAL DIEPPE;LILLE;;FACHES;SURG;6,0;JEUDI
DIEP;ENT SOCOPAL DIEPPE;IDF;;HERBLAY CHRONODRIVE 444;SURG;2,3;JEUDI
DIEP;ENT SOCOPAL DIEPPE;AVESNOIS;;HIRSON;SURG;4,3;JEUDI
DIEP;ENT SOCOPAL DIEPPE;IDF;;HOUILLES SUPER 1073;SURG;5,5;JEUDI
DIEP;ENT SOCOPAL DIEPPE;IDF;;LA QUEUE LES YVELINES SUPER 1096;SURG;7,8;JEUDI
DIEP;ENT SOCOPAL DIEPPE;IDF;;LE CHESNAY PARLY 2 SUPER 1144;SURG;2,0;JEUDI
DIEP;ENT SOCOPAL DIEPPE;AVESNOIS;;LOUVROIL;SURG;8,8;JEUDI
DIEP;ENT SOCOPAL DIEPPE;COTE NORMANDE;;MERS LES BAINS;SURG;3,0;JEUDI
DIEP;ENT SOCOPAL DIEPPE;OISE;;MERU;SURG;4,8;JEUDI
DIEP;ENT SOCOPAL DIEPPE;OISE;;NOGENT SUR OISE;SURG;5,0;JEUDI
DIEP;ENT SOCOPAL DIEPPE;AISNE;;NOYON;SURG;6,8;JEUDI
DIEP;ENT SOCOPAL DIEPPE;AVESNOIS;;PETITE FORET;SURG;10,8;JEUDI
DIEP;ENT SOCOPAL DIEPPE;LILLE;;RONCQ;SURG;7,8;JEUDI
DIEP;ENT SOCOPAL DIEPPE;IDF;;SOISY;SURG;4,8;JEUDI
DIEP;ENT SOCOPAL DIEPPE;COTE OPALE;;ST OMER;SURG;4,5;JEUDI
DIEP;ENT SOCOPAL DIEPPE;AISNE;;ST QUENTIN;SURG;5,3;JEUDI
DIEP;ENT SOCOPAL DIEPPE;IDF;;TRAPPES SUPER 1383;SURG;6,8;JEUDI
DIEP;ENT SOCOPAL DIEPPE;AVESNOIS;;VALENCIENNES;SURG;2,3;JEUDI
DIEP;ENT SOCOPAL DIEPPE;LILLE;;VILLENEUVE 2;SURG;5,3;JEUDI
DIEP;ENT SOCOPAL DIEPPE;AISNE;;VIRY NOUREUIL;SURG;4,0;JEUDI
LSQ;ENT V DHL;LILLE;;AUCHAN CITY TOURCOING;NAL;2,6;JEUDI
LSQ;ENT V DHL;LILLE;;CHRONO AVELIN 4361;NAL;3,2;JEUDI
LSQ;ENT V DHL;LILLE;;CHRONO BONDUES 4703;NAL;4,1;JEUDI
LSQ;ENT V DHL;OISE;;CHRONO COMPIEGNE 4345;NAL;2,8;JEUDI
LSQ;ENT V DHL;COTE OPALE;;CHRONO COUDEKERQUE 4242;NAL;2,2;JEUDI
LSQ;ENT V DHL;LILLE;;CHRONO CROIX 4154;NAL;4,4;JEUDI
LSQ;ENT V DHL;LILLE;;CHRONO HALLENNES 4167;NAL;4,1;JEUDI
LSQ;ENT V DHL;LILLE;;CHRONO LAMBERSART 4424;NAL;3,1;JEUDI
LSQ;ENT V DHL;LILLE;;CHRONO MARCQ 4128;NAL;4,9;JEUDI
LSQ;ENT V DHL;LILLE;;CHRONO WASQUEHAL 4303;NAL;3,1;JEUDI
LSQ;ENT V GEODIS;COTE OPALE;;1267 CALAIS DELAROCHE SUPER;NAL;2,0;JEUDI
LSQ;ENT V GEODIS;ROUEN;;4313 CANTELEU SUPER;NAL;1,3;JEUDI
LSQ;ENT V GEODIS;COTE OPALE;;4977 RUE SUPER;NAL;1,3;JEUDI
LSQ;ENT V GEODIS;LILLE;;AUCHAN CITY TOURCOING;NAL;1,3;JEUDI
LSQ;ENT V GEODIS;LILLE;;CHRONO AVELIN 4361;NAL;0,6;JEUDI
LSQ;ENT V GEODIS;LILLE;;CHRONO BONDUES 4703;NAL;0,6;JEUDI
LSQ;ENT V GEODIS;OISE;;CHRONO COMPIEGNE 4345;NAL;0,1;JEUDI
LSQ;ENT V GEODIS;COTE OPALE;;CHRONO COUDEKERQUE 4242;NAL;1,1;JEUDI
LSQ;ENT V GEODIS;LILLE;;CHRONO CROIX 4154;NAL;0,5;JEUDI
LSQ;ENT V GEODIS;LILLE;;CHRONO HALLENNES 4167;NAL;0,5;JEUDI
LSQ;ENT V GEODIS;LILLE;;CHRONO LAMBERSART 4424;NAL;0,4;JEUDI
LSQ;ENT V GEODIS;LILLE;;CHRONO MARCQ 4128;NAL;0,6;JEUDI
LSQ;ENT V GEODIS;LILLE;;CHRONO WASQUEHAL 4303;NAL;0,4;JEUDI
AMS;ENT AMIENS BINAT;AISNE;;1186 ST QUENTIN SCHUMANN SUPER;PGC;3,6;VENDREDI
AMS;ENT AMIENS BINAT;LENS;;1297 HARNES SUPER;PGC;2,0;VENDREDI
AMS;ENT AMIENS BINAT;LILLE;;4536 LILLE WAZEMMES MY AUCHAN;PGC;1,6;VENDREDI
AMS;ENT AMIENS BINAT;LENS;;4926 BILLY BERCLAU SUPER;PGC;0,8;VENDREDI
AMS;ENT AMIENS BINAT;LENS;;ARRAS;PGC;12,7;VENDREDI
AMS;ENT AMIENS BINAT;LILLE;;AUCHAN CITY TOURCOING;PGC;4,6;VENDREDI
AMS;ENT AMIENS BINAT;OISE;;BEAUVAIS;PGC;7,8;VENDREDI
AMS;ENT AMIENS BINAT;LENS;;BETHUNE;PGC;9,1;VENDREDI
AMS;ENT AMIENS BINAT;COTE OPALE;;BOULOGNE;PGC;11,6;VENDREDI
AMS;ENT AMIENS BINAT;COTE OPALE;;CALAIS;PGC;9,2;VENDREDI
AMS;ENT AMIENS BINAT;LENS;;CAMBRAI;PGC;9,5;VENDREDI
AMS;ENT AMIENS BINAT;COTE NORMANDE;;CHERBOURG;PGC;9,7;VENDREDI
AMS;ENT AMIENS BINAT;COTE NORMANDE;;DIEPPE;PGC;10,3;VENDREDI
AMS;ENT AMIENS BINAT;LENS;;DOUAI;PGC;7,2;VENDREDI
AMS;ENT AMIENS BINAT;LENS;;DRIVE ARRAS;PGC;4,1;VENDREDI
AMS;ENT AMIENS BINAT;OISE;;DRIVE BEAUVAIS;PGC;1,9;VENDREDI
AMS;ENT AMIENS BINAT;LENS;;DRIVE BETHUNE;PGC;4,5;VENDREDI
AMS;ENT AMIENS BINAT;COTE OPALE;;DRIVE BOULOGNE;PGC;8,0;VENDREDI
AMS;ENT AMIENS BINAT;COTE OPALE;;DRIVE CALAIS;PGC;7,5;VENDREDI
AMS;ENT AMIENS BINAT;LENS;;DRIVE CAMBRAI;PGC;8,7;VENDREDI
AMS;ENT AMIENS BINAT;COTE NORMANDE;;DRIVE CHERBOURG;PGC;1,9;VENDREDI
AMS;ENT AMIENS BINAT;COTE NORMANDE;;DRIVE DIEPPE;PGC;6,3;VENDREDI
AMS;ENT AMIENS BINAT;LENS;;DRIVE DOUAI;PGC;3,4;VENDREDI
AMS;ENT AMIENS BINAT;COTE OPALE;;DRIVE DUNKERQUE;PGC;5,9;VENDREDI
AMS;ENT AMIENS BINAT;AMIENS;;DRIVE DURY;PGC;6,0;VENDREDI
AMS;ENT AMIENS BINAT;LILLE;;DRIVE ENGLOS;PGC;7,7;VENDREDI
AMS;ENT AMIENS BINAT;LILLE;;DRIVE FACHES;PGC;3,8;VENDREDI
AMS;ENT AMIENS BINAT;COTE NORMANDE;;DRIVE LE HAVRE;PGC;6,3;VENDREDI
AMS;ENT AMIENS BINAT;LILLE;;DRIVE LEERS;PGC;9,7;VENDREDI
AMS;ENT AMIENS BINAT;AVESNOIS;;DRIVE LOUVROIL;PGC;8,0;VENDREDI
AMS;ENT AMIENS BINAT;COTE NORMANDE;;DRIVE MONTIVILLIERS;PGC;8,2;VENDREDI
AMS;ENT AMIENS BINAT;LENS;;DRIVE NOYELLES;PGC;1,3;VENDREDI
AMS;ENT AMIENS BINAT;AVESNOIS;;DRIVE PETITE FORET;PGC;6,7;VENDREDI
AMS;ENT AMIENS BINAT;LILLE;;DRIVE RONCQ;PGC;9,5;VENDREDI
AMS;ENT AMIENS BINAT;COTE OPALE;;DRIVE ST OMER;PGC;9,4;VENDREDI
AMS;ENT AMIENS BINAT;AISNE;;DRIVE ST QUENTIN;PGC;2,4;VENDREDI
AMS;ENT AMIENS BINAT;LILLE;;DRIVE VILLENEUVE D'ASCQ;PGC;3,1;VENDREDI
AMS;ENT AMIENS BINAT;COTE OPALE;;DUNKERQUE;PGC;9,3;VENDREDI
AMS;ENT AMIENS BINAT;AMIENS;;DURY;PGC;13,4;VENDREDI
AMS;ENT AMIENS BINAT;LILLE;;ENGLOS;PGC;16,7;VENDREDI
AMS;ENT AMIENS BINAT;LILLE;;FACHES;PGC;17,8;VENDREDI
AMS;ENT AMIENS BINAT;AVESNOIS;;HIRSON;PGC;8,7;VENDREDI
AMS;ENT AMIENS BINAT;COTE NORMANDE;;LE HAVRE;PGC;15,6;VENDREDI
AMS;ENT AMIENS BINAT;LILLE;;LEERS;PGC;19,0;VENDREDI
AMS;ENT AMIENS BINAT;OISE;;LONGUEIL SAINTE MARIE SUPER 4315;PGC;1,8;VENDREDI
AMS;ENT AMIENS BINAT;AVESNOIS;;LOUVROIL;PGC;21,2;VENDREDI
AMS;ENT AMIENS BINAT;COTE NORMANDE;;MERS LES BAINS;PGC;9,0;VENDREDI
AMS;ENT AMIENS BINAT;OISE;;MERU;PGC;9,7;VENDREDI
AMS;ENT AMIENS BINAT;COTE NORMANDE;;MONTIVILLIERS;PGC;7,3;VENDREDI
AMS;ENT AMIENS BINAT;OISE;;NOGENT SUR OISE;PGC;11,3;VENDREDI
AMS;ENT AMIENS BINAT;LENS;;NOYELLES GODAULT;PGC;11,4;VENDREDI
AMS;ENT AMIENS BINAT;AVESNOIS;;PETITE FORET;PGC;14,1;VENDREDI
AMS;ENT AMIENS BINAT;LILLE;;RONCQ;PGC;34,8;VENDREDI
AMS;ENT AMIENS BINAT;COTE OPALE;;ST OMER;PGC;16,2;VENDREDI
AMS;ENT AMIENS BINAT;AISNE;;ST QUENTIN;PGC;7,7;VENDREDI
AMS;ENT AMIENS BINAT;LILLE;;VILLENEUVE 2;PGC;14,4;VENDREDI
AMS;ENT AMIENS BINAT;AISNE;;VIRY NOUREUIL;PGC;8,9;VENDREDI
SAU;ENT AMIENS SAINT SAUVEUR FLEG;ROUEN;;4313 CANTELEU SUPER;FLEG;2,4;VENDREDI
SAU;ENT AMIENS SAINT SAUVEUR FLEG;COTE OPALE;;4977 RUE SUPER;FLEG;2,0;VENDREDI
SAU;ENT AMIENS SAINT SAUVEUR FLEG;OISE;;BEAUVAIS;FLEG;15,1;VENDREDI
SAU;ENT AMIENS SAINT SAUVEUR FLEG;CAEN;;CAEN CHRONO 352;FLEG;2,0;VENDREDI
SAU;ENT AMIENS SAINT SAUVEUR FLEG;IDF;;CERGY;FLEG;29,1;VENDREDI
SAU;ENT AMIENS SAINT SAUVEUR FLEG;IDF;;CERGY CHRONODRIVE 469;FLEG;3,8;VENDREDI
SAU;ENT AMIENS SAINT SAUVEUR FLEG;COTE NORMANDE;;CHERBOURG;FLEG;12,4;VENDREDI
SAU;ENT AMIENS SAINT SAUVEUR FLEG;OISE;;CHRONO COMPIEGNE 4345;FLEG;2,8;VENDREDI
SAU;ENT AMIENS SAINT SAUVEUR FLEG;IDF;;CORMEILLES EN PARISIS CHRONODRIVE 413;FLEG;4,3;VENDREDI
SAU;ENT AMIENS SAINT SAUVEUR FLEG;COTE NORMANDE;;DIEPPE;FLEG;14,7;VENDREDI
SAU;ENT AMIENS SAINT SAUVEUR FLEG;OISE;;DRIVE BEAUVAIS;FLEG;2,5;VENDREDI
SAU;ENT AMIENS SAINT SAUVEUR FLEG;IDF;;DRIVE CERGY;FLEG;3,5;VENDREDI
SAU;ENT AMIENS SAINT SAUVEUR FLEG;COTE NORMANDE;;DRIVE CHERBOURG;FLEG;1,3;VENDREDI
SAU;ENT AMIENS SAINT SAUVEUR FLEG;COTE NORMANDE;;DRIVE DIEPPE;FLEG;3,0;VENDREDI
SAU;ENT AMIENS SAINT SAUVEUR FLEG;AMIENS;;DRIVE DURY;FLEG;5,3;VENDREDI
SAU;ENT AMIENS SAINT SAUVEUR FLEG;COTE NORMANDE;;DRIVE LE HAVRE;FLEG;3,6;VENDREDI
SAU;ENT AMIENS SAINT SAUVEUR FLEG;COTE NORMANDE;;DRIVE MONTIVILLIERS;FLEG;6,0;VENDREDI
SAU;ENT AMIENS SAINT SAUVEUR FLEG;OISE;;DRIVE NOGENT SUR OISE;FLEG;3,8;VENDREDI
SAU;ENT AMIENS SAINT SAUVEUR FLEG;AISNE;;DRIVE NOYON;FLEG;1,5;VENDREDI
SAU;ENT AMIENS SAINT SAUVEUR FLEG;IDF;;DRIVE OSNY;FLEG;3,8;VENDREDI
SAU;ENT AMIENS SAINT SAUVEUR FLEG;IDF;;DRIVE ROISSY;FLEG;2,0;VENDREDI
SAU;ENT AMIENS SAINT SAUVEUR FLEG;IDF;;DRIVE TAVERNY;FLEG;5,9;VENDREDI
SAU;ENT AMIENS SAINT SAUVEUR FLEG;AMIENS;;DURY;FLEG;26,1;VENDREDI
SAU;ENT AMIENS SAINT SAUVEUR FLEG;ROUEN;;FRANQUEVILLE CHRONODRIVE 4475;FLEG;2,0;VENDREDI
SAU;ENT AMIENS SAINT SAUVEUR FLEG;IDF;;HERBLAY CHRONODRIVE 444;FLEG;4,3;VENDREDI
SAU;ENT AMIENS SAINT SAUVEUR FLEG;IDF;;HOUILLES SUPER 1073;FLEG;16,9;VENDREDI
SAU;ENT AMIENS SAINT SAUVEUR FLEG;COTE NORMANDE;;LE HAVRE;FLEG;23,0;VENDREDI
SAU;ENT AMIENS SAINT SAUVEUR FLEG;IDF;;LES MUREAUX HALLES AUCHAN;FLEG;4,1;VENDREDI
SAU;ENT AMIENS SAINT SAUVEUR FLEG;OISE;;LONGUEIL SAINTE MARIE SUPER 4315;FLEG;1,0;VENDREDI
SAU;ENT AMIENS SAINT SAUVEUR FLEG;COTE NORMANDE;;MERS LES BAINS;FLEG;11,7;VENDREDI
SAU;ENT AMIENS SAINT SAUVEUR FLEG;OISE;;MERU;FLEG;15,1;VENDREDI
SAU;ENT AMIENS SAINT SAUVEUR FLEG;COTE NORMANDE;;MONTIVILLIERS;FLEG;20,0;VENDREDI
SAU;ENT AMIENS SAINT SAUVEUR FLEG;OISE;;NOGENT SUR OISE;FLEG;11,8;VENDREDI
SAU;ENT AMIENS SAINT SAUVEUR FLEG;AISNE;;NOYON;FLEG;13,5;VENDREDI
SAU;ENT AMIENS SAINT SAUVEUR FLEG;IDF;;OSNY;FLEG;20,5;VENDREDI
SAU;ENT AMIENS SAINT SAUVEUR FLEG;IDF;;ROISSY;FLEG;10,6;VENDREDI
SAU;ENT AMIENS SAINT SAUVEUR FLEG;IDF;;SOISY;FLEG;26,9;VENDREDI
SAU;ENT AMIENS SAINT SAUVEUR FLEG;IDF;;TAVERNY;FLEG;30,8;VENDREDI
SAU;ENT AMIENS SAINT SAUVEUR PF;ROUEN;;4313 CANTELEU SUPER;PF;6,5;VENDREDI
SAU;ENT AMIENS SAINT SAUVEUR PF;COTE OPALE;;4977 RUE SUPER;PF;4,8;VENDREDI
SAU;ENT AMIENS SAINT SAUVEUR PF;OISE;;BEAUVAIS;PF;37,2;VENDREDI
SAU;ENT AMIENS SAINT SAUVEUR PF;CAEN;;CAEN CHRONO 352;PF;5,0;VENDREDI
SAU;ENT AMIENS SAINT SAUVEUR PF;COTE NORMANDE;;CHERBOURG;PF;28,2;VENDREDI
SAU;ENT AMIENS SAINT SAUVEUR PF;OISE;;CHRONO COMPIEGNE 4345;PF;7,5;VENDREDI
SAU;ENT AMIENS SAINT SAUVEUR PF;COTE NORMANDE;;DIEPPE;PF;36,3;VENDREDI
SAU;ENT AMIENS SAINT SAUVEUR PF;OISE;;DRIVE BEAUVAIS;PF;7,0;VENDREDI
SAU;ENT AMIENS SAINT SAUVEUR PF;COTE NORMANDE;;DRIVE CHERBOURG;PF;5,0;VENDREDI
SAU;ENT AMIENS SAINT SAUVEUR PF;COTE NORMANDE;;DRIVE DIEPPE;PF;9,5;VENDREDI
SAU;ENT AMIENS SAINT SAUVEUR PF;AMIENS;;DRIVE DURY;PF;13,8;VENDREDI
SAU;ENT AMIENS SAINT SAUVEUR PF;COTE NORMANDE;;DRIVE LE HAVRE;PF;15,5;VENDREDI
SAU;ENT AMIENS SAINT SAUVEUR PF;COTE NORMANDE;;DRIVE MONTIVILLIERS;PF;15,8;VENDREDI
SAU;ENT AMIENS SAINT SAUVEUR PF;AISNE;;DRIVE NOYON;PF;4,8;VENDREDI
SAU;ENT AMIENS SAINT SAUVEUR PF;AMIENS;;DURY;PF;44,8;VENDREDI
SAU;ENT AMIENS SAINT SAUVEUR PF;ROUEN;;FRANQUEVILLE CHRONODRIVE 4475;PF;4,3;VENDREDI
SAU;ENT AMIENS SAINT SAUVEUR PF;COTE NORMANDE;;LE HAVRE;PF;50,2;VENDREDI
SAU;ENT AMIENS SAINT SAUVEUR PF;OISE;;LONGUEIL SAINTE MARIE SUPER 4315;PF;2,3;VENDREDI
SAU;ENT AMIENS SAINT SAUVEUR PF;COTE NORMANDE;;MERS LES BAINS;PF;33,4;VENDREDI
SAU;ENT AMIENS SAINT SAUVEUR PF;COTE NORMANDE;;MONTIVILLIERS;PF;47,8;VENDREDI
SAU;ENT AMIENS SAINT SAUVEUR PF;AISNE;;NOYON;PF;34,6;VENDREDI
SAU;ENT AMIENS SAINT SAUVEUR PF;ROUEN;;VAL DE REUIL SUPER 1209;PF;0,8;VENDREDI
AMS;ENT AMIENS SUPER POULAINVILLE PGC;AISNE;;1186 ST QUENTIN SCHUMANN SUPER;PGC;9,0;VENDREDI
AMS;ENT AMIENS SUPER POULAINVILLE PGC;LENS;;1297 HARNES SUPER;PGC;2,9;VENDREDI
AMS;ENT AMIENS SUPER POULAINVILLE PGC;LILLE;;4536 LILLE WAZEMMES MY AUCHAN;PGC;2,4;VENDREDI
AMS;ENT AMIENS SUPER POULAINVILLE PGC;LENS;;4926 BILLY BERCLAU SUPER;PGC;4,5;VENDREDI
AMS;ENT AMIENS SUPER POULAINVILLE PGC;LENS;;ARRAS;PGC;11,9;VENDREDI
AMS;ENT AMIENS SUPER POULAINVILLE PGC;LILLE;;AUCHAN CITY TOURCOING;PGC;5,7;VENDREDI
AMS;ENT AMIENS SUPER POULAINVILLE PGC;OISE;;BEAUVAIS;PGC;20,9;VENDREDI
AMS;ENT AMIENS SUPER POULAINVILLE PGC;LENS;;BETHUNE;PGC;13,4;VENDREDI
AMS;ENT AMIENS SUPER POULAINVILLE PGC;COTE OPALE;;BOULOGNE;PGC;19,7;VENDREDI
AMS;ENT AMIENS SUPER POULAINVILLE PGC;COTE OPALE;;CALAIS;PGC;10,1;VENDREDI
AMS;ENT AMIENS SUPER POULAINVILLE PGC;LENS;;CAMBRAI;PGC;10,7;VENDREDI
AMS;ENT AMIENS SUPER POULAINVILLE PGC;COTE NORMANDE;;CHERBOURG;PGC;16,8;VENDREDI
AMS;ENT AMIENS SUPER POULAINVILLE PGC;COTE NORMANDE;;DIEPPE;PGC;23,9;VENDREDI
AMS;ENT AMIENS SUPER POULAINVILLE PGC;LENS;;DOUAI;PGC;17,6;VENDREDI
AMS;ENT AMIENS SUPER POULAINVILLE PGC;LENS;;DRIVE ARRAS;PGC;4,0;VENDREDI
AMS;ENT AMIENS SUPER POULAINVILLE PGC;OISE;;DRIVE BEAUVAIS;PGC;6,6;VENDREDI
AMS;ENT AMIENS SUPER POULAINVILLE PGC;LENS;;DRIVE BETHUNE;PGC;4,2;VENDREDI
AMS;ENT AMIENS SUPER POULAINVILLE PGC;COTE OPALE;;DRIVE BOULOGNE;PGC;17,0;VENDREDI
AMS;ENT AMIENS SUPER POULAINVILLE PGC;COTE OPALE;;DRIVE CALAIS;PGC;4,7;VENDREDI
AMS;ENT AMIENS SUPER POULAINVILLE PGC;LENS;;DRIVE CAMBRAI;PGC;4,8;VENDREDI
AMS;ENT AMIENS SUPER POULAINVILLE PGC;COTE NORMANDE;;DRIVE CHERBOURG;PGC;5,1;VENDREDI
AMS;ENT AMIENS SUPER POULAINVILLE PGC;COTE NORMANDE;;DRIVE DIEPPE;PGC;13,0;VENDREDI
AMS;ENT AMIENS SUPER POULAINVILLE PGC;LENS;;DRIVE DOUAI;PGC;3,3;VENDREDI
AMS;ENT AMIENS SUPER POULAINVILLE PGC;COTE OPALE;;DRIVE DUNKERQUE;PGC;3,2;VENDREDI
AMS;ENT AMIENS SUPER POULAINVILLE PGC;AMIENS;;DRIVE DURY;PGC;11,7;VENDREDI
AMS;ENT AMIENS SUPER POULAINVILLE PGC;LILLE;;DRIVE ENGLOS;PGC;5,5;VENDREDI
AMS;ENT AMIENS SUPER POULAINVILLE PGC;LILLE;;DRIVE FACHES;PGC;3,4;VENDREDI
AMS;ENT AMIENS SUPER POULAINVILLE PGC;COTE NORMANDE;;DRIVE LE HAVRE;PGC;11,1;VENDREDI
AMS;ENT AMIENS SUPER POULAINVILLE PGC;LILLE;;DRIVE LEERS;PGC;5,1;VENDREDI
AMS;ENT AMIENS SUPER POULAINVILLE PGC;AVESNOIS;;DRIVE LOUVROIL;PGC;4,8;VENDREDI
AMS;ENT AMIENS SUPER POULAINVILLE PGC;COTE NORMANDE;;DRIVE MONTIVILLIERS;PGC;15,1;VENDREDI
AMS;ENT AMIENS SUPER POULAINVILLE PGC;LENS;;DRIVE NOYELLES;PGC;4,5;VENDREDI
AMS;ENT AMIENS SUPER POULAINVILLE PGC;AVESNOIS;;DRIVE PETITE FORET;PGC;3,7;VENDREDI
AMS;ENT AMIENS SUPER POULAINVILLE PGC;LILLE;;DRIVE RONCQ;PGC;5,8;VENDREDI
AMS;ENT AMIENS SUPER POULAINVILLE PGC;COTE OPALE;;DRIVE ST OMER;PGC;5,1;VENDREDI
AMS;ENT AMIENS SUPER POULAINVILLE PGC;AISNE;;DRIVE ST QUENTIN;PGC;5,5;VENDREDI
AMS;ENT AMIENS SUPER POULAINVILLE PGC;LILLE;;DRIVE VILLENEUVE D'ASCQ;PGC;4,1;VENDREDI
AMS;ENT AMIENS SUPER POULAINVILLE PGC;COTE OPALE;;DUNKERQUE;PGC;21,4;VENDREDI
AMS;ENT AMIENS SUPER POULAINVILLE PGC;AMIENS;;DURY;PGC;27,5;VENDREDI
AMS;ENT AMIENS SUPER POULAINVILLE PGC;LILLE;;ENGLOS;PGC;24,8;VENDREDI
AMS;ENT AMIENS SUPER POULAINVILLE PGC;LILLE;;FACHES;PGC;13,9;VENDREDI
AMS;ENT AMIENS SUPER POULAINVILLE PGC;AVESNOIS;;HIRSON;PGC;7,9;VENDREDI
AMS;ENT AMIENS SUPER POULAINVILLE PGC;COTE NORMANDE;;LE HAVRE;PGC;30,6;VENDREDI
AMS;ENT AMIENS SUPER POULAINVILLE PGC;LILLE;;LEERS;PGC;30,6;VENDREDI
AMS;ENT AMIENS SUPER POULAINVILLE PGC;OISE;;LONGUEIL SAINTE MARIE SUPER 4315;PGC;6,5;VENDREDI
AMS;ENT AMIENS SUPER POULAINVILLE PGC;AVESNOIS;;LOUVROIL;PGC;22,0;VENDREDI
AMS;ENT AMIENS SUPER POULAINVILLE PGC;COTE NORMANDE;;MERS LES BAINS;PGC;14,4;VENDREDI
AMS;ENT AMIENS SUPER POULAINVILLE PGC;OISE;;MERU;PGC;21,8;VENDREDI
AMS;ENT AMIENS SUPER POULAINVILLE PGC;COTE NORMANDE;;MONTIVILLIERS;PGC;23,1;VENDREDI
AMS;ENT AMIENS SUPER POULAINVILLE PGC;OISE;;NOGENT SUR OISE;PGC;24,7;VENDREDI
AMS;ENT AMIENS SUPER POULAINVILLE PGC;LENS;;NOYELLES GODAULT;PGC;12,5;VENDREDI
AMS;ENT AMIENS SUPER POULAINVILLE PGC;AVESNOIS;;PETITE FORET;PGC;14,3;VENDREDI
AMS;ENT AMIENS SUPER POULAINVILLE PGC;LILLE;;RONCQ;PGC;25,6;VENDREDI
AMS;ENT AMIENS SUPER POULAINVILLE PGC;COTE OPALE;;ST OMER;PGC;16,4;VENDREDI
AMS;ENT AMIENS SUPER POULAINVILLE PGC;AISNE;;ST QUENTIN;PGC;31,2;VENDREDI
AMS;ENT AMIENS SUPER POULAINVILLE PGC;LILLE;;VILLENEUVE 2;PGC;13,1;VENDREDI
AMS;ENT AMIENS SUPER POULAINVILLE PGC;AISNE;;VIRY NOUREUIL;PGC;12,9;VENDREDI
CAR;ENT CARVIN FL;AISNE;;1186 ST QUENTIN SCHUMANN SUPER;FLEG;2,0;VENDREDI
CAR;ENT CARVIN FL;COTE OPALE;;1267 CALAIS DELAROCHE SUPER;FLEG;2,1;VENDREDI
CAR;ENT CARVIN FL;LENS;;1297 HARNES SUPER;FLEG;3,0;VENDREDI
CAR;ENT CARVIN FL;LILLE;;4536 LILLE WAZEMMES MY AUCHAN;FLEG;2,0;VENDREDI
CAR;ENT CARVIN FL;LENS;;4926 BILLY BERCLAU SUPER;FLEG;2,0;VENDREDI
CAR;ENT CARVIN FL;LENS;;ARRAS;FLEG;22,5;VENDREDI
CAR;ENT CARVIN FL;LILLE;;AUCHAN CITY TOURCOING;FLEG;6,6;VENDREDI
CAR;ENT CARVIN FL;LENS;;BETHUNE;FLEG;18,3;VENDREDI
CAR;ENT CARVIN FL;COTE OPALE;;BOULOGNE;FLEG;27,9;VENDREDI
CAR;ENT CARVIN FL;COTE OPALE;;CALAIS;FLEG;21,8;VENDREDI
CAR;ENT CARVIN FL;LENS;;CAMBRAI;FLEG;17,6;VENDREDI
CAR;ENT CARVIN FL;LILLE;;CHRONO AVELIN 4361;FLEG;4,0;VENDREDI
CAR;ENT CARVIN FL;LILLE;;CHRONO BONDUES 4703;FLEG;4,3;VENDREDI
CAR;ENT CARVIN FL;COTE OPALE;;CHRONO COUDEKERQUE 4242;FLEG;3,0;VENDREDI
CAR;ENT CARVIN FL;LILLE;;CHRONO CROIX 4154;FLEG;6,0;VENDREDI
CAR;ENT CARVIN FL;LENS;;CHRONO ELEU DIT LEAUWETTE 4462;FLEG;3,0;VENDREDI
CAR;ENT CARVIN FL;LILLE;;CHRONO HALLENNES 4167;FLEG;7,3;VENDREDI
CAR;ENT CARVIN FL;LILLE;;CHRONO LAMBERSART 4424;FLEG;4,0;VENDREDI
CAR;ENT CARVIN FL;LILLE;;CHRONO MARCQ 4128;FLEG;6,5;VENDREDI
CAR;ENT CARVIN FL;AVESNOIS;;CHRONO VALENCIENNES 4370;FLEG;2,0;VENDREDI
CAR;ENT CARVIN FL;LILLE;;CHRONO WASQUEHAL 4303;FLEG;4,5;VENDREDI
CAR;ENT CARVIN FL;LENS;;DOUAI;FLEG;21,8;VENDREDI
CAR;ENT CARVIN FL;LENS;;DRIVE ARRAS;FLEG;4,1;VENDREDI
CAR;ENT CARVIN FL;LENS;;DRIVE BETHUNE;FLEG;3,8;VENDREDI
CAR;ENT CARVIN FL;COTE OPALE;;DRIVE BOULOGNE;FLEG;5,9;VENDREDI
CAR;ENT CARVIN FL;COTE OPALE;;DRIVE CALAIS;FLEG;5,9;VENDREDI
CAR;ENT CARVIN FL;LENS;;DRIVE CAMBRAI;FLEG;3,8;VENDREDI
CAR;ENT CARVIN FL;LENS;;DRIVE DOUAI;FLEG;3,4;VENDREDI
CAR;ENT CARVIN FL;COTE OPALE;;DRIVE DUNKERQUE;FLEG;4,1;VENDREDI
CAR;ENT CARVIN FL;LILLE;;DRIVE ENGLOS;FLEG;4,8;VENDREDI
CAR;ENT CARVIN FL;LILLE;;DRIVE FACHES;FLEG;3,6;VENDREDI
CAR;ENT CARVIN FL;LILLE;;DRIVE LEERS;FLEG;7,6;VENDREDI
CAR;ENT CARVIN FL;AVESNOIS;;DRIVE LOUVROIL;FLEG;4,6;VENDREDI
CAR;ENT CARVIN FL;LENS;;DRIVE NOYELLES;FLEG;3,9;VENDREDI
CAR;ENT CARVIN FL;AVESNOIS;;DRIVE PETITE FORET;FLEG;3,1;VENDREDI
CAR;ENT CARVIN FL;LILLE;;DRIVE RONCQ;FLEG;5,6;VENDREDI
CAR;ENT CARVIN FL;COTE OPALE;;DRIVE ST OMER;FLEG;5,4;VENDREDI
CAR;ENT CARVIN FL;AISNE;;DRIVE ST QUENTIN;FLEG;2,0;VENDREDI
CAR;ENT CARVIN FL;AVESNOIS;;DRIVE VALENCIENNES;FLEG;3,5;VENDREDI
CAR;ENT CARVIN FL;LILLE;;DRIVE VILLENEUVE D'ASCQ;FLEG;5,0;VENDREDI
CAR;ENT CARVIN FL;COTE OPALE;;DUNKERQUE;FLEG;27,9;VENDREDI
CAR;ENT CARVIN FL;LILLE;;ENGLOS;FLEG;46,3;VENDREDI
CAR;ENT CARVIN FL;LILLE;;FACHES;FLEG;37,5;VENDREDI
CAR;ENT CARVIN FL;AVESNOIS;;HIRSON;FLEG;10,3;VENDREDI
CAR;ENT CARVIN FL;LILLE;;LEERS;FLEG;35,1;VENDREDI
CAR;ENT CARVIN FL;AVESNOIS;;LOUVROIL;FLEG;30,1;VENDREDI
CAR;ENT CARVIN FL;LENS;;NOYELLES GODAULT;FLEG;20,0;VENDREDI
CAR;ENT CARVIN FL;AVESNOIS;;PETITE FORET;FLEG;26,1;VENDREDI
CAR;ENT CARVIN FL;LILLE;;RONCQ;FLEG;50,6;VENDREDI
CAR;ENT CARVIN FL;COTE OPALE;;ST OMER;FLEG;26,7;VENDREDI
CAR;ENT CARVIN FL;AISNE;;ST QUENTIN;FLEG;9,3;VENDREDI
CAR;ENT CARVIN FL;AVESNOIS;;VALENCIENNES;FLEG;12,1;VENDREDI
CAR;ENT CARVIN FL;LILLE;;VILLENEUVE 2;FLEG;31,7;VENDREDI
CAR;ENT CARVIN FL;AISNE;;VIRY NOUREUIL;FLEG;11,1;VENDREDI
CAR;ENT CARVIN PF;AISNE;;1186 ST QUENTIN SCHUMANN SUPER;PF;6,3;VENDREDI
CAR;ENT CARVIN PF;COTE OPALE;;1267 CALAIS DELAROCHE SUPER;PF;6,5;VENDREDI
CAR;ENT CARVIN PF;LENS;;1297 HARNES SUPER;PF;7,0;VENDREDI
CAR;ENT CARVIN PF;LILLE;;4536 LILLE WAZEMMES MY AUCHAN;PF;6,0;VENDREDI
CAR;ENT CARVIN PF;LENS;;4926 BILLY BERCLAU SUPER;PF;4,0;VENDREDI
CAR;ENT CARVIN PF;LILLE;;914 MARQUETTE LES PARTISANS DU GOUT;PF;2,5;VENDREDI
CAR;ENT CARVIN PF;LENS;;ARRAS;PF;39,6;VENDREDI
CAR;ENT CARVIN PF;LILLE;;AUCHAN CITY TOURCOING;PF;21,7;VENDREDI
CAR;ENT CARVIN PF;LENS;;BETHUNE;PF;41,4;VENDREDI
CAR;ENT CARVIN PF;COTE OPALE;;BOULOGNE;PF;52,7;VENDREDI
CAR;ENT CARVIN PF;COTE OPALE;;CALAIS;PF;57,4;VENDREDI
CAR;ENT CARVIN PF;LENS;;CAMBRAI;PF;38,1;VENDREDI
CAR;ENT CARVIN PF;LILLE;;CHRONO AVELIN 4361;PF;8,8;VENDREDI
CAR;ENT CARVIN PF;LILLE;;CHRONO BONDUES 4703;PF;11,8;VENDREDI
CAR;ENT CARVIN PF;COTE OPALE;;CHRONO COUDEKERQUE 4242;PF;9,3;VENDREDI
CAR;ENT CARVIN PF;LILLE;;CHRONO CROIX 4154;PF;13,3;VENDREDI
CAR;ENT CARVIN PF;LENS;;CHRONO ELEU DIT LEAUWETTE 4462;PF;7,3;VENDREDI
CAR;ENT CARVIN PF;LILLE;;CHRONO HALLENNES 4167;PF;14,3;VENDREDI
CAR;ENT CARVIN PF;LILLE;;CHRONO LAMBERSART 4424;PF;12,6;VENDREDI
CAR;ENT CARVIN PF;LILLE;;CHRONO MARCQ 4128;PF;17,5;VENDREDI
CAR;ENT CARVIN PF;AVESNOIS;;CHRONO VALENCIENNES 4370;PF;6,3;VENDREDI
CAR;ENT CARVIN PF;LILLE;;CHRONO WASQUEHAL 4303;PF;10,0;VENDREDI
CAR;ENT CARVIN PF;LENS;;DOUAI;PF;40,3;VENDREDI
CAR;ENT CARVIN PF;LENS;;DRIVE ARRAS;PF;9,8;VENDREDI
CAR;ENT CARVIN PF;LENS;;DRIVE BETHUNE;PF;11,8;VENDREDI
CAR;ENT CARVIN PF;COTE OPALE;;DRIVE BOULOGNE;PF;15,4;VENDREDI
CAR;ENT CARVIN PF;COTE OPALE;;DRIVE CALAIS;PF;16,1;VENDREDI
CAR;ENT CARVIN PF;LENS;;DRIVE CAMBRAI;PF;11,3;VENDREDI
CAR;ENT CARVIN PF;LENS;;DRIVE DOUAI;PF;10,5;VENDREDI
CAR;ENT CARVIN PF;COTE OPALE;;DRIVE DUNKERQUE;PF;11,5;VENDREDI
CAR;ENT CARVIN PF;LILLE;;DRIVE ENGLOS;PF;16,5;VENDREDI
CAR;ENT CARVIN PF;LILLE;;DRIVE FACHES;PF;10,0;VENDREDI
CAR;ENT CARVIN PF;LILLE;;DRIVE LEERS;PF;19,8;VENDREDI
CAR;ENT CARVIN PF;AVESNOIS;;DRIVE LOUVROIL;PF;14,0;VENDREDI
CAR;ENT CARVIN PF;LENS;;DRIVE NOYELLES;PF;12,0;VENDREDI
CAR;ENT CARVIN PF;AVESNOIS;;DRIVE PETITE FORET;PF;7,5;VENDREDI
CAR;ENT CARVIN PF;LILLE;;DRIVE RONCQ;PF;12,8;VENDREDI
CAR;ENT CARVIN PF;COTE OPALE;;DRIVE ST OMER;PF;13,5;VENDREDI
CAR;ENT CARVIN PF;AISNE;;DRIVE ST QUENTIN;PF;6,3;VENDREDI
CAR;ENT CARVIN PF;AVESNOIS;;DRIVE VALENCIENNES;PF;9,0;VENDREDI
CAR;ENT CARVIN PF;LILLE;;DRIVE VILLENEUVE D'ASCQ;PF;11,8;VENDREDI
CAR;ENT CARVIN PF;COTE OPALE;;DUNKERQUE;PF;55,5;VENDREDI
CAR;ENT CARVIN PF;LILLE;;ENGLOS;PF;75,2;VENDREDI
CAR;ENT CARVIN PF;LILLE;;FACHES;PF;66,1;VENDREDI
CAR;ENT CARVIN PF;AVESNOIS;;HIRSON;PF;22,8;VENDREDI
CAR;ENT CARVIN PF;LILLE;;LEERS;PF;73,8;VENDREDI
CAR;ENT CARVIN PF;AVESNOIS;;LOUVROIL;PF;62,0;VENDREDI
CAR;ENT CARVIN PF;LENS;;NOYELLES GODAULT;PF;50,4;VENDREDI
CAR;ENT CARVIN PF;AVESNOIS;;PETITE FORET;PF;46,8;VENDREDI
CAR;ENT CARVIN PF;LILLE;;RONCQ;PF;90,8;VENDREDI
CAR;ENT CARVIN PF;COTE OPALE;;ST OMER;PF;61,4;VENDREDI
CAR;ENT CARVIN PF;AISNE;;ST QUENTIN;PF;32,6;VENDREDI
CAR;ENT CARVIN PF;AVESNOIS;;VALENCIENNES;PF;27,7;VENDREDI
CAR;ENT CARVIN PF;LILLE;;VILLENEUVE 2;PF;56,7;VENDREDI
CAR;ENT CARVIN PF;AISNE;;VIRY NOUREUIL;PF;24,1;VENDREDI
LSQ;ENT ID LOGISTICS BREBIERES;LENS;;ARRAS;PGC;1,8;VENDREDI
LSQ;ENT ID LOGISTICS BREBIERES;OISE;;BEAUVAIS;PGC;3,4;VENDREDI
LSQ;ENT ID LOGISTICS BREBIERES;LENS;;BETHUNE;PGC;2,2;VENDREDI
LSQ;ENT ID LOGISTICS BREBIERES;COTE OPALE;;BOULOGNE;PGC;2,7;VENDREDI
LSQ;ENT ID LOGISTICS BREBIERES;COTE OPALE;;CALAIS;PGC;1,7;VENDREDI
LSQ;ENT ID LOGISTICS BREBIERES;LENS;;CAMBRAI;PGC;2,1;VENDREDI
LSQ;ENT ID LOGISTICS BREBIERES;COTE NORMANDE;;CHERBOURG;PGC;1,6;VENDREDI
LSQ;ENT ID LOGISTICS BREBIERES;COTE NORMANDE;;DIEPPE;PGC;1,6;VENDREDI
LSQ;ENT ID LOGISTICS BREBIERES;LENS;;DOUAI;PGC;2,2;VENDREDI
LSQ;ENT ID LOGISTICS BREBIERES;COTE OPALE;;DUNKERQUE;PGC;2,7;VENDREDI
LSQ;ENT ID LOGISTICS BREBIERES;AMIENS;;DURY;PGC;2,4;VENDREDI
LSQ;ENT ID LOGISTICS BREBIERES;LILLE;;FACHES;PGC;3,0;VENDREDI
LSQ;ENT ID LOGISTICS BREBIERES;COTE NORMANDE;;LE HAVRE;PGC;1,2;VENDREDI
LSQ;ENT ID LOGISTICS BREBIERES;LILLE;;LEERS;PGC;3,1;VENDREDI
LSQ;ENT ID LOGISTICS BREBIERES;AVESNOIS;;LOUVROIL;PGC;2,7;VENDREDI
LSQ;ENT ID LOGISTICS BREBIERES;COTE NORMANDE;;MERS LES BAINS;PGC;1,1;VENDREDI
LSQ;ENT ID LOGISTICS BREBIERES;OISE;;MERU;PGC;2,4;VENDREDI
LSQ;ENT ID LOGISTICS BREBIERES;COTE NORMANDE;;MONTIVILLIERS;PGC;0,7;VENDREDI
LSQ;ENT ID LOGISTICS BREBIERES;OISE;;NOGENT SUR OISE;PGC;2,4;VENDREDI
LSQ;ENT ID LOGISTICS BREBIERES;LENS;;NOYELLES GODAULT;PGC;2,6;VENDREDI
LSQ;ENT ID LOGISTICS BREBIERES;AVESNOIS;;PETITE FORET;PGC;3,4;VENDREDI
LSQ;ENT ID LOGISTICS BREBIERES;COTE OPALE;;ST OMER;PGC;2,1;VENDREDI
LSQ;ENT ID LOGISTICS BREBIERES;AISNE;;ST QUENTIN;PGC;1,8;VENDREDI
LSQ;ENT ID LOGISTICS BREBIERES;LILLE;;VILLENEUVE 2;PGC;0,8;VENDREDI
LSQ;ENT ID LOGISTICS BREBIERES;AISNE;;VIRY NOUREUIL;PGC;1,4;VENDREDI
LSQ;ENT IENA1;LENS;;1297 HARNES SUPER;PGC;4,0;VENDREDI
LSQ;ENT IENA1;LILLE;;4536 LILLE WAZEMMES MY AUCHAN;PGC;2,8;VENDREDI
LSQ;ENT IENA1;LENS;;4926 BILLY BERCLAU SUPER;PGC;3,6;VENDREDI
LSQ;ENT IENA1;LENS;;ARRAS;PGC;30,1;VENDREDI
LSQ;ENT IENA1;LILLE;;AUCHAN CITY TOURCOING;PGC;6,1;VENDREDI
LSQ;ENT IENA1;OISE;;BEAUVAIS;PGC;2,3;VENDREDI
LSQ;ENT IENA1;LENS;;BETHUNE;PGC;19,9;VENDREDI
LSQ;ENT IENA1;COTE OPALE;;BOULOGNE;PGC;4,8;VENDREDI
LSQ;ENT IENA1;COTE OPALE;;CALAIS;PGC;23,5;VENDREDI
LSQ;ENT IENA1;LENS;;CAMBRAI;PGC;14,4;VENDREDI
LSQ;ENT IENA1;COTE NORMANDE;;CHERBOURG;PGC;2,0;VENDREDI
LSQ;ENT IENA1;COTE NORMANDE;;DIEPPE;PGC;3,8;VENDREDI
LSQ;ENT IENA1;LENS;;DOUAI;PGC;22,7;VENDREDI
LSQ;ENT IENA1;LENS;;DRIVE ARRAS;PGC;5,8;VENDREDI
LSQ;ENT IENA1;LENS;;DRIVE BETHUNE;PGC;8,4;VENDREDI
LSQ;ENT IENA1;COTE OPALE;;DRIVE BOULOGNE;PGC;1,0;VENDREDI
LSQ;ENT IENA1;COTE OPALE;;DRIVE CALAIS;PGC;11,0;VENDREDI
LSQ;ENT IENA1;LENS;;DRIVE CAMBRAI;PGC;9,1;VENDREDI
LSQ;ENT IENA1;LENS;;DRIVE DOUAI;PGC;5,5;VENDREDI
LSQ;ENT IENA1;COTE OPALE;;DRIVE DUNKERQUE;PGC;7,4;VENDREDI
LSQ;ENT IENA1;AMIENS;;DRIVE DURY;PGC;1,0;VENDREDI
LSQ;ENT IENA1;LILLE;;DRIVE ENGLOS;PGC;8,0;VENDREDI
LSQ;ENT IENA1;LILLE;;DRIVE FACHES;PGC;5,2;VENDREDI
LSQ;ENT IENA1;LILLE;;DRIVE LEERS;PGC;17,1;VENDREDI
LSQ;ENT IENA1;AVESNOIS;;DRIVE LOUVROIL;PGC;19,8;VENDREDI
LSQ;ENT IENA1;LENS;;DRIVE NOYELLES;PGC;5,4;VENDREDI
LSQ;ENT IENA1;AVESNOIS;;DRIVE PETITE FORET;PGC;5,4;VENDREDI
LSQ;ENT IENA1;LILLE;;DRIVE RONCQ;PGC;16,0;VENDREDI
LSQ;ENT IENA1;COTE OPALE;;DRIVE ST OMER;PGC;7,7;VENDREDI
LSQ;ENT IENA1;AISNE;;DRIVE ST QUENTIN;PGC;1,0;VENDREDI
LSQ;ENT IENA1;LILLE;;DRIVE VILLENEUVE D'ASCQ;PGC;4,2;VENDREDI
LSQ;ENT IENA1;COTE OPALE;;DUNKERQUE;PGC;32,6;VENDREDI
LSQ;ENT IENA1;AMIENS;;DURY;PGC;3,8;VENDREDI
LSQ;ENT IENA1;LILLE;;ENGLOS;PGC;35,9;VENDREDI
LSQ;ENT IENA1;LILLE;;FACHES;PGC;27,1;VENDREDI
LSQ;ENT IENA1;AVESNOIS;;HIRSON;PGC;10,5;VENDREDI
LSQ;ENT IENA1;EST;;LAXOU;PGC;4,0;VENDREDI
LSQ;ENT IENA1;COTE NORMANDE;;LE HAVRE;PGC;4,9;VENDREDI
LSQ;ENT IENA1;LILLE;;LEERS;PGC;55,0;VENDREDI
LSQ;ENT IENA1;AVESNOIS;;LOUVROIL;PGC;56,4;VENDREDI
LSQ;ENT IENA1;COTE NORMANDE;;MERS LES BAINS;PGC;3,8;VENDREDI
LSQ;ENT IENA1;OISE;;MERU;PGC;1,0;VENDREDI
LSQ;ENT IENA1;COTE NORMANDE;;MONTIVILLIERS;PGC;5,3;VENDREDI
LSQ;ENT IENA1;EST;;NANCY CENTRE;PGC;3,5;VENDREDI
LSQ;ENT IENA1;OISE;;NOGENT SUR OISE;PGC;2,0;VENDREDI
LSQ;ENT IENA1;LENS;;NOYELLES GODAULT;PGC;23,8;VENDREDI
LSQ;ENT IENA1;AVESNOIS;;PETITE FORET;PGC;33,0;VENDREDI
LSQ;ENT IENA1;LILLE;;RONCQ;PGC;60,0;VENDREDI
LSQ;ENT IENA1;COTE OPALE;;ST OMER;PGC;28,7;VENDREDI
LSQ;ENT IENA1;AISNE;;ST QUENTIN;PGC;7,0;VENDREDI
LSQ;ENT IENA1;EST;;TOMBLAINE;PGC;3,0;VENDREDI
LSQ;ENT IENA1;LILLE;;VILLENEUVE 2;PGC;28,6;VENDREDI
LSQ;ENT IENA1;AISNE;;VIRY NOUREUIL;PGC;3,8;VENDREDI
LSQ;ENT IENA2;LENS;;ARRAS;NAL;1,0;VENDREDI
LSQ;ENT IENA2;LENS;;BETHUNE;NAL;0,6;VENDREDI
LSQ;ENT IENA2;COTE OPALE;;CALAIS;NAL;1,0;VENDREDI
LSQ;ENT IENA2;LENS;;CAMBRAI;NAL;1,0;VENDREDI
LSQ;ENT IENA2;COTE NORMANDE;;DIEPPE;NAL;1,0;VENDREDI
LSQ;ENT IENA2;COTE OPALE;;DUNKERQUE;NAL;1,3;VENDREDI
LSQ;ENT IENA2;AMIENS;;DURY;NAL;1,1;VENDREDI
LSQ;ENT IENA2;LILLE;;FACHES;NAL;0,6;VENDREDI
LSQ;ENT IENA2;EST;;LAXOU;NAL;4,5;VENDREDI
LSQ;ENT IENA2;COTE NORMANDE;;LE HAVRE;NAL;1,3;VENDREDI
LSQ;ENT IENA2;LILLE;;LEERS;NAL;2,0;VENDREDI
LSQ;ENT IENA2;AVESNOIS;;LOUVROIL;NAL;1,5;VENDREDI
LSQ;ENT IENA2;COTE NORMANDE;;MERS LES BAINS;NAL;1,0;VENDREDI
LSQ;ENT IENA2;COTE NORMANDE;;MONTIVILLIERS;NAL;0,6;VENDREDI
LSQ;ENT IENA2;EST;;NANCY CENTRE;NAL;4,5;VENDREDI
LSQ;ENT IENA2;AVESNOIS;;PETITE FORET;NAL;1,0;VENDREDI
LSQ;ENT IENA2;COTE OPALE;;ST OMER;NAL;0,6;VENDREDI
LSQ;ENT IENA2;AISNE;;ST QUENTIN;NAL;0,1;VENDREDI
LSQ;ENT IENA2;EST;;TOMBLAINE;NAL;7,2;VENDREDI
LSQ;ENT IENA2;LILLE;;VILLENEUVE 2;NAL;0,6;VENDREDI
LSQ;ENT IENA2;AISNE;;VIRY NOUREUIL;NAL;1,0;VENDREDI
LSQ;ENT SAINGHIN1;AISNE;;1186 ST QUENTIN SCHUMANN SUPER;PGC;4,8;VENDREDI
LSQ;ENT SAINGHIN1;COTE OPALE;;1267 CALAIS DELAROCHE SUPER;PGC;18,0;VENDREDI
LSQ;ENT SAINGHIN1;LENS;;1297 HARNES SUPER;PGC;8,9;VENDREDI
LSQ;ENT SAINGHIN1;LILLE;;4536 LILLE WAZEMMES MY AUCHAN;PGC;3,4;VENDREDI
LSQ;ENT SAINGHIN1;LENS;;4926 BILLY BERCLAU SUPER;PGC;2,6;VENDREDI
LSQ;ENT SAINGHIN1;LENS;;ARRAS;PGC;29,5;VENDREDI
LSQ;ENT SAINGHIN1;LILLE;;AUCHAN CITY TOURCOING;PGC;8,1;VENDREDI
LSQ;ENT SAINGHIN1;OISE;;BEAUVAIS;PGC;9,4;VENDREDI
LSQ;ENT SAINGHIN1;LENS;;BETHUNE;PGC;32,5;VENDREDI
LSQ;ENT SAINGHIN1;COTE OPALE;;BOULOGNE;PGC;13,9;VENDREDI
LSQ;ENT SAINGHIN1;COTE OPALE;;CALAIS;PGC;20,8;VENDREDI
LSQ;ENT SAINGHIN1;LENS;;CAMBRAI;PGC;14,7;VENDREDI
LSQ;ENT SAINGHIN1;COTE NORMANDE;;CHERBOURG;PGC;11,0;VENDREDI
LSQ;ENT SAINGHIN1;OISE;;CHRONO COMPIEGNE 4345;PGC;0,1;VENDREDI
LSQ;ENT SAINGHIN1;COTE NORMANDE;;DIEPPE;PGC;12,7;VENDREDI
LSQ;ENT SAINGHIN1;LENS;;DOUAI;PGC;18,4;VENDREDI
LSQ;ENT SAINGHIN1;LENS;;DRIVE ARRAS;PGC;5,0;VENDREDI
LSQ;ENT SAINGHIN1;OISE;;DRIVE BEAUVAIS;PGC;2,1;VENDREDI
LSQ;ENT SAINGHIN1;LENS;;DRIVE BETHUNE;PGC;7,2;VENDREDI
LSQ;ENT SAINGHIN1;COTE OPALE;;DRIVE BOULOGNE;PGC;3,0;VENDREDI
LSQ;ENT SAINGHIN1;COTE OPALE;;DRIVE CALAIS;PGC;7,7;VENDREDI
LSQ;ENT SAINGHIN1;LENS;;DRIVE CAMBRAI;PGC;6,0;VENDREDI
LSQ;ENT SAINGHIN1;COTE NORMANDE;;DRIVE CHERBOURG;PGC;3,0;VENDREDI
LSQ;ENT SAINGHIN1;COTE NORMANDE;;DRIVE DIEPPE;PGC;2,1;VENDREDI
LSQ;ENT SAINGHIN1;LENS;;DRIVE DOUAI;PGC;4,0;VENDREDI
LSQ;ENT SAINGHIN1;COTE OPALE;;DRIVE DUNKERQUE;PGC;8,6;VENDREDI
LSQ;ENT SAINGHIN1;AMIENS;;DRIVE DURY;PGC;6,2;VENDREDI
LSQ;ENT SAINGHIN1;LILLE;;DRIVE ENGLOS;PGC;7,7;VENDREDI
LSQ;ENT SAINGHIN1;LILLE;;DRIVE FACHES;PGC;3,7;VENDREDI
LSQ;ENT SAINGHIN1;COTE NORMANDE;;DRIVE LE HAVRE;PGC;4,6;VENDREDI
LSQ;ENT SAINGHIN1;LILLE;;DRIVE LEERS;PGC;9,0;VENDREDI
LSQ;ENT SAINGHIN1;AVESNOIS;;DRIVE LOUVROIL;PGC;14,8;VENDREDI
LSQ;ENT SAINGHIN1;COTE NORMANDE;;DRIVE MONTIVILLIERS;PGC;2,8;VENDREDI
LSQ;ENT SAINGHIN1;LENS;;DRIVE NOYELLES;PGC;9,7;VENDREDI
LSQ;ENT SAINGHIN1;AVESNOIS;;DRIVE PETITE FORET;PGC;3,3;VENDREDI
LSQ;ENT SAINGHIN1;LILLE;;DRIVE RONCQ;PGC;3,3;VENDREDI
LSQ;ENT SAINGHIN1;COTE OPALE;;DRIVE ST OMER;PGC;6,4;VENDREDI
LSQ;ENT SAINGHIN1;AISNE;;DRIVE ST QUENTIN;PGC;1,8;VENDREDI
LSQ;ENT SAINGHIN1;LILLE;;DRIVE VILLENEUVE D'ASCQ;PGC;4,4;VENDREDI
LSQ;ENT SAINGHIN1;COTE OPALE;;DUNKERQUE;PGC;24,9;VENDREDI
LSQ;ENT SAINGHIN1;AMIENS;;DURY;PGC;15,0;VENDREDI
LSQ;ENT SAINGHIN1;LILLE;;ENGLOS;PGC;23,1;VENDREDI
LSQ;ENT SAINGHIN1;LILLE;;FACHES;PGC;19,5;VENDREDI
LSQ;ENT SAINGHIN1;AVESNOIS;;HIRSON;PGC;11,3;VENDREDI
LSQ;ENT SAINGHIN1;COTE NORMANDE;;LE HAVRE;PGC;18,6;VENDREDI
LSQ;ENT SAINGHIN1;LILLE;;LEERS;PGC;28,6;VENDREDI
LSQ;ENT SAINGHIN1;OISE;;LONGUEIL SAINTE MARIE SUPER 4315;PGC;4,4;VENDREDI
LSQ;ENT SAINGHIN1;AVESNOIS;;LOUVROIL;PGC;28,4;VENDREDI
LSQ;ENT SAINGHIN1;COTE NORMANDE;;MERS LES BAINS;PGC;10,1;VENDREDI
LSQ;ENT SAINGHIN1;OISE;;MERU;PGC;15,1;VENDREDI
LSQ;ENT SAINGHIN1;COTE NORMANDE;;MONTIVILLIERS;PGC;13,7;VENDREDI
LSQ;ENT SAINGHIN1;OISE;;NOGENT SUR OISE;PGC;8,0;VENDREDI
LSQ;ENT SAINGHIN1;LENS;;NOYELLES GODAULT;PGC;16,8;VENDREDI
LSQ;ENT SAINGHIN1;AVESNOIS;;PETITE FORET;PGC;15,8;VENDREDI
LSQ;ENT SAINGHIN1;LILLE;;RONCQ;PGC;32,5;VENDREDI
LSQ;ENT SAINGHIN1;COTE OPALE;;ST OMER;PGC;23,6;VENDREDI
LSQ;ENT SAINGHIN1;AISNE;;ST QUENTIN;PGC;11,2;VENDREDI
LSQ;ENT SAINGHIN1;LILLE;;VILLENEUVE 2;PGC;11,9;VENDREDI
LSQ;ENT SAINGHIN1;AISNE;;VIRY NOUREUIL;PGC;9,8;VENDREDI
LSQ;ENT SERRIS 1;LENS;;1297 HARNES SUPER;PGC;0,8;VENDREDI
LSQ;ENT SERRIS 1;LILLE;;4536 LILLE WAZEMMES MY AUCHAN;PGC;0,5;VENDREDI
LSQ;ENT SERRIS 1;LENS;;ARRAS;PGC;0,5;VENDREDI
LSQ;ENT SERRIS 1;LILLE;;AUCHAN CITY TOURCOING;PGC;0,9;VENDREDI
AMS;ENT SERRIS 1;OISE;;BEAUVAIS;PGC;0,5;VENDREDI
LSQ;ENT SERRIS 1;LENS;;BETHUNE;PGC;0,5;VENDREDI
LSQ;ENT SERRIS 1;COTE OPALE;;BOULOGNE;PGC;1,3;VENDREDI
LSQ;ENT SERRIS 1;COTE OPALE;;CALAIS;PGC;0,6;VENDREDI
AMS;ENT SERRIS 1;COTE NORMANDE;;CHERBOURG;PGC;1,0;VENDREDI
AMS;ENT SERRIS 1;COTE NORMANDE;;DIEPPE;PGC;1,0;VENDREDI
LSQ;ENT SERRIS 1;LENS;;DOUAI;PGC;0,5;VENDREDI
LSQ;ENT SERRIS 1;COTE OPALE;;DRIVE CALAIS;PGC;0,5;VENDREDI
LSQ;ENT SERRIS 1;LENS;;DRIVE CAMBRAI;PGC;0,5;VENDREDI
AMS;ENT SERRIS 1;COTE NORMANDE;;DRIVE CHERBOURG;PGC;0,5;VENDREDI
AMS;ENT SERRIS 1;COTE NORMANDE;;DRIVE DIEPPE;PGC;0,5;VENDREDI
LSQ;ENT SERRIS 1;LILLE;;DRIVE FACHES;PGC;0,5;VENDREDI
LSQ;ENT SERRIS 1;LILLE;;DRIVE LEERS;PGC;0,5;VENDREDI
AMS;ENT SERRIS 1;COTE NORMANDE;;DRIVE MONTIVILLIERS;PGC;1,0;VENDREDI
LSQ;ENT SERRIS 1;AVESNOIS;;DRIVE PETITE FORET;PGC;0,5;VENDREDI
LSQ;ENT SERRIS 1;LILLE;;DRIVE RONCQ;PGC;0,6;VENDREDI
LSQ;ENT SERRIS 1;COTE OPALE;;DRIVE ST OMER;PGC;0,5;VENDREDI
LSQ;ENT SERRIS 1;LILLE;;DRIVE VILLENEUVE D'ASCQ;PGC;0,5;VENDREDI
LSQ;ENT SERRIS 1;COTE OPALE;;DUNKERQUE;PGC;1,4;VENDREDI
AMS;ENT SERRIS 1;AMIENS;;DURY;PGC;1,0;VENDREDI
LSQ;ENT SERRIS 1;LILLE;;ENGLOS;PGC;1,0;VENDREDI
LSQ;ENT SERRIS 1;LILLE;;FACHES;PGC;0,5;VENDREDI
LSQ;ENT SERRIS 1;AVESNOIS;;HIRSON;PGC;0,8;VENDREDI
LSQ;ENT SERRIS 1;AVESNOIS;;LOUVROIL;PGC;1,5;VENDREDI
AMS;ENT SERRIS 1;COTE NORMANDE;;MERS LES BAINS;PGC;0,5;VENDREDI
AMS;ENT SERRIS 1;OISE;;MERU;PGC;1,1;VENDREDI
AMS;ENT SERRIS 1;COTE NORMANDE;;MONTIVILLIERS;PGC;0,5;VENDREDI
AMS;ENT SERRIS 1;OISE;;NOGENT SUR OISE;PGC;1,3;VENDREDI
LSQ;ENT SERRIS 1;LENS;;NOYELLES GODAULT;PGC;3,4;VENDREDI
LSQ;ENT SERRIS 1;AVESNOIS;;PETITE FORET;PGC;0,5;VENDREDI
LSQ;ENT SERRIS 1;LILLE;;RONCQ;PGC;4,1;VENDREDI
LSQ;ENT SERRIS 1;COTE OPALE;;ST OMER;PGC;0,5;VENDREDI
LSQ;ENT SERRIS 1;AISNE;;ST QUENTIN;PGC;0,5;VENDREDI
LSQ;ENT SERRIS 1;LILLE;;VILLENEUVE 2;PGC;0,5;VENDREDI
LSQ;ENT SERRIS 1;AISNE;;VIRY NOUREUIL;PGC;1,5;VENDREDI
DIEP;ENT SOCOPAL DIEPPE;LENS;;1297 HARNES SUPER;SURG;2,7;VENDREDI
DIEP;ENT SOCOPAL DIEPPE;LENS;;ARRAS;SURG;5,8;VENDREDI
DIEP;ENT SOCOPAL DIEPPE;LILLE;;AUCHAN CITY TOURCOING;SURG;2,8;VENDREDI
DIEP;ENT SOCOPAL DIEPPE;OISE;;BEAUVAIS;SURG;3,5;VENDREDI
DIEP;ENT SOCOPAL DIEPPE;LENS;;BETHUNE;SURG;4,0;VENDREDI
DIEP;ENT SOCOPAL DIEPPE;COTE OPALE;;BOULOGNE;SURG;8,3;VENDREDI
DIEP;ENT SOCOPAL DIEPPE;LENS;;CAMBRAI;SURG;4,8;VENDREDI
DIEP;ENT SOCOPAL DIEPPE;IDF;;CERGY;SURG;7,3;VENDREDI
DIEP;ENT SOCOPAL DIEPPE;COTE NORMANDE;;CHERBOURG;SURG;4,3;VENDREDI
DIEP;ENT SOCOPAL DIEPPE;OISE;;CHRONO COMPIEGNE 4345;SURG;2,3;VENDREDI
DIEP;ENT SOCOPAL DIEPPE;LENS;;DOUAI;SURG;6,0;VENDREDI
DIEP;ENT SOCOPAL DIEPPE;LENS;;DRIVE ARRAS;SURG;1,5;VENDREDI
DIEP;ENT SOCOPAL DIEPPE;LENS;;DRIVE BETHUNE;SURG;1,0;VENDREDI
DIEP;ENT SOCOPAL DIEPPE;LENS;;DRIVE CAMBRAI;SURG;2,0;VENDREDI
DIEP;ENT SOCOPAL DIEPPE;IDF;;DRIVE CERGY;SURG;1,7;VENDREDI
DIEP;ENT SOCOPAL DIEPPE;COTE NORMANDE;;DRIVE CHERBOURG;SURG;1,3;VENDREDI
DIEP;ENT SOCOPAL DIEPPE;LENS;;DRIVE DOUAI;SURG;2,0;VENDREDI
DIEP;ENT SOCOPAL DIEPPE;COTE OPALE;;DRIVE DUNKERQUE;SURG;2,0;VENDREDI
DIEP;ENT SOCOPAL DIEPPE;LILLE;;DRIVE ENGLOS;SURG;2,0;VENDREDI
DIEP;ENT SOCOPAL DIEPPE;LILLE;;DRIVE FACHES;SURG;1,3;VENDREDI
DIEP;ENT SOCOPAL DIEPPE;COTE NORMANDE;;DRIVE MONTIVILLIERS;SURG;2,8;VENDREDI
DIEP;ENT SOCOPAL DIEPPE;LENS;;DRIVE NOYELLES;SURG;2,3;VENDREDI
DIEP;ENT SOCOPAL DIEPPE;LILLE;;DRIVE RONCQ;SURG;3,0;VENDREDI
DIEP;ENT SOCOPAL DIEPPE;LILLE;;DRIVE VILLENEUVE D'ASCQ;SURG;1,3;VENDREDI
DIEP;ENT SOCOPAL DIEPPE;COTE OPALE;;DUNKERQUE;SURG;9,3;VENDREDI
DIEP;ENT SOCOPAL DIEPPE;AMIENS;;DURY;SURG;5,0;VENDREDI
DIEP;ENT SOCOPAL DIEPPE;LILLE;;ENGLOS;SURG;8,5;VENDREDI
DIEP;ENT SOCOPAL DIEPPE;LILLE;;FACHES;SURG;7,0;VENDREDI
DIEP;ENT SOCOPAL DIEPPE;COTE NORMANDE;;LE HAVRE;SURG;7,5;VENDREDI
DIEP;ENT SOCOPAL DIEPPE;LILLE;;LEERS;SURG;7,8;VENDREDI
DIEP;ENT SOCOPAL DIEPPE;OISE;;LONGUEIL SAINTE MARIE SUPER 4315;SURG;1,7;VENDREDI
DIEP;ENT SOCOPAL DIEPPE;COTE NORMANDE;;MERS LES BAINS;SURG;3,3;VENDREDI
DIEP;ENT SOCOPAL DIEPPE;OISE;;MERU;SURG;4,0;VENDREDI
DIEP;ENT SOCOPAL DIEPPE;COTE NORMANDE;;MONTIVILLIERS;SURG;5,5;VENDREDI
DIEP;ENT SOCOPAL DIEPPE;OISE;;NOGENT SUR OISE;SURG;3,5;VENDREDI
DIEP;ENT SOCOPAL DIEPPE;LENS;;NOYELLES GODAULT;SURG;6,5;VENDREDI
DIEP;ENT SOCOPAL DIEPPE;LILLE;;RONCQ;SURG;10,0;VENDREDI
DIEP;ENT SOCOPAL DIEPPE;IDF;;SOISY;SURG;4,3;VENDREDI
DIEP;ENT SOCOPAL DIEPPE;COTE OPALE;;ST OMER;SURG;5,0;VENDREDI
DIEP;ENT SOCOPAL DIEPPE;ROUEN;;VAL DE REUIL SUPER 1209;SURG;1,0;VENDREDI
DIEP;ENT SOCOPAL DIEPPE;AVESNOIS;;VALENCIENNES;SURG;3,5;VENDREDI
DIEP;ENT SOCOPAL DIEPPE;LILLE;;VILLENEUVE 2;SURG;5,5;VENDREDI
LSQ;ENT V GEODIS;AISNE;;1186 ST QUENTIN SCHUMANN SUPER;NAL;0,9;VENDREDI
LSQ;ENT V GEODIS;LENS;;1297 HARNES SUPER;NAL;0,2;VENDREDI
LSQ;ENT V GEODIS;LILLE;;4536 LILLE WAZEMMES MY AUCHAN;NAL;0,2;VENDREDI
LSQ;ENT V GEODIS;LENS;;4926 BILLY BERCLAU SUPER;NAL;1,2;VENDREDI
LSQ;ENT V GEODIS;OISE;;LONGUEIL SAINTE MARIE SUPER 4315;NAL;0,3;VENDREDI
AMS;ENT AMIENS BINAT;ROUEN;;4313 CANTELEU SUPER;PGC;2,8;SAMEDI
AMS;ENT AMIENS BINAT;COTE OPALE;;4977 RUE SUPER;PGC;3,1;SAMEDI
AMS;ENT AMIENS BINAT;LENS;;ARRAS;PGC;5,1;SAMEDI
AMS;ENT AMIENS BINAT;LILLE;;AUCHAN CITY TOURCOING;PGC;3,8;SAMEDI
AMS;ENT AMIENS BINAT;OISE;;BEAUVAIS;PGC;7,0;SAMEDI
AMS;ENT AMIENS BINAT;LENS;;BETHUNE;PGC;10,6;SAMEDI
AMS;ENT AMIENS BINAT;COTE OPALE;;BOULOGNE;PGC;9,5;SAMEDI
AMS;ENT AMIENS BINAT;COTE OPALE;;CALAIS;PGC;22,5;SAMEDI
AMS;ENT AMIENS BINAT;LENS;;CAMBRAI;PGC;9,3;SAMEDI
AMS;ENT AMIENS BINAT;LILLE;;CHRONO AVELIN 4361;PGC;4,4;SAMEDI
AMS;ENT AMIENS BINAT;LILLE;;CHRONO BONDUES 4703;PGC;7,7;SAMEDI
AMS;ENT AMIENS BINAT;OISE;;CHRONO COMPIEGNE 4345;PGC;3,7;SAMEDI
AMS;ENT AMIENS BINAT;LILLE;;CHRONO CROIX 4154;PGC;9,9;SAMEDI
AMS;ENT AMIENS BINAT;LENS;;CHRONO ELEU DIT LEAUWETTE 4462;PGC;5,5;SAMEDI
AMS;ENT AMIENS BINAT;CAEN;;CHRONO IFS;PGC;3,3;SAMEDI
AMS;ENT AMIENS BINAT;LILLE;;CHRONO LAMBERSART 4424;PGC;8,4;SAMEDI
AMS;ENT AMIENS BINAT;LILLE;;CHRONO MARCQ 4128;PGC;5,2;SAMEDI
AMS;ENT AMIENS BINAT;LILLE;;CHRONO WASQUEHAL 4303;PGC;5,3;SAMEDI
AMS;ENT AMIENS BINAT;COTE NORMANDE;;DIEPPE;PGC;7,7;SAMEDI
AMS;ENT AMIENS BINAT;LENS;;DOUAI;PGC;7,8;SAMEDI
AMS;ENT AMIENS BINAT;LENS;;DRIVE ARRAS;PGC;2,5;SAMEDI
AMS;ENT AMIENS BINAT;OISE;;DRIVE BEAUVAIS;PGC;4,3;SAMEDI
AMS;ENT AMIENS BINAT;LENS;;DRIVE BETHUNE;PGC;2,8;SAMEDI
AMS;ENT AMIENS BINAT;COTE OPALE;;DRIVE BOULOGNE;PGC;1,1;SAMEDI
AMS;ENT AMIENS BINAT;COTE OPALE;;DRIVE CALAIS;PGC;4,8;SAMEDI
AMS;ENT AMIENS BINAT;LENS;;DRIVE CAMBRAI;PGC;1,0;SAMEDI
AMS;ENT AMIENS BINAT;COTE NORMANDE;;DRIVE DIEPPE;PGC;1,0;SAMEDI
AMS;ENT AMIENS BINAT;LENS;;DRIVE DOUAI;PGC;2,8;SAMEDI
AMS;ENT AMIENS BINAT;COTE OPALE;;DRIVE DUNKERQUE;PGC;3,5;SAMEDI
AMS;ENT AMIENS BINAT;AMIENS;;DRIVE DURY;PGC;4,3;SAMEDI
AMS;ENT AMIENS BINAT;LILLE;;DRIVE ENGLOS;PGC;1,0;SAMEDI
AMS;ENT AMIENS BINAT;LILLE;;DRIVE FACHES;PGC;1,1;SAMEDI
AMS;ENT AMIENS BINAT;COTE NORMANDE;;DRIVE LE HAVRE;PGC;4,0;SAMEDI
AMS;ENT AMIENS BINAT;LILLE;;DRIVE LEERS;PGC;7,6;SAMEDI
AMS;ENT AMIENS BINAT;AVESNOIS;;DRIVE LOUVROIL;PGC;4,3;SAMEDI
AMS;ENT AMIENS BINAT;COTE NORMANDE;;DRIVE MONTIVILLIERS;PGC;1,8;SAMEDI
AMS;ENT AMIENS BINAT;OISE;;DRIVE NOGENT SUR OISE;PGC;5,3;SAMEDI
AMS;ENT AMIENS BINAT;LENS;;DRIVE NOYELLES;PGC;4,5;SAMEDI
AMS;ENT AMIENS BINAT;AISNE;;DRIVE NOYON;PGC;3,5;SAMEDI
AMS;ENT AMIENS BINAT;AVESNOIS;;DRIVE PETITE FORET;PGC;1,0;SAMEDI
AMS;ENT AMIENS BINAT;LILLE;;DRIVE RONCQ;PGC;2,1;SAMEDI
AMS;ENT AMIENS BINAT;COTE OPALE;;DRIVE ST OMER;PGC;1,0;SAMEDI
AMS;ENT AMIENS BINAT;AISNE;;DRIVE ST QUENTIN;PGC;1,8;SAMEDI
AMS;ENT AMIENS BINAT;AVESNOIS;;DRIVE VALENCIENNES;PGC;4,2;SAMEDI
AMS;ENT AMIENS BINAT;COTE OPALE;;DUNKERQUE;PGC;12,7;SAMEDI
AMS;ENT AMIENS BINAT;AMIENS;;DURY;PGC;6,6;SAMEDI
AMS;ENT AMIENS BINAT;LILLE;;ENGLOS;PGC;11,0;SAMEDI
AMS;ENT AMIENS BINAT;LILLE;;FACHES;PGC;8,4;SAMEDI
AMS;ENT AMIENS BINAT;ROUEN;;FRANQUEVILLE CHRONODRIVE 4475;PGC;4,0;SAMEDI
AMS;ENT AMIENS BINAT;COTE NORMANDE;;LE HAVRE;PGC;11,3;SAMEDI
AMS;ENT AMIENS BINAT;LILLE;;LEERS;PGC;13,4;SAMEDI
AMS;ENT AMIENS BINAT;AVESNOIS;;LOUVROIL;PGC;15,2;SAMEDI
AMS;ENT AMIENS BINAT;COTE NORMANDE;;MERS LES BAINS;PGC;8,7;SAMEDI
AMS;ENT AMIENS BINAT;OISE;;MERU;PGC;4,1;SAMEDI
AMS;ENT AMIENS BINAT;COTE NORMANDE;;MONTIVILLIERS;PGC;12,2;SAMEDI
AMS;ENT AMIENS BINAT;OISE;;NOGENT SUR OISE;PGC;5,9;SAMEDI
AMS;ENT AMIENS BINAT;LENS;;NOYELLES GODAULT;PGC;5,8;SAMEDI
AMS;ENT AMIENS BINAT;AISNE;;NOYON;PGC;9,7;SAMEDI
AMS;ENT AMIENS BINAT;AVESNOIS;;PETITE FORET;PGC;5,9;SAMEDI
AMS;ENT AMIENS BINAT;LILLE;;RONCQ;PGC;22,8;SAMEDI
AMS;ENT AMIENS BINAT;COTE OPALE;;ST OMER;PGC;13,3;SAMEDI
AMS;ENT AMIENS BINAT;AISNE;;ST QUENTIN;PGC;6,6;SAMEDI
AMS;ENT AMIENS BINAT;AVESNOIS;;VALENCIENNES;PGC;8,3;SAMEDI
AMS;ENT AMIENS BINAT;LILLE;;VILLENEUVE 2;PGC;6,8;SAMEDI
SAU;ENT AMIENS SAINT SAUVEUR FLEG;ROUEN;;4313 CANTELEU SUPER;FLEG;1,1;SAMEDI
SAU;ENT AMIENS SAINT SAUVEUR FLEG;COTE OPALE;;4977 RUE SUPER;FLEG;1,6;SAMEDI
SAU;ENT AMIENS SAINT SAUVEUR FLEG;OISE;;BEAUVAIS;FLEG;9,8;SAMEDI
SAU;ENT AMIENS SAINT SAUVEUR FLEG;CAEN;;CAEN CHRONO 352;FLEG;1,7;SAMEDI
SAU;ENT AMIENS SAINT SAUVEUR FLEG;IDF;;CERGY;FLEG;22,9;SAMEDI
SAU;ENT AMIENS SAINT SAUVEUR FLEG;IDF;;CERGY CHRONODRIVE 469;FLEG;2,9;SAMEDI
SAU;ENT AMIENS SAINT SAUVEUR FLEG;COTE NORMANDE;;CHERBOURG;FLEG;8,9;SAMEDI
SAU;ENT AMIENS SAINT SAUVEUR FLEG;OISE;;CHRONO COMPIEGNE 4345;FLEG;1,4;SAMEDI
SAU;ENT AMIENS SAINT SAUVEUR FLEG;IDF;;CORMEILLES EN PARISIS CHRONODRIVE 413;FLEG;2,3;SAMEDI
SAU;ENT AMIENS SAINT SAUVEUR FLEG;COTE NORMANDE;;DIEPPE;FLEG;11,8;SAMEDI
SAU;ENT AMIENS SAINT SAUVEUR FLEG;OISE;;DRIVE BEAUVAIS;FLEG;2,8;SAMEDI
SAU;ENT AMIENS SAINT SAUVEUR FLEG;IDF;;DRIVE CERGY;FLEG;2,2;SAMEDI
SAU;ENT AMIENS SAINT SAUVEUR FLEG;COTE NORMANDE;;DRIVE CHERBOURG;FLEG;1,7;SAMEDI
SAU;ENT AMIENS SAINT SAUVEUR FLEG;COTE NORMANDE;;DRIVE DIEPPE;FLEG;3,1;SAMEDI
SAU;ENT AMIENS SAINT SAUVEUR FLEG;AMIENS;;DRIVE DURY;FLEG;4,2;SAMEDI
SAU;ENT AMIENS SAINT SAUVEUR FLEG;COTE NORMANDE;;DRIVE LE HAVRE;FLEG;3,7;SAMEDI
SAU;ENT AMIENS SAINT SAUVEUR FLEG;COTE NORMANDE;;DRIVE MONTIVILLIERS;FLEG;5,0;SAMEDI
SAU;ENT AMIENS SAINT SAUVEUR FLEG;OISE;;DRIVE NOGENT SUR OISE;FLEG;2,0;SAMEDI
SAU;ENT AMIENS SAINT SAUVEUR FLEG;AISNE;;DRIVE NOYON;FLEG;1,5;SAMEDI
SAU;ENT AMIENS SAINT SAUVEUR FLEG;IDF;;DRIVE OSNY;FLEG;3,6;SAMEDI
SAU;ENT AMIENS SAINT SAUVEUR FLEG;IDF;;DRIVE ROISSY;FLEG;2,0;SAMEDI
SAU;ENT AMIENS SAINT SAUVEUR FLEG;IDF;;DRIVE TAVERNY;FLEG;4,1;SAMEDI
SAU;ENT AMIENS SAINT SAUVEUR FLEG;AMIENS;;DURY;FLEG;15,9;SAMEDI
SAU;ENT AMIENS SAINT SAUVEUR FLEG;ROUEN;;FRANQUEVILLE CHRONODRIVE 4475;FLEG;1,0;SAMEDI
SAU;ENT AMIENS SAINT SAUVEUR FLEG;IDF;;HERBLAY CHRONODRIVE 444;FLEG;2,7;SAMEDI
SAU;ENT AMIENS SAINT SAUVEUR FLEG;IDF;;HOUILLES SUPER 1073;FLEG;6,8;SAMEDI
SAU;ENT AMIENS SAINT SAUVEUR FLEG;CAEN;;IFS CHRONODRIVE 4253;FLEG;1,1;SAMEDI
SAU;ENT AMIENS SAINT SAUVEUR FLEG;COTE NORMANDE;;LE HAVRE;FLEG;14,4;SAMEDI
SAU;ENT AMIENS SAINT SAUVEUR FLEG;IDF;;LES MUREAUX HALLES AUCHAN;FLEG;5,4;SAMEDI
SAU;ENT AMIENS SAINT SAUVEUR FLEG;COTE NORMANDE;;MERS LES BAINS;FLEG;8,0;SAMEDI
SAU;ENT AMIENS SAINT SAUVEUR FLEG;OISE;;MERU;FLEG;9,6;SAMEDI
SAU;ENT AMIENS SAINT SAUVEUR FLEG;COTE NORMANDE;;MONTIVILLIERS;FLEG;13,2;SAMEDI
SAU;ENT AMIENS SAINT SAUVEUR FLEG;OISE;;NOGENT SUR OISE;FLEG;9,2;SAMEDI
SAU;ENT AMIENS SAINT SAUVEUR FLEG;AISNE;;NOYON;FLEG;10,3;SAMEDI
SAU;ENT AMIENS SAINT SAUVEUR FLEG;IDF;;OSNY;FLEG;13,2;SAMEDI
SAU;ENT AMIENS SAINT SAUVEUR FLEG;IDF;;ROISSY;FLEG;4,5;SAMEDI
SAU;ENT AMIENS SAINT SAUVEUR FLEG;IDF;;SOISY;FLEG;16,1;SAMEDI
SAU;ENT AMIENS SAINT SAUVEUR FLEG;IDF;;TAVERNY;FLEG;17,8;SAMEDI
SAU;ENT AMIENS SAINT SAUVEUR PF;ROUEN;;4313 CANTELEU SUPER;PF;4,8;SAMEDI
SAU;ENT AMIENS SAINT SAUVEUR PF;COTE OPALE;;4977 RUE SUPER;PF;3,5;SAMEDI
SAU;ENT AMIENS SAINT SAUVEUR PF;OISE;;BEAUVAIS;PF;23,2;SAMEDI
SAU;ENT AMIENS SAINT SAUVEUR PF;CAEN;;CAEN CHRONO 352;PF;4,5;SAMEDI
SAU;ENT AMIENS SAINT SAUVEUR PF;COTE NORMANDE;;CHERBOURG;PF;20,3;SAMEDI
SAU;ENT AMIENS SAINT SAUVEUR PF;OISE;;CHRONO COMPIEGNE 4345;PF;5,3;SAMEDI
SAU;ENT AMIENS SAINT SAUVEUR PF;COTE NORMANDE;;DIEPPE;PF;24,4;SAMEDI
SAU;ENT AMIENS SAINT SAUVEUR PF;OISE;;DRIVE BEAUVAIS;PF;5,8;SAMEDI
SAU;ENT AMIENS SAINT SAUVEUR PF;COTE NORMANDE;;DRIVE CHERBOURG;PF;4,8;SAMEDI
SAU;ENT AMIENS SAINT SAUVEUR PF;COTE NORMANDE;;DRIVE DIEPPE;PF;7,5;SAMEDI
SAU;ENT AMIENS SAINT SAUVEUR PF;AMIENS;;DRIVE DURY;PF;12,2;SAMEDI
SAU;ENT AMIENS SAINT SAUVEUR PF;COTE NORMANDE;;DRIVE LE HAVRE;PF;13,4;SAMEDI
SAU;ENT AMIENS SAINT SAUVEUR PF;COTE NORMANDE;;DRIVE MONTIVILLIERS;PF;11,3;SAMEDI
SAU;ENT AMIENS SAINT SAUVEUR PF;AISNE;;DRIVE NOYON;PF;4,3;SAMEDI
SAU;ENT AMIENS SAINT SAUVEUR PF;AMIENS;;DURY;PF;30,2;SAMEDI
SAU;ENT AMIENS SAINT SAUVEUR PF;ROUEN;;FRANQUEVILLE CHRONODRIVE 4475;PF;4,3;SAMEDI
SAU;ENT AMIENS SAINT SAUVEUR PF;COTE NORMANDE;;LE HAVRE;PF;37,9;SAMEDI
SAU;ENT AMIENS SAINT SAUVEUR PF;OISE;;LONGUEIL SAINTE MARIE SUPER 4315;PF;2,3;SAMEDI
SAU;ENT AMIENS SAINT SAUVEUR PF;COTE NORMANDE;;MERS LES BAINS;PF;21,0;SAMEDI
SAU;ENT AMIENS SAINT SAUVEUR PF;COTE NORMANDE;;MONTIVILLIERS;PF;32,7;SAMEDI
SAU;ENT AMIENS SAINT SAUVEUR PF;AISNE;;NOYON;PF;22,6;SAMEDI
SAU;ENT AMIENS SAINT SAUVEUR PF;ROUEN;;VAL DE REUIL SUPER 1209;PF;6,0;SAMEDI
AMS;ENT AMIENS SUPER POULAINVILLE PGC;ROUEN;;4313 CANTELEU SUPER;PGC;10,0;SAMEDI
AMS;ENT AMIENS SUPER POULAINVILLE PGC;COTE OPALE;;4977 RUE SUPER;PGC;8,5;SAMEDI
AMS;ENT AMIENS SUPER POULAINVILLE PGC;LENS;;ARRAS;PGC;12,6;SAMEDI
AMS;ENT AMIENS SUPER POULAINVILLE PGC;LILLE;;AUCHAN CITY TOURCOING;PGC;7,6;SAMEDI
AMS;ENT AMIENS SUPER POULAINVILLE PGC;OISE;;BEAUVAIS;PGC;28,2;SAMEDI
AMS;ENT AMIENS SUPER POULAINVILLE PGC;LENS;;BETHUNE;PGC;12,8;SAMEDI
AMS;ENT AMIENS SUPER POULAINVILLE PGC;COTE OPALE;;BOULOGNE;PGC;39,7;SAMEDI
AMS;ENT AMIENS SUPER POULAINVILLE PGC;COTE OPALE;;CALAIS;PGC;18,9;SAMEDI
AMS;ENT AMIENS SUPER POULAINVILLE PGC;LENS;;CAMBRAI;PGC;11,5;SAMEDI
AMS;ENT AMIENS SUPER POULAINVILLE PGC;LILLE;;CHRONO AVELIN 4361;PGC;4,3;SAMEDI
AMS;ENT AMIENS SUPER POULAINVILLE PGC;LILLE;;CHRONO BONDUES 4703;PGC;4,4;SAMEDI
AMS;ENT AMIENS SUPER POULAINVILLE PGC;OISE;;CHRONO COMPIEGNE 4345;PGC;8,1;SAMEDI
AMS;ENT AMIENS SUPER POULAINVILLE PGC;LILLE;;CHRONO CROIX 4154;PGC;4,5;SAMEDI
AMS;ENT AMIENS SUPER POULAINVILLE PGC;LENS;;CHRONO ELEU DIT LEAUWETTE 4462;PGC;3,6;SAMEDI
AMS;ENT AMIENS SUPER POULAINVILLE PGC;CAEN;;CHRONO IFS;PGC;4,0;SAMEDI
AMS;ENT AMIENS SUPER POULAINVILLE PGC;LILLE;;CHRONO LAMBERSART 4424;PGC;4,5;SAMEDI
AMS;ENT AMIENS SUPER POULAINVILLE PGC;LILLE;;CHRONO MARCQ 4128;PGC;4,6;SAMEDI
AMS;ENT AMIENS SUPER POULAINVILLE PGC;LILLE;;CHRONO WASQUEHAL 4303;PGC;4,0;SAMEDI
AMS;ENT AMIENS SUPER POULAINVILLE PGC;COTE NORMANDE;;DIEPPE;PGC;19,4;SAMEDI
AMS;ENT AMIENS SUPER POULAINVILLE PGC;LENS;;DOUAI;PGC;18,8;SAMEDI
AMS;ENT AMIENS SUPER POULAINVILLE PGC;LENS;;DRIVE ARRAS;PGC;4,8;SAMEDI
AMS;ENT AMIENS SUPER POULAINVILLE PGC;OISE;;DRIVE BEAUVAIS;PGC;13,4;SAMEDI
AMS;ENT AMIENS SUPER POULAINVILLE PGC;LENS;;DRIVE BETHUNE;PGC;3,8;SAMEDI
AMS;ENT AMIENS SUPER POULAINVILLE PGC;COTE OPALE;;DRIVE BOULOGNE;PGC;12,7;SAMEDI
AMS;ENT AMIENS SUPER POULAINVILLE PGC;COTE OPALE;;DRIVE CALAIS;PGC;3,5;SAMEDI
AMS;ENT AMIENS SUPER POULAINVILLE PGC;LENS;;DRIVE CAMBRAI;PGC;2,8;SAMEDI
AMS;ENT AMIENS SUPER POULAINVILLE PGC;COTE NORMANDE;;DRIVE DIEPPE;PGC;2,5;SAMEDI
AMS;ENT AMIENS SUPER POULAINVILLE PGC;LENS;;DRIVE DOUAI;PGC;3,3;SAMEDI
AMS;ENT AMIENS SUPER POULAINVILLE PGC;COTE OPALE;;DRIVE DUNKERQUE;PGC;5,0;SAMEDI
AMS;ENT AMIENS SUPER POULAINVILLE PGC;AMIENS;;DRIVE DURY;PGC;13,2;SAMEDI
AMS;ENT AMIENS SUPER POULAINVILLE PGC;LILLE;;DRIVE ENGLOS;PGC;4,1;SAMEDI
AMS;ENT AMIENS SUPER POULAINVILLE PGC;LILLE;;DRIVE FACHES;PGC;2,3;SAMEDI
AMS;ENT AMIENS SUPER POULAINVILLE PGC;COTE NORMANDE;;DRIVE LE HAVRE;PGC;11,3;SAMEDI
AMS;ENT AMIENS SUPER POULAINVILLE PGC;LILLE;;DRIVE LEERS;PGC;8,0;SAMEDI
AMS;ENT AMIENS SUPER POULAINVILLE PGC;AVESNOIS;;DRIVE LOUVROIL;PGC;4,6;SAMEDI
AMS;ENT AMIENS SUPER POULAINVILLE PGC;COTE NORMANDE;;DRIVE MONTIVILLIERS;PGC;14,4;SAMEDI
AMS;ENT AMIENS SUPER POULAINVILLE PGC;OISE;;DRIVE NOGENT SUR OISE;PGC;11,1;SAMEDI
AMS;ENT AMIENS SUPER POULAINVILLE PGC;LENS;;DRIVE NOYELLES;PGC;4,3;SAMEDI
AMS;ENT AMIENS SUPER POULAINVILLE PGC;AISNE;;DRIVE NOYON;PGC;5,4;SAMEDI
AMS;ENT AMIENS SUPER POULAINVILLE PGC;AVESNOIS;;DRIVE PETITE FORET;PGC;2,1;SAMEDI
AMS;ENT AMIENS SUPER POULAINVILLE PGC;LILLE;;DRIVE RONCQ;PGC;3,3;SAMEDI
AMS;ENT AMIENS SUPER POULAINVILLE PGC;COTE OPALE;;DRIVE ST OMER;PGC;3,3;SAMEDI
AMS;ENT AMIENS SUPER POULAINVILLE PGC;AISNE;;DRIVE ST QUENTIN;PGC;5,2;SAMEDI
AMS;ENT AMIENS SUPER POULAINVILLE PGC;AVESNOIS;;DRIVE VALENCIENNES;PGC;4,8;SAMEDI
AMS;ENT AMIENS SUPER POULAINVILLE PGC;COTE OPALE;;DUNKERQUE;PGC;21,0;SAMEDI
AMS;ENT AMIENS SUPER POULAINVILLE PGC;AMIENS;;DURY;PGC;30,8;SAMEDI
AMS;ENT AMIENS SUPER POULAINVILLE PGC;LILLE;;ENGLOS;PGC;17,3;SAMEDI
AMS;ENT AMIENS SUPER POULAINVILLE PGC;LILLE;;FACHES;PGC;13,6;SAMEDI
AMS;ENT AMIENS SUPER POULAINVILLE PGC;ROUEN;;FRANQUEVILLE CHRONODRIVE 4475;PGC;5,2;SAMEDI
AMS;ENT AMIENS SUPER POULAINVILLE PGC;COTE NORMANDE;;LE HAVRE;PGC;31,7;SAMEDI
AMS;ENT AMIENS SUPER POULAINVILLE PGC;LILLE;;LEERS;PGC;20,9;SAMEDI
AMS;ENT AMIENS SUPER POULAINVILLE PGC;AVESNOIS;;LOUVROIL;PGC;19,6;SAMEDI
AMS;ENT AMIENS SUPER POULAINVILLE PGC;COTE NORMANDE;;MERS LES BAINS;PGC;18,7;SAMEDI
AMS;ENT AMIENS SUPER POULAINVILLE PGC;OISE;;MERU;PGC;20,9;SAMEDI
AMS;ENT AMIENS SUPER POULAINVILLE PGC;COTE NORMANDE;;MONTIVILLIERS;PGC;34,2;SAMEDI
AMS;ENT AMIENS SUPER POULAINVILLE PGC;OISE;;NOGENT SUR OISE;PGC;19,6;SAMEDI
AMS;ENT AMIENS SUPER POULAINVILLE PGC;LENS;;NOYELLES GODAULT;PGC;18,4;SAMEDI
AMS;ENT AMIENS SUPER POULAINVILLE PGC;AISNE;;NOYON;PGC;21,8;SAMEDI
AMS;ENT AMIENS SUPER POULAINVILLE PGC;AVESNOIS;;PETITE FORET;PGC;11,6;SAMEDI
AMS;ENT AMIENS SUPER POULAINVILLE PGC;LILLE;;RONCQ;PGC;23,4;SAMEDI
AMS;ENT AMIENS SUPER POULAINVILLE PGC;COTE OPALE;;ST OMER;PGC;16,6;SAMEDI
AMS;ENT AMIENS SUPER POULAINVILLE PGC;AISNE;;ST QUENTIN;PGC;24,5;SAMEDI
AMS;ENT AMIENS SUPER POULAINVILLE PGC;AVESNOIS;;VALENCIENNES;PGC;8,5;SAMEDI
AMS;ENT AMIENS SUPER POULAINVILLE PGC;LILLE;;VILLENEUVE 2;PGC;11,0;SAMEDI
CAR;ENT CARVIN FL;AISNE;;1186 ST QUENTIN SCHUMANN SUPER;FLEG;2,0;SAMEDI
CAR;ENT CARVIN FL;COTE OPALE;;1267 CALAIS DELAROCHE SUPER;FLEG;2,0;SAMEDI
CAR;ENT CARVIN FL;LENS;;1297 HARNES SUPER;FLEG;2,0;SAMEDI
CAR;ENT CARVIN FL;LILLE;;4536 LILLE WAZEMMES MY AUCHAN;FLEG;2,0;SAMEDI
CAR;ENT CARVIN FL;LENS;;ARRAS;FLEG;6,6;SAMEDI
CAR;ENT CARVIN FL;LILLE;;AUCHAN CITY TOURCOING;FLEG;7,0;SAMEDI
CAR;ENT CARVIN FL;LENS;;BETHUNE;FLEG;8,3;SAMEDI
CAR;ENT CARVIN FL;COTE OPALE;;BOULOGNE;FLEG;11,6;SAMEDI
CAR;ENT CARVIN FL;COTE OPALE;;CALAIS;FLEG;11,3;SAMEDI
CAR;ENT CARVIN FL;LENS;;CAMBRAI;FLEG;9,3;SAMEDI
CAR;ENT CARVIN FL;LILLE;;CHRONO AVELIN 4361;FLEG;2,8;SAMEDI
CAR;ENT CARVIN FL;LILLE;;CHRONO BONDUES 4703;FLEG;3,3;SAMEDI
CAR;ENT CARVIN FL;COTE OPALE;;CHRONO COUDEKERQUE 4242;FLEG;2,5;SAMEDI
CAR;ENT CARVIN FL;LILLE;;CHRONO CROIX 4154;FLEG;4,5;SAMEDI
CAR;ENT CARVIN FL;LENS;;CHRONO ELEU DIT LEAUWETTE 4462;FLEG;2,5;SAMEDI
CAR;ENT CARVIN FL;LILLE;;CHRONO HALLENNES 4167;FLEG;4,3;SAMEDI
CAR;ENT CARVIN FL;LILLE;;CHRONO LAMBERSART 4424;FLEG;4,0;SAMEDI
CAR;ENT CARVIN FL;LILLE;;CHRONO MARCQ 4128;FLEG;6,0;SAMEDI
CAR;ENT CARVIN FL;AVESNOIS;;CHRONO VALENCIENNES 4370;FLEG;2,0;SAMEDI
CAR;ENT CARVIN FL;LILLE;;CHRONO WASQUEHAL 4303;FLEG;3,0;SAMEDI
CAR;ENT CARVIN FL;LENS;;DOUAI;FLEG;9,3;SAMEDI
CAR;ENT CARVIN FL;LENS;;DRIVE ARRAS;FLEG;3,3;SAMEDI
CAR;ENT CARVIN FL;LENS;;DRIVE BETHUNE;FLEG;2,4;SAMEDI
CAR;ENT CARVIN FL;COTE OPALE;;DRIVE BOULOGNE;FLEG;5,1;SAMEDI
CAR;ENT CARVIN FL;COTE OPALE;;DRIVE CALAIS;FLEG;5,4;SAMEDI
CAR;ENT CARVIN FL;LENS;;DRIVE CAMBRAI;FLEG;2,3;SAMEDI
CAR;ENT CARVIN FL;LENS;;DRIVE DOUAI;FLEG;3,3;SAMEDI
CAR;ENT CARVIN FL;COTE OPALE;;DRIVE DUNKERQUE;FLEG;3,1;SAMEDI
CAR;ENT CARVIN FL;LILLE;;DRIVE ENGLOS;FLEG;4,0;SAMEDI
CAR;ENT CARVIN FL;LILLE;;DRIVE FACHES;FLEG;2,9;SAMEDI
CAR;ENT CARVIN FL;LILLE;;DRIVE LEERS;FLEG;6,0;SAMEDI
CAR;ENT CARVIN FL;AVESNOIS;;DRIVE LOUVROIL;FLEG;3,9;SAMEDI
CAR;ENT CARVIN FL;LENS;;DRIVE NOYELLES;FLEG;3,6;SAMEDI
CAR;ENT CARVIN FL;AVESNOIS;;DRIVE PETITE FORET;FLEG;2,4;SAMEDI
CAR;ENT CARVIN FL;LILLE;;DRIVE RONCQ;FLEG;5,5;SAMEDI
CAR;ENT CARVIN FL;COTE OPALE;;DRIVE ST OMER;FLEG;4,0;SAMEDI
CAR;ENT CARVIN FL;AISNE;;DRIVE ST QUENTIN;FLEG;2,0;SAMEDI
CAR;ENT CARVIN FL;AVESNOIS;;DRIVE VALENCIENNES;FLEG;2,0;SAMEDI
CAR;ENT CARVIN FL;LILLE;;DRIVE VILLENEUVE D'ASCQ;FLEG;4,0;SAMEDI
CAR;ENT CARVIN FL;COTE OPALE;;DUNKERQUE;FLEG;10,3;SAMEDI
CAR;ENT CARVIN FL;LILLE;;ENGLOS;FLEG;17,8;SAMEDI
CAR;ENT CARVIN FL;LILLE;;FACHES;FLEG;13,3;SAMEDI
CAR;ENT CARVIN FL;AVESNOIS;;HIRSON;FLEG;6,4;SAMEDI
CAR;ENT CARVIN FL;LILLE;;LEERS;FLEG;21,4;SAMEDI
CAR;ENT CARVIN FL;AVESNOIS;;LOUVROIL;FLEG;16,3;SAMEDI
CAR;ENT CARVIN FL;LENS;;NOYELLES GODAULT;FLEG;11,2;SAMEDI
CAR;ENT CARVIN FL;AVESNOIS;;PETITE FORET;FLEG;10,1;SAMEDI
CAR;ENT CARVIN FL;LILLE;;RONCQ;FLEG;25,8;SAMEDI
CAR;ENT CARVIN FL;COTE OPALE;;ST OMER;FLEG;11,9;SAMEDI
CAR;ENT CARVIN FL;AISNE;;ST QUENTIN;FLEG;6,3;SAMEDI
CAR;ENT CARVIN FL;AVESNOIS;;VALENCIENNES;FLEG;7,9;SAMEDI
CAR;ENT CARVIN FL;LILLE;;VILLENEUVE 2;FLEG;16,4;SAMEDI
CAR;ENT CARVIN FL;AISNE;;VIRY NOUREUIL;FLEG;6,5;SAMEDI
CAR;ENT CARVIN PF;AISNE;;1186 ST QUENTIN SCHUMANN SUPER;PF;5,0;SAMEDI
CAR;ENT CARVIN PF;COTE OPALE;;1267 CALAIS DELAROCHE SUPER;PF;4,3;SAMEDI
CAR;ENT CARVIN PF;LENS;;1297 HARNES SUPER;PF;4,3;SAMEDI
CAR;ENT CARVIN PF;LILLE;;4536 LILLE WAZEMMES MY AUCHAN;PF;4,5;SAMEDI
CAR;ENT CARVIN PF;LENS;;4926 BILLY BERCLAU SUPER;PF;3,3;SAMEDI
CAR;ENT CARVIN PF;LILLE;;914 MARQUETTE LES PARTISANS DU GOUT;PF;2,0;SAMEDI
CAR;ENT CARVIN PF;LENS;;ARRAS;PF;24,4;SAMEDI
CAR;ENT CARVIN PF;LILLE;;AUCHAN CITY TOURCOING;PF;14,6;SAMEDI
CAR;ENT CARVIN PF;LENS;;BETHUNE;PF;25,6;SAMEDI
CAR;ENT CARVIN PF;COTE OPALE;;BOULOGNE;PF;38,2;SAMEDI
CAR;ENT CARVIN PF;COTE OPALE;;CALAIS;PF;33,1;SAMEDI
CAR;ENT CARVIN PF;LENS;;CAMBRAI;PF;22,1;SAMEDI
CAR;ENT CARVIN PF;LILLE;;CHRONO AVELIN 4361;PF;6,8;SAMEDI
CAR;ENT CARVIN PF;LILLE;;CHRONO BONDUES 4703;PF;7,5;SAMEDI
CAR;ENT CARVIN PF;COTE OPALE;;CHRONO COUDEKERQUE 4242;PF;5,8;SAMEDI
CAR;ENT CARVIN PF;LILLE;;CHRONO CROIX 4154;PF;9,3;SAMEDI
CAR;ENT CARVIN PF;LENS;;CHRONO ELEU DIT LEAUWETTE 4462;PF;4,5;SAMEDI
CAR;ENT CARVIN PF;LILLE;;CHRONO HALLENNES 4167;PF;8,3;SAMEDI
CAR;ENT CARVIN PF;LILLE;;CHRONO LAMBERSART 4424;PF;8,0;SAMEDI
CAR;ENT CARVIN PF;LILLE;;CHRONO MARCQ 4128;PF;9,3;SAMEDI
CAR;ENT CARVIN PF;AVESNOIS;;CHRONO VALENCIENNES 4370;PF;4,3;SAMEDI
CAR;ENT CARVIN PF;LILLE;;CHRONO WASQUEHAL 4303;PF;6,0;SAMEDI
CAR;ENT CARVIN PF;LENS;;DOUAI;PF;23,7;SAMEDI
CAR;ENT CARVIN PF;LENS;;DRIVE ARRAS;PF;5,6;SAMEDI
CAR;ENT CARVIN PF;LENS;;DRIVE BETHUNE;PF;6,3;SAMEDI
CAR;ENT CARVIN PF;COTE OPALE;;DRIVE BOULOGNE;PF;9,7;SAMEDI
CAR;ENT CARVIN PF;COTE OPALE;;DRIVE CALAIS;PF;10,4;SAMEDI
CAR;ENT CARVIN PF;LENS;;DRIVE CAMBRAI;PF;7,6;SAMEDI
CAR;ENT CARVIN PF;LENS;;DRIVE DOUAI;PF;5,9;SAMEDI
CAR;ENT CARVIN PF;COTE OPALE;;DRIVE DUNKERQUE;PF;8,4;SAMEDI
CAR;ENT CARVIN PF;LILLE;;DRIVE ENGLOS;PF;9,7;SAMEDI
CAR;ENT CARVIN PF;LILLE;;DRIVE FACHES;PF;5,6;SAMEDI
CAR;ENT CARVIN PF;LILLE;;DRIVE LEERS;PF;12,5;SAMEDI
CAR;ENT CARVIN PF;AVESNOIS;;DRIVE LOUVROIL;PF;9,1;SAMEDI
CAR;ENT CARVIN PF;LENS;;DRIVE NOYELLES;PF;6,6;SAMEDI
CAR;ENT CARVIN PF;AVESNOIS;;DRIVE PETITE FORET;PF;4,1;SAMEDI
CAR;ENT CARVIN PF;LILLE;;DRIVE RONCQ;PF;8,4;SAMEDI
CAR;ENT CARVIN PF;COTE OPALE;;DRIVE ST OMER;PF;8,9;SAMEDI
CAR;ENT CARVIN PF;AISNE;;DRIVE ST QUENTIN;PF;4,0;SAMEDI
CAR;ENT CARVIN PF;AVESNOIS;;DRIVE VALENCIENNES;PF;5,1;SAMEDI
CAR;ENT CARVIN PF;LILLE;;DRIVE VILLENEUVE D'ASCQ;PF;8,4;SAMEDI
CAR;ENT CARVIN PF;COTE OPALE;;DUNKERQUE;PF;42,1;SAMEDI
CAR;ENT CARVIN PF;LILLE;;ENGLOS;PF;46,6;SAMEDI
CAR;ENT CARVIN PF;LILLE;;FACHES;PF;35,3;SAMEDI
CAR;ENT CARVIN PF;AVESNOIS;;HIRSON;PF;12,8;SAMEDI
CAR;ENT CARVIN PF;LILLE;;LEERS;PF;43,4;SAMEDI
CAR;ENT CARVIN PF;AVESNOIS;;LOUVROIL;PF;35,8;SAMEDI
CAR;ENT CARVIN PF;LENS;;NOYELLES GODAULT;PF;31,2;SAMEDI
CAR;ENT CARVIN PF;AVESNOIS;;PETITE FORET;PF;26,7;SAMEDI
CAR;ENT CARVIN PF;LILLE;;RONCQ;PF;51,6;SAMEDI
CAR;ENT CARVIN PF;COTE OPALE;;ST OMER;PF;36,3;SAMEDI
CAR;ENT CARVIN PF;AISNE;;ST QUENTIN;PF;18,8;SAMEDI
CAR;ENT CARVIN PF;AVESNOIS;;VALENCIENNES;PF;17,6;SAMEDI
CAR;ENT CARVIN PF;LILLE;;VILLENEUVE 2;PF;31,1;SAMEDI
CAR;ENT CARVIN PF;AISNE;;VIRY NOUREUIL;PF;16,8;SAMEDI
LSQ;ENT ID LOGISTICS BREBIERES;LENS;;ARRAS;PGC;0,6;SAMEDI
LSQ;ENT ID LOGISTICS BREBIERES;OISE;;BEAUVAIS;PGC;3,7;SAMEDI
LSQ;ENT ID LOGISTICS BREBIERES;LENS;;BETHUNE;PGC;1,4;SAMEDI
LSQ;ENT ID LOGISTICS BREBIERES;COTE OPALE;;BOULOGNE;PGC;2,7;SAMEDI
LSQ;ENT ID LOGISTICS BREBIERES;COTE OPALE;;CALAIS;PGC;3,6;SAMEDI
LSQ;ENT ID LOGISTICS BREBIERES;LENS;;CAMBRAI;PGC;2,4;SAMEDI
LSQ;ENT ID LOGISTICS BREBIERES;COTE NORMANDE;;DIEPPE;PGC;0,8;SAMEDI
LSQ;ENT ID LOGISTICS BREBIERES;LENS;;DOUAI;PGC;0,7;SAMEDI
LSQ;ENT ID LOGISTICS BREBIERES;COTE OPALE;;DUNKERQUE;PGC;4,5;SAMEDI
LSQ;ENT ID LOGISTICS BREBIERES;AMIENS;;DURY;PGC;0,8;SAMEDI
LSQ;ENT ID LOGISTICS BREBIERES;LILLE;;ENGLOS;PGC;2,6;SAMEDI
LSQ;ENT ID LOGISTICS BREBIERES;COTE NORMANDE;;LE HAVRE;PGC;4,6;SAMEDI
LSQ;ENT ID LOGISTICS BREBIERES;LILLE;;LEERS;PGC;2,9;SAMEDI
LSQ;ENT ID LOGISTICS BREBIERES;AVESNOIS;;LOUVROIL;PGC;1,0;SAMEDI
LSQ;ENT ID LOGISTICS BREBIERES;COTE NORMANDE;;MERS LES BAINS;PGC;2,2;SAMEDI
LSQ;ENT ID LOGISTICS BREBIERES;OISE;;MERU;PGC;0,9;SAMEDI
LSQ;ENT ID LOGISTICS BREBIERES;COTE NORMANDE;;MONTIVILLIERS;PGC;5,1;SAMEDI
LSQ;ENT ID LOGISTICS BREBIERES;OISE;;NOGENT SUR OISE;PGC;2,0;SAMEDI
LSQ;ENT ID LOGISTICS BREBIERES;LENS;;NOYELLES GODAULT;PGC;1,1;SAMEDI
LSQ;ENT ID LOGISTICS BREBIERES;AISNE;;NOYON;PGC;1,7;SAMEDI
LSQ;ENT ID LOGISTICS BREBIERES;AVESNOIS;;PETITE FORET;PGC;1,3;SAMEDI
LSQ;ENT ID LOGISTICS BREBIERES;LILLE;;RONCQ;PGC;5,8;SAMEDI
LSQ;ENT ID LOGISTICS BREBIERES;COTE OPALE;;ST OMER;PGC;7,2;SAMEDI
LSQ;ENT ID LOGISTICS BREBIERES;AISNE;;ST QUENTIN;PGC;1,5;SAMEDI
LSQ;ENT ID LOGISTICS BREBIERES;AVESNOIS;;VALENCIENNES;PGC;0,5;SAMEDI
LSQ;ENT ID LOGISTICS BREBIERES;LILLE;;VILLENEUVE 2;PGC;4,9;SAMEDI
LSQ;ENT IENA1;LENS;;ARRAS;PGC;11,2;SAMEDI
LSQ;ENT IENA1;LILLE;;AUCHAN CITY TOURCOING;PGC;7,7;SAMEDI
LSQ;ENT IENA1;OISE;;BEAUVAIS;PGC;1,0;SAMEDI
LSQ;ENT IENA1;LENS;;BETHUNE;PGC;12,7;SAMEDI
LSQ;ENT IENA1;COTE OPALE;;BOULOGNE;PGC;3,5;SAMEDI
LSQ;ENT IENA1;COTE OPALE;;CALAIS;PGC;13,5;SAMEDI
LSQ;ENT IENA1;LENS;;CAMBRAI;PGC;14,6;SAMEDI
LSQ;ENT IENA1;LILLE;;CHRONO AVELIN 4361;PGC;6,6;SAMEDI
LSQ;ENT IENA1;LILLE;;CHRONO BONDUES 4703;PGC;9,0;SAMEDI
LSQ;ENT IENA1;OISE;;CHRONO COMPIEGNE 4345;PGC;1,0;SAMEDI
LSQ;ENT IENA1;LILLE;;CHRONO CROIX 4154;PGC;11,5;SAMEDI
LSQ;ENT IENA1;LENS;;CHRONO ELEU DIT LEAUWETTE 4462;PGC;7,6;SAMEDI
LSQ;ENT IENA1;LILLE;;CHRONO LAMBERSART 4424;PGC;8,8;SAMEDI
LSQ;ENT IENA1;LILLE;;CHRONO MARCQ 4128;PGC;9,9;SAMEDI
LSQ;ENT IENA1;LILLE;;CHRONO WASQUEHAL 4303;PGC;6,6;SAMEDI
LSQ;ENT IENA1;LENS;;DOUAI;PGC;17,9;SAMEDI
LSQ;ENT IENA1;LENS;;DRIVE ARRAS;PGC;6,2;SAMEDI
LSQ;ENT IENA1;LENS;;DRIVE BETHUNE;PGC;2,5;SAMEDI
LSQ;ENT IENA1;COTE OPALE;;DRIVE CALAIS;PGC;6,5;SAMEDI
LSQ;ENT IENA1;LENS;;DRIVE CAMBRAI;PGC;4,9;SAMEDI
LSQ;ENT IENA1;LENS;;DRIVE DOUAI;PGC;3,4;SAMEDI
LSQ;ENT IENA1;COTE OPALE;;DRIVE DUNKERQUE;PGC;4,7;SAMEDI
LSQ;ENT IENA1;LILLE;;DRIVE ENGLOS;PGC;4,2;SAMEDI
LSQ;ENT IENA1;LILLE;;DRIVE FACHES;PGC;5,0;SAMEDI
LSQ;ENT IENA1;LILLE;;DRIVE LEERS;PGC;13,7;SAMEDI
LSQ;ENT IENA1;AVESNOIS;;DRIVE LOUVROIL;PGC;5,2;SAMEDI
LSQ;ENT IENA1;OISE;;DRIVE NOGENT SUR OISE;PGC;1,0;SAMEDI
LSQ;ENT IENA1;LENS;;DRIVE NOYELLES;PGC;6,9;SAMEDI
LSQ;ENT IENA1;AISNE;;DRIVE NOYON;PGC;1,0;SAMEDI
LSQ;ENT IENA1;AVESNOIS;;DRIVE PETITE FORET;PGC;1,9;SAMEDI
LSQ;ENT IENA1;LILLE;;DRIVE RONCQ;PGC;6,5;SAMEDI
LSQ;ENT IENA1;COTE OPALE;;DRIVE ST OMER;PGC;4,8;SAMEDI
LSQ;ENT IENA1;AVESNOIS;;DRIVE VALENCIENNES;PGC;6,9;SAMEDI
LSQ;ENT IENA1;COTE OPALE;;DUNKERQUE;PGC;16,4;SAMEDI
LSQ;ENT IENA1;AMIENS;;DURY;PGC;2,0;SAMEDI
LSQ;ENT IENA1;LILLE;;ENGLOS;PGC;25,0;SAMEDI
LSQ;ENT IENA1;LILLE;;FACHES;PGC;12,6;SAMEDI
LSQ;ENT IENA1;COTE NORMANDE;;LE HAVRE;PGC;1,0;SAMEDI
LSQ;ENT IENA1;LILLE;;LEERS;PGC;37,1;SAMEDI
LSQ;ENT IENA1;AVESNOIS;;LOUVROIL;PGC;50,4;SAMEDI
LSQ;ENT IENA1;COTE NORMANDE;;MERS LES BAINS;PGC;1,0;SAMEDI
LSQ;ENT IENA1;COTE NORMANDE;;MONTIVILLIERS;PGC;2,7;SAMEDI
LSQ;ENT IENA1;OISE;;NOGENT SUR OISE;PGC;1,0;SAMEDI
LSQ;ENT IENA1;LENS;;NOYELLES GODAULT;PGC;14,7;SAMEDI
LSQ;ENT IENA1;AISNE;;NOYON;PGC;4,5;SAMEDI
LSQ;ENT IENA1;AVESNOIS;;PETITE FORET;PGC;11,9;SAMEDI
LSQ;ENT IENA1;LILLE;;RONCQ;PGC;38,6;SAMEDI
LSQ;ENT IENA1;COTE OPALE;;ST OMER;PGC;15,2;SAMEDI
LSQ;ENT IENA1;AISNE;;ST QUENTIN;PGC;3,1;SAMEDI
LSQ;ENT IENA1;AVESNOIS;;VALENCIENNES;PGC;16,0;SAMEDI
LSQ;ENT IENA1;LILLE;;VILLENEUVE 2;PGC;14,2;SAMEDI
LSQ;ENT IENA2;LENS;;BETHUNE;NAL;1,3;SAMEDI
LSQ;ENT IENA2;COTE OPALE;;BOULOGNE;NAL;2,0;SAMEDI
LSQ;ENT IENA2;LENS;;CAMBRAI;NAL;2,0;SAMEDI
LSQ;ENT IENA2;LILLE;;CHRONO BONDUES 4703;NAL;1,0;SAMEDI
LSQ;ENT IENA2;LILLE;;CHRONO CROIX 4154;NAL;1,0;SAMEDI
LSQ;ENT IENA2;LILLE;;CHRONO LAMBERSART 4424;NAL;1,0;SAMEDI
LSQ;ENT IENA2;LILLE;;CHRONO MARCQ 4128;NAL;1,0;SAMEDI
LSQ;ENT IENA2;LILLE;;CHRONO WASQUEHAL 4303;NAL;1,0;SAMEDI
LSQ;ENT IENA2;LENS;;DOUAI;NAL;1,0;SAMEDI
LSQ;ENT IENA2;LILLE;;ENGLOS;NAL;1,9;SAMEDI
LSQ;ENT IENA2;LILLE;;LEERS;NAL;8,7;SAMEDI
LSQ;ENT IENA2;AVESNOIS;;LOUVROIL;NAL;1,0;SAMEDI
LSQ;ENT IENA2;LENS;;NOYELLES GODAULT;NAL;1,3;SAMEDI
LSQ;ENT IENA2;AISNE;;NOYON;NAL;1,0;SAMEDI
LSQ;ENT IENA2;LILLE;;RONCQ;NAL;3,3;SAMEDI
LSQ;ENT IENA2;AISNE;;ST QUENTIN;NAL;2,8;SAMEDI
LSQ;ENT IENA2;AVESNOIS;;VALENCIENNES;NAL;1,0;SAMEDI
LSQ;ENT SAINGHIN1;ROUEN;;4313 CANTELEU SUPER;PGC;3,6;SAMEDI
LSQ;ENT SAINGHIN1;COTE OPALE;;4977 RUE SUPER;PGC;4,0;SAMEDI
LSQ;ENT SAINGHIN1;LENS;;ARRAS;PGC;8,2;SAMEDI
LSQ;ENT SAINGHIN1;LILLE;;AUCHAN CITY TOURCOING;PGC;5,1;SAMEDI
LSQ;ENT SAINGHIN1;OISE;;BEAUVAIS;PGC;12,2;SAMEDI
LSQ;ENT SAINGHIN1;LENS;;BETHUNE;PGC;12,3;SAMEDI
LSQ;ENT SAINGHIN1;COTE OPALE;;BOULOGNE;PGC;15,2;SAMEDI
LSQ;ENT SAINGHIN1;COTE OPALE;;CALAIS;PGC;22,2;SAMEDI
LSQ;ENT SAINGHIN1;LENS;;CAMBRAI;PGC;12,4;SAMEDI
LSQ;ENT SAINGHIN1;LILLE;;CHRONO AVELIN 4361;PGC;4,3;SAMEDI
LSQ;ENT SAINGHIN1;LILLE;;CHRONO BONDUES 4703;PGC;9,7;SAMEDI
LSQ;ENT SAINGHIN1;OISE;;CHRONO COMPIEGNE 4345;PGC;2,4;SAMEDI
LSQ;ENT SAINGHIN1;LILLE;;CHRONO CROIX 4154;PGC;8,2;SAMEDI
LSQ;ENT SAINGHIN1;LENS;;CHRONO ELEU DIT LEAUWETTE 4462;PGC;9,8;SAMEDI
LSQ;ENT SAINGHIN1;CAEN;;CHRONO IFS;PGC;2,2;SAMEDI
LSQ;ENT SAINGHIN1;LILLE;;CHRONO LAMBERSART 4424;PGC;8,9;SAMEDI
LSQ;ENT SAINGHIN1;LILLE;;CHRONO MARCQ 4128;PGC;6,1;SAMEDI
LSQ;ENT SAINGHIN1;LILLE;;CHRONO WASQUEHAL 4303;PGC;4,3;SAMEDI
LSQ;ENT SAINGHIN1;COTE NORMANDE;;DIEPPE;PGC;8,0;SAMEDI
LSQ;ENT SAINGHIN1;LENS;;DOUAI;PGC;12,2;SAMEDI
LSQ;ENT SAINGHIN1;LENS;;DRIVE ARRAS;PGC;3,6;SAMEDI
LSQ;ENT SAINGHIN1;OISE;;DRIVE BEAUVAIS;PGC;2,7;SAMEDI
LSQ;ENT SAINGHIN1;LENS;;DRIVE BETHUNE;PGC;2,1;SAMEDI
LSQ;ENT SAINGHIN1;COTE OPALE;;DRIVE BOULOGNE;PGC;4,0;SAMEDI
LSQ;ENT SAINGHIN1;COTE OPALE;;DRIVE CALAIS;PGC;8,3;SAMEDI
LSQ;ENT SAINGHIN1;LENS;;DRIVE CAMBRAI;PGC;8,7;SAMEDI
LSQ;ENT SAINGHIN1;COTE NORMANDE;;DRIVE DIEPPE;PGC;2,1;SAMEDI
LSQ;ENT SAINGHIN1;LENS;;DRIVE DOUAI;PGC;3,1;SAMEDI
LSQ;ENT SAINGHIN1;COTE OPALE;;DRIVE DUNKERQUE;PGC;8,0;SAMEDI
LSQ;ENT SAINGHIN1;AMIENS;;DRIVE DURY;PGC;2,2;SAMEDI
LSQ;ENT SAINGHIN1;LILLE;;DRIVE ENGLOS;PGC;5,8;SAMEDI
LSQ;ENT SAINGHIN1;LILLE;;DRIVE FACHES;PGC;5,1;SAMEDI
LSQ;ENT SAINGHIN1;COTE NORMANDE;;DRIVE LE HAVRE;PGC;3,0;SAMEDI
LSQ;ENT SAINGHIN1;LILLE;;DRIVE LEERS;PGC;3,3;SAMEDI
LSQ;ENT SAINGHIN1;AVESNOIS;;DRIVE LOUVROIL;PGC;6,0;SAMEDI
LSQ;ENT SAINGHIN1;COTE NORMANDE;;DRIVE MONTIVILLIERS;PGC;3,8;SAMEDI
LSQ;ENT SAINGHIN1;OISE;;DRIVE NOGENT SUR OISE;PGC;2,4;SAMEDI
LSQ;ENT SAINGHIN1;LENS;;DRIVE NOYELLES;PGC;10,6;SAMEDI
LSQ;ENT SAINGHIN1;AISNE;;DRIVE NOYON;PGC;3,6;SAMEDI
LSQ;ENT SAINGHIN1;AVESNOIS;;DRIVE PETITE FORET;PGC;2,1;SAMEDI
LSQ;ENT SAINGHIN1;LILLE;;DRIVE RONCQ;PGC;4,2;SAMEDI
LSQ;ENT SAINGHIN1;COTE OPALE;;DRIVE ST OMER;PGC;6,2;SAMEDI
LSQ;ENT SAINGHIN1;AISNE;;DRIVE ST QUENTIN;PGC;1,3;SAMEDI
LSQ;ENT SAINGHIN1;AVESNOIS;;DRIVE VALENCIENNES;PGC;7,4;SAMEDI
LSQ;ENT SAINGHIN1;COTE OPALE;;DUNKERQUE;PGC;18,8;SAMEDI
LSQ;ENT SAINGHIN1;AMIENS;;DURY;PGC;10,6;SAMEDI
LSQ;ENT SAINGHIN1;LILLE;;ENGLOS;PGC;17,1;SAMEDI
LSQ;ENT SAINGHIN1;LILLE;;FACHES;PGC;11,5;SAMEDI
LSQ;ENT SAINGHIN1;ROUEN;;FRANQUEVILLE CHRONODRIVE 4475;PGC;2,1;SAMEDI
LSQ;ENT SAINGHIN1;COTE NORMANDE;;LE HAVRE;PGC;13,6;SAMEDI
LSQ;ENT SAINGHIN1;LILLE;;LEERS;PGC;21,9;SAMEDI
LSQ;ENT SAINGHIN1;AVESNOIS;;LOUVROIL;PGC;19,3;SAMEDI
LSQ;ENT SAINGHIN1;COTE NORMANDE;;MERS LES BAINS;PGC;10,3;SAMEDI
LSQ;ENT SAINGHIN1;OISE;;MERU;PGC;8,5;SAMEDI
LSQ;ENT SAINGHIN1;COTE NORMANDE;;MONTIVILLIERS;PGC;8,7;SAMEDI
LSQ;ENT SAINGHIN1;OISE;;NOGENT SUR OISE;PGC;8,5;SAMEDI
LSQ;ENT SAINGHIN1;LENS;;NOYELLES GODAULT;PGC;12,0;SAMEDI
LSQ;ENT SAINGHIN1;AISNE;;NOYON;PGC;13,4;SAMEDI
LSQ;ENT SAINGHIN1;AVESNOIS;;PETITE FORET;PGC;11,3;SAMEDI
LSQ;ENT SAINGHIN1;LILLE;;RONCQ;PGC;24,5;SAMEDI
LSQ;ENT SAINGHIN1;COTE OPALE;;ST OMER;PGC;16,8;SAMEDI
LSQ;ENT SAINGHIN1;AISNE;;ST QUENTIN;PGC;8,0;SAMEDI
LSQ;ENT SAINGHIN1;AVESNOIS;;VALENCIENNES;PGC;11,0;SAMEDI
LSQ;ENT SAINGHIN1;LILLE;;VILLENEUVE 2;PGC;11,5;SAMEDI
AMS;ENT SERRIS 1;ROUEN;;4313 CANTELEU SUPER;PGC;0,6;SAMEDI
AMS;ENT SERRIS 1;COTE OPALE;;4977 RUE SUPER;PGC;0,6;SAMEDI
LSQ;ENT SERRIS 1;LENS;;ARRAS;PGC;1,6;SAMEDI
LSQ;ENT SERRIS 1;LILLE;;AUCHAN CITY TOURCOING;PGC;0,5;SAMEDI
AMS;ENT SERRIS 1;OISE;;BEAUVAIS;PGC;1,8;SAMEDI
LSQ;ENT SERRIS 1;LENS;;BETHUNE;PGC;1,0;SAMEDI
LSQ;ENT SERRIS 1;COTE OPALE;;BOULOGNE;PGC;0,8;SAMEDI
LSQ;ENT SERRIS 1;COTE OPALE;;CALAIS;PGC;1,4;SAMEDI
LSQ;ENT SERRIS 1;LENS;;CAMBRAI;PGC;1,5;SAMEDI
LSQ;ENT SERRIS 1;LILLE;;CHRONO AVELIN 4361;PGC;0,5;SAMEDI
LSQ;ENT SERRIS 1;LILLE;;CHRONO BONDUES 4703;PGC;0,5;SAMEDI
AMS;ENT SERRIS 1;OISE;;CHRONO COMPIEGNE 4345;PGC;0,5;SAMEDI
LSQ;ENT SERRIS 1;LILLE;;CHRONO CROIX 4154;PGC;0,6;SAMEDI
LSQ;ENT SERRIS 1;LENS;;CHRONO ELEU DIT LEAUWETTE 4462;PGC;0,8;SAMEDI
AMS;ENT SERRIS 1;CAEN;;CHRONO IFS;PGC;0,9;SAMEDI
LSQ;ENT SERRIS 1;LILLE;;CHRONO LAMBERSART 4424;PGC;0,5;SAMEDI
LSQ;ENT SERRIS 1;LILLE;;CHRONO MARCQ 4128;PGC;0,6;SAMEDI
LSQ;ENT SERRIS 1;LILLE;;CHRONO WASQUEHAL 4303;PGC;0,5;SAMEDI
AMS;ENT SERRIS 1;COTE NORMANDE;;DIEPPE;PGC;13,0;SAMEDI
LSQ;ENT SERRIS 1;LENS;;DOUAI;PGC;2,5;SAMEDI
LSQ;ENT SERRIS 1;LENS;;DRIVE ARRAS;PGC;0,5;SAMEDI
AMS;ENT SERRIS 1;OISE;;DRIVE BEAUVAIS;PGC;0,5;SAMEDI
LSQ;ENT SERRIS 1;LENS;;DRIVE BETHUNE;PGC;0,8;SAMEDI
LSQ;ENT SERRIS 1;COTE OPALE;;DRIVE BOULOGNE;PGC;0,8;SAMEDI
LSQ;ENT SERRIS 1;COTE OPALE;;DRIVE CALAIS;PGC;0,5;SAMEDI
LSQ;ENT SERRIS 1;LENS;;DRIVE CAMBRAI;PGC;1,5;SAMEDI
AMS;ENT SERRIS 1;COTE NORMANDE;;DRIVE DIEPPE;PGC;0,5;SAMEDI
LSQ;ENT SERRIS 1;LENS;;DRIVE DOUAI;PGC;0,5;SAMEDI
LSQ;ENT SERRIS 1;COTE OPALE;;DRIVE DUNKERQUE;PGC;0,8;SAMEDI
AMS;ENT SERRIS 1;AMIENS;;DRIVE DURY;PGC;0,5;SAMEDI
LSQ;ENT SERRIS 1;LILLE;;DRIVE ENGLOS;PGC;0,9;SAMEDI
LSQ;ENT SERRIS 1;LILLE;;DRIVE FACHES;PGC;0,5;SAMEDI
AMS;ENT SERRIS 1;COTE NORMANDE;;DRIVE LE HAVRE;PGC;0,6;SAMEDI
LSQ;ENT SERRIS 1;LILLE;;DRIVE LEERS;PGC;0,9;SAMEDI
LSQ;ENT SERRIS 1;AVESNOIS;;DRIVE LOUVROIL;PGC;0,6;SAMEDI
AMS;ENT SERRIS 1;COTE NORMANDE;;DRIVE MONTIVILLIERS;PGC;0,7;SAMEDI
AMS;ENT SERRIS 1;OISE;;DRIVE NOGENT SUR OISE;PGC;0,5;SAMEDI
LSQ;ENT SERRIS 1;LENS;;DRIVE NOYELLES;PGC;0,8;SAMEDI
AMS;ENT SERRIS 1;AISNE;;DRIVE NOYON;PGC;0,5;SAMEDI
LSQ;ENT SERRIS 1;AVESNOIS;;DRIVE PETITE FORET;PGC;0,5;SAMEDI
LSQ;ENT SERRIS 1;LILLE;;DRIVE RONCQ;PGC;0,5;SAMEDI
LSQ;ENT SERRIS 1;COTE OPALE;;DRIVE ST OMER;PGC;0,5;SAMEDI
LSQ;ENT SERRIS 1;AISNE;;DRIVE ST QUENTIN;PGC;0,5;SAMEDI
LSQ;ENT SERRIS 1;AVESNOIS;;DRIVE VALENCIENNES;PGC;0,5;SAMEDI
LSQ;ENT SERRIS 1;COTE OPALE;;DUNKERQUE;PGC;1,6;SAMEDI
AMS;ENT SERRIS 1;AMIENS;;DURY;PGC;3,2;SAMEDI
LSQ;ENT SERRIS 1;LILLE;;ENGLOS;PGC;3,7;SAMEDI
LSQ;ENT SERRIS 1;LILLE;;FACHES;PGC;2,4;SAMEDI
AMS;ENT SERRIS 1;ROUEN;;FRANQUEVILLE CHRONODRIVE 4475;PGC;0,5;SAMEDI
AMS;ENT SERRIS 1;COTE NORMANDE;;LE HAVRE;PGC;2,1;SAMEDI
LSQ;ENT SERRIS 1;LILLE;;LEERS;PGC;2,4;SAMEDI
LSQ;ENT SERRIS 1;AVESNOIS;;LOUVROIL;PGC;4,3;SAMEDI
AMS;ENT SERRIS 1;COTE NORMANDE;;MERS LES BAINS;PGC;1,8;SAMEDI
AMS;ENT SERRIS 1;OISE;;MERU;PGC;1,8;SAMEDI
AMS;ENT SERRIS 1;COTE NORMANDE;;MONTIVILLIERS;PGC;3,5;SAMEDI
AMS;ENT SERRIS 1;OISE;;NOGENT SUR OISE;PGC;2,8;SAMEDI
LSQ;ENT SERRIS 1;LENS;;NOYELLES GODAULT;PGC;4,1;SAMEDI
AMS;ENT SERRIS 1;AISNE;;NOYON;PGC;1,6;SAMEDI
LSQ;ENT SERRIS 1;AVESNOIS;;PETITE FORET;PGC;1,0;SAMEDI
LSQ;ENT SERRIS 1;LILLE;;RONCQ;PGC;5,3;SAMEDI
LSQ;ENT SERRIS 1;COTE OPALE;;ST OMER;PGC;2,1;SAMEDI
LSQ;ENT SERRIS 1;AISNE;;ST QUENTIN;PGC;1,3;SAMEDI
LSQ;ENT SERRIS 1;AVESNOIS;;VALENCIENNES;PGC;1,1;SAMEDI
LSQ;ENT SERRIS 1;LILLE;;VILLENEUVE 2;PGC;1,6;SAMEDI
DIEP;ENT SOCOPAL DIEPPE;AISNE;;1186 ST QUENTIN SCHUMANN SUPER;SURG;3,5;SAMEDI
DIEP;ENT SOCOPAL DIEPPE;COTE OPALE;;1267 CALAIS DELAROCHE SUPER;SURG;2,8;SAMEDI
DIEP;ENT SOCOPAL DIEPPE;ROUEN;;4313 CANTELEU SUPER;SURG;2,8;SAMEDI
DIEP;ENT SOCOPAL DIEPPE;LILLE;;4536 LILLE WAZEMMES MY AUCHAN;SURG;2,0;SAMEDI
DIEP;ENT SOCOPAL DIEPPE;COTE OPALE;;4977 RUE SUPER;SURG;2,3;SAMEDI
DIEP;ENT SOCOPAL DIEPPE;LENS;;ARRAS;SURG;3,3;SAMEDI
DIEP;ENT SOCOPAL DIEPPE;LILLE;;AUCHAN CITY TOURCOING;SURG;3,0;SAMEDI
DIEP;ENT SOCOPAL DIEPPE;OISE;;BEAUVAIS;SURG;7,3;SAMEDI
DIEP;ENT SOCOPAL DIEPPE;LENS;;BETHUNE;SURG;6,3;SAMEDI
DIEP;ENT SOCOPAL DIEPPE;COTE OPALE;;BOULOGNE;SURG;3,3;SAMEDI
DIEP;ENT SOCOPAL DIEPPE;COTE OPALE;;CALAIS;SURG;6,5;SAMEDI
DIEP;ENT SOCOPAL DIEPPE;LENS;;CAMBRAI;SURG;5,3;SAMEDI
DIEP;ENT SOCOPAL DIEPPE;IDF;;CERGY;SURG;6,5;SAMEDI
DIEP;ENT SOCOPAL DIEPPE;IDF;;CERGY CHRONODRIVE 469;SURG;3,0;SAMEDI
DIEP;ENT SOCOPAL DIEPPE;LILLE;;CHRONO AVELIN 4361;SURG;2,8;SAMEDI
DIEP;ENT SOCOPAL DIEPPE;LILLE;;CHRONO BONDUES 4703;SURG;2,7;SAMEDI
DIEP;ENT SOCOPAL DIEPPE;COTE OPALE;;CHRONO COUDEKERQUE 4242;SURG;1,7;SAMEDI
DIEP;ENT SOCOPAL DIEPPE;LILLE;;CHRONO CROIX 4154;SURG;3,0;SAMEDI
DIEP;ENT SOCOPAL DIEPPE;LENS;;CHRONO ELEU DIT LEAUWETTE 4462;SURG;1,8;SAMEDI
DIEP;ENT SOCOPAL DIEPPE;LILLE;;CHRONO HALLENNES 4167;SURG;2,5;SAMEDI
DIEP;ENT SOCOPAL DIEPPE;CAEN;;CHRONO IFS;SURG;2,0;SAMEDI
DIEP;ENT SOCOPAL DIEPPE;LILLE;;CHRONO LAMBERSART 4424;SURG;2,8;SAMEDI
DIEP;ENT SOCOPAL DIEPPE;LILLE;;CHRONO MARCQ 4128;SURG;3,0;SAMEDI
DIEP;ENT SOCOPAL DIEPPE;AVESNOIS;;CHRONO VALENCIENNES 4370;SURG;1,8;SAMEDI
DIEP;ENT SOCOPAL DIEPPE;LILLE;;CHRONO WASQUEHAL 4303;SURG;2,3;SAMEDI
DIEP;ENT SOCOPAL DIEPPE;IDF;;CORMEILLES EN PARISIS CHRONODRIVE 413;SURG;3,5;SAMEDI
DIEP;ENT SOCOPAL DIEPPE;COTE NORMANDE;;DIEPPE;SURG;7,0;SAMEDI
DIEP;ENT SOCOPAL DIEPPE;LENS;;DRIVE ARRAS;SURG;1,7;SAMEDI
DIEP;ENT SOCOPAL DIEPPE;OISE;;DRIVE BEAUVAIS;SURG;1,8;SAMEDI
DIEP;ENT SOCOPAL DIEPPE;LENS;;DRIVE BETHUNE;SURG;2,3;SAMEDI
DIEP;ENT SOCOPAL DIEPPE;COTE OPALE;;DRIVE BOULOGNE;SURG;2,0;SAMEDI
DIEP;ENT SOCOPAL DIEPPE;COTE OPALE;;DRIVE CALAIS;SURG;2,3;SAMEDI
DIEP;ENT SOCOPAL DIEPPE;LENS;;DRIVE CAMBRAI;SURG;1,0;SAMEDI
DIEP;ENT SOCOPAL DIEPPE;IDF;;DRIVE CERGY;SURG;1,3;SAMEDI
DIEP;ENT SOCOPAL DIEPPE;COTE NORMANDE;;DRIVE DIEPPE;SURG;1,3;SAMEDI
DIEP;ENT SOCOPAL DIEPPE;COTE OPALE;;DRIVE DUNKERQUE;SURG;1,0;SAMEDI
DIEP;ENT SOCOPAL DIEPPE;AMIENS;;DRIVE DURY;SURG;2,5;SAMEDI
DIEP;ENT SOCOPAL DIEPPE;LILLE;;DRIVE LEERS;SURG;3,5;SAMEDI
DIEP;ENT SOCOPAL DIEPPE;AVESNOIS;;DRIVE LOUVROIL;SURG;2,0;SAMEDI
DIEP;ENT SOCOPAL DIEPPE;OISE;;DRIVE NOGENT SUR OISE;SURG;1,3;SAMEDI
DIEP;ENT SOCOPAL DIEPPE;LENS;;DRIVE NOYELLES;SURG;1,0;SAMEDI
DIEP;ENT SOCOPAL DIEPPE;AISNE;;DRIVE NOYON;SURG;1,3;SAMEDI
DIEP;ENT SOCOPAL DIEPPE;AVESNOIS;;DRIVE PETITE FORET;SURG;1,3;SAMEDI
DIEP;ENT SOCOPAL DIEPPE;COTE OPALE;;DRIVE ST OMER;SURG;2,5;SAMEDI
DIEP;ENT SOCOPAL DIEPPE;AISNE;;DRIVE ST QUENTIN;SURG;1,0;SAMEDI
DIEP;ENT SOCOPAL DIEPPE;AVESNOIS;;DRIVE VALENCIENNES;SURG;1,5;SAMEDI
DIEP;ENT SOCOPAL DIEPPE;COTE OPALE;;DUNKERQUE;SURG;4,3;SAMEDI
DIEP;ENT SOCOPAL DIEPPE;AMIENS;;DURY;SURG;6,8;SAMEDI
DIEP;ENT SOCOPAL DIEPPE;ROUEN;;FRANQUEVILLE CHRONODRIVE 4475;SURG;1,8;SAMEDI
DIEP;ENT SOCOPAL DIEPPE;IDF;;HERBLAY CHRONODRIVE 444;SURG;2,8;SAMEDI
DIEP;ENT SOCOPAL DIEPPE;AVESNOIS;;HIRSON;SURG;3,5;SAMEDI
DIEP;ENT SOCOPAL DIEPPE;IDF;;HOUILLES SUPER 1073;SURG;5,0;SAMEDI
DIEP;ENT SOCOPAL DIEPPE;IDF;;LA QUEUE LES YVELINES SUPER 1096;SURG;6,3;SAMEDI
DIEP;ENT SOCOPAL DIEPPE;IDF;;LE CHESNAY PARLY 2 SUPER 1144;SURG;3,0;SAMEDI
DIEP;ENT SOCOPAL DIEPPE;COTE NORMANDE;;LE HAVRE;SURG;11,0;SAMEDI
DIEP;ENT SOCOPAL DIEPPE;LILLE;;LEERS;SURG;6,0;SAMEDI
DIEP;ENT SOCOPAL DIEPPE;AVESNOIS;;LOUVROIL;SURG;6,5;SAMEDI
DIEP;ENT SOCOPAL DIEPPE;IDF;;MAUREPAS SUPER 4492;SURG;2,0;SAMEDI
DIEP;ENT SOCOPAL DIEPPE;COTE NORMANDE;;MERS LES BAINS;SURG;4,3;SAMEDI
DIEP;ENT SOCOPAL DIEPPE;OISE;;MERU;SURG;7,0;SAMEDI
DIEP;ENT SOCOPAL DIEPPE;COTE NORMANDE;;MONTIVILLIERS;SURG;5,0;SAMEDI
DIEP;ENT SOCOPAL DIEPPE;OISE;;NOGENT SUR OISE;SURG;4,5;SAMEDI
DIEP;ENT SOCOPAL DIEPPE;LENS;;NOYELLES GODAULT;SURG;3,3;SAMEDI
DIEP;ENT SOCOPAL DIEPPE;AISNE;;NOYON;SURG;6,3;SAMEDI
DIEP;ENT SOCOPAL DIEPPE;AVESNOIS;;PETITE FORET;SURG;6,0;SAMEDI
DIEP;ENT SOCOPAL DIEPPE;IDF;;SOISY;SURG;4,5;SAMEDI
DIEP;ENT SOCOPAL DIEPPE;COTE OPALE;;ST OMER;SURG;7,0;SAMEDI
DIEP;ENT SOCOPAL DIEPPE;AISNE;;ST QUENTIN;SURG;5,0;SAMEDI
DIEP;ENT SOCOPAL DIEPPE;IDF;;TRAPPES SUPER 1383;SURG;3,8;SAMEDI
DIEP;ENT SOCOPAL DIEPPE;AISNE;;VIRY NOUREUIL;SURG;5,0;SAMEDI
LSQ;ENT V DHL;LENS;;CHRONO ELEU DIT LEAUWETTE 4462;NAL;2,1;SAMEDI
LSQ;ENT V GEODIS;ROUEN;;4313 CANTELEU SUPER;NAL;0,2;SAMEDI
LSQ;ENT V GEODIS;COTE OPALE;;4977 RUE SUPER;NAL;0,6;SAMEDI
LSQ;ENT V GEODIS;LENS;;CHRONO ELEU DIT LEAUWETTE 4462;NAL;0,1;SAMEDI
